dataset,model,probability_calibration,method,n_seeds,marginal_coverage_mean,marginal_coverage_ci_lo,marginal_coverage_ci_hi,coverage_class_0_mean,coverage_class_0_ci_lo,coverage_class_0_ci_hi,coverage_class_1_mean,coverage_class_1_ci_lo,coverage_class_1_ci_hi,average_set_size_mean,average_set_size_ci_lo,average_set_size_ci_hi,abstention_rate_mean,abstention_rate_ci_lo,abstention_rate_ci_hi,mean_cost_mean,mean_cost_ci_lo,mean_cost_ci_hi,break_even_defer_cost,case_note
credit_g,ada,isotonic,aps_cp,10,0.9065,0.8908984601899541,0.9221015398100458,0.9592857142857143,0.9425832194620859,0.9759882091093427,0.7833333333333333,0.7545240412795189,0.8121426253871478,1.542,1.481127702341523,1.602872297658477,0.5640000000000001,0.5113711713981777,0.6166288286018224,0.6539999999999999,0.5619425744439916,0.7460574255560082,0.7622890682318415,German credit; class 1 follows configured positive mapping.
credit_g,ada,isotonic,capacity_limited_mondrian,10,0.772,0.75828,0.7857200000000001,0.9057142857142857,0.8733961449536816,0.9380324264748898,0.4600000000000001,0.3811476015536577,0.5388523984463425,1.1,1.1,1.1,0.1,0.1,0.1,1.686,1.4677348364946892,1.9042651635053107,0.7622890682318415,German credit; class 1 follows configured positive mapping.
credit_g,ada,isotonic,class_conditional_rejector,10,0.9720000000000001,0.9585947207745937,0.9854052792254064,0.9949999999999999,0.9894586403593821,1.0005413596406176,0.9183333333333333,0.8733186087190611,0.9633480579476056,1.7550000000000001,1.6569673387759638,1.8530326612240364,0.755,0.6569673387759637,0.8530326612240363,0.2485,0.11405731811990988,0.3829426818800901,0.7622890682318415,German credit; class 1 follows configured positive mapping.
credit_g,ada,isotonic,class_weighted_threshold,10,0.4154999999999999,0.3325440306882955,0.4984559693117043,0.18857142857142856,0.05259273743033674,0.32455011971252035,0.945,0.8998275130168051,0.9901724869831948,1.0,1.0,1.0,0.0,0.0,0.0,0.733,0.671326579108627,0.7946734208913729,0.7622890682318415,German credit; class 1 follows configured positive mapping.
credit_g,ada,isotonic,confidence_rejector,10,0.9894999999999999,0.982733977042112,0.9962660229578879,0.9971428571428571,0.9928657864942316,1.0014199277914826,0.9716666666666667,0.9527751505095117,0.9905581828238217,1.8595,1.7960316005138515,1.9229683994861484,0.8594999999999999,0.7960316005138515,0.9229683994861484,0.08700000000000001,0.029834266674285854,0.14416573332571417,0.7622890682318415,German credit; class 1 follows configured positive mapping.
credit_g,ada,isotonic,cost_controlled_mondrian,10,0.9909999999999999,0.9841789997475117,0.9978210002524881,0.9964285714285716,0.9921261173485015,1.0007310255086417,0.9783333333333333,0.9582257093262588,0.9984409573404077,1.8984999999999999,1.82772481885105,1.9692751811489497,0.8985,0.8277248188510501,0.9692751811489498,0.0675,0.0070137168901539815,0.12798628310984603,0.7622890682318415,German credit; class 1 follows configured positive mapping.
credit_g,ada,isotonic,cost_tuned_threshold,10,0.4095,0.3332186118520528,0.48578138814794714,0.17928571428571427,0.05296722791099556,0.305604200660433,0.9466666666666667,0.9023554441102483,0.990977889223085,1.0,1.0,1.0,0.0,0.0,0.0,0.7344999999999999,0.6734657622495555,0.7955342377504444,0.7622890682318415,German credit; class 1 follows configured positive mapping.
credit_g,ada,isotonic,marginal_cp,10,0.9305000000000001,0.903983599205188,0.9570164007948122,0.9807142857142856,0.9668628517732736,0.9945657196552977,0.8133333333333332,0.7326085425200283,0.8940581241466382,1.5645000000000002,1.468808967330615,1.6601910326693854,0.5645,0.46880896733061483,0.6601910326693852,0.5735,0.33066535109027156,0.8163346489097285,0.7622890682318415,German credit; class 1 follows configured positive mapping.
credit_g,ada,isotonic,mondrian_cp,10,0.9335000000000001,0.9088783464766841,0.9581216535233161,0.9285714285714286,0.8897510444643358,0.9673918126785214,0.9450000000000001,0.9063329438078369,0.9836670561921632,1.6815000000000002,1.6060117224700126,1.7569882775299879,0.6815,0.6060117224700123,0.7569882775299877,0.215,0.10763643903901927,0.32236356096098073,0.7622890682318415,German credit; class 1 follows configured positive mapping.
credit_g,ada,isotonic,random_oversampling_threshold,10,0.41150000000000003,0.33835219195203303,0.48464780804796703,0.17785714285714285,0.05933024014443941,0.2963840455698463,0.9566666666666664,0.9182611372293833,0.9950721961039496,1.0,1.0,1.0,0.0,0.0,0.0,0.7055,0.646348071694811,0.764651928305189,0.7622890682318415,German credit; class 1 follows configured positive mapping.
credit_g,ada,isotonic,raps_cp,10,0.9165000000000001,0.9025600956483435,0.9304399043516567,0.9728571428571428,0.9631128567821595,0.982601428932126,0.7849999999999999,0.7511042338490046,0.8188957661509952,1.5445,1.4849704334898288,1.6040295665101711,0.5445,0.4849704334898288,0.6040295665101711,0.6639999999999999,0.5599291062144014,0.7680708937855985,0.7622890682318415,German credit; class 1 follows configured positive mapping.
credit_g,ada,isotonic,risk_controlled_rejector,10,0.93,0.9027081778630383,0.9572918221369618,0.9800000000000001,0.966031145756044,0.9939688542439562,0.8133333333333332,0.7326085425200283,0.8940581241466382,1.5630000000000002,1.4653796687842813,1.660620331215719,0.563,0.46537966878428105,0.6606203312157188,0.5740000000000001,0.3303373209628616,0.8176626790371385,0.7622890682318415,German credit; class 1 follows configured positive mapping.
credit_g,ada,none,aps_cp,10,0.9200000000000002,0.9056118258435772,0.9343881741564231,0.9607142857142857,0.947473775485782,0.9739547959427894,0.825,0.7982168746695025,0.8517831253304974,1.6675,1.6317080052401534,1.7032919947598466,0.6675,0.6317080052401534,0.7032919947598466,0.5525,0.4681940479233194,0.6368059520766806,0.6469483568075118,German credit; class 1 follows configured positive mapping.
credit_g,ada,none,capacity_limited_mondrian,10,0.782,0.7673764208667417,0.7966235791332583,0.8778571428571429,0.8649160798748716,0.8907982058394142,0.5583333333333333,0.5115617845266306,0.6051048821400361,1.1,1.1,1.1,0.1,0.1,0.1,1.4105,1.2722273596597409,1.5487726403402593,0.6469483568075118,German credit; class 1 follows configured positive mapping.
credit_g,ada,none,class_conditional_rejector,10,0.959,0.9349151167742087,0.9830848832257912,0.9992857142857143,0.9978857142857144,1.0006857142857144,0.865,0.7859598664218652,0.9440401335781348,1.702,1.5807525278155823,1.8232474721844176,0.702,0.5807525278155824,0.8232474721844175,0.40549999999999997,0.1680223202067192,0.6429776797932807,0.6469483568075118,German credit; class 1 follows configured positive mapping.
credit_g,ada,none,class_weighted_threshold,10,0.433,0.3763781965827454,0.4896218034172546,0.2157142857142857,0.12222242035216509,0.3092061510764063,0.9400000000000001,0.905497511272445,0.9745024887275551,1.0,1.0,1.0,0.0,0.0,0.0,0.729,0.6728209307462092,0.7851790692537908,0.6469483568075118,German credit; class 1 follows configured positive mapping.
credit_g,ada,none,confidence_rejector,10,0.992,0.9851167062148029,0.9988832937851971,1.0,1.0,1.0,0.9733333333333333,0.9503890207160095,0.996277645950657,1.9005000000000003,1.8342510657528075,1.966748934247193,0.9004999999999999,0.8342510657528069,0.9667489342471928,0.08,0.011167062148028789,0.14883293785197121,0.6469483568075118,German credit; class 1 follows configured positive mapping.
credit_g,ada,none,cost_controlled_mondrian,10,0.9879999999999999,0.9798398692820927,0.9961601307179071,0.9942857142857143,0.9888434925171921,0.9997279360542366,0.9733333333333333,0.9503890207160095,0.996277645950657,1.8765,1.8069721635282354,1.9460278364717647,0.8765000000000001,0.8069721635282354,0.9460278364717647,0.08399999999999999,0.014722016965464893,0.1532779830345351,0.6469483568075118,German credit; class 1 follows configured positive mapping.
credit_g,ada,none,cost_tuned_threshold,10,0.43050000000000005,0.37470881431623815,0.48629118568376195,0.21071428571428572,0.11916551304213147,0.30226305838643996,0.9433333333333334,0.912076342016624,0.9745903246500427,1.0,1.0,1.0,0.0,0.0,0.0,0.7224999999999999,0.6769010307134031,0.7680989692865967,0.6469483568075118,German credit; class 1 follows configured positive mapping.
credit_g,ada,none,marginal_cp,10,0.9135,0.8941713787351503,0.9328286212648497,0.9807142857142856,0.9711390862675668,0.9902894851610045,0.7566666666666666,0.7106748047993243,0.8026585285340089,1.442,1.3767124160178812,1.5072875839821187,0.442,0.3767124160178812,0.5072875839821188,0.7435,0.6004434950797414,0.8865565049202587,0.6469483568075118,German credit; class 1 follows configured positive mapping.
credit_g,ada,none,mondrian_cp,10,0.8875,0.8722302987004401,0.9027697012995598,0.8814285714285715,0.8663501099685949,0.896507032888548,0.9016666666666666,0.859932238802662,0.9434010945306712,1.5325,1.457761836314296,1.607238163685704,0.5325,0.4577618363142958,0.6072381636857042,0.378,0.25375324479980266,0.5022467552001973,0.6469483568075118,German credit; class 1 follows configured positive mapping.
credit_g,ada,none,random_oversampling_threshold,10,0.446,0.3805067956027328,0.5114932043972672,0.2357142857142857,0.12803657730215018,0.34339199412642124,0.9366666666666668,0.8999661032101653,0.9733672301231682,1.0,1.0,1.0,0.0,0.0,0.0,0.725,0.6733081609707855,0.7766918390292145,0.6469483568075118,German credit; class 1 follows configured positive mapping.
credit_g,ada,none,raps_cp,10,0.9200000000000002,0.9056118258435772,0.9343881741564231,0.9607142857142857,0.947473775485782,0.9739547959427894,0.825,0.7982168746695025,0.8517831253304974,1.6675,1.6317080052401534,1.7032919947598466,0.6675,0.6317080052401534,0.7032919947598466,0.5525,0.4681940479233194,0.6368059520766806,0.6469483568075118,German credit; class 1 follows configured positive mapping.
credit_g,ada,none,risk_controlled_rejector,10,0.9084999999999999,0.8880448229861809,0.9289551770138188,0.9785714285714286,0.967528079642976,0.9896147774998812,0.7449999999999999,0.6955663632286228,0.794433636771377,1.425,1.3554269017507485,1.4945730982492516,0.425,0.35542690175074854,0.49457309824925144,0.78,0.6268981950901079,0.9331018049098921,0.6469483568075118,German credit; class 1 follows configured positive mapping.
credit_g,ada,sigmoid,aps_cp,10,0.9125,0.8972302987004402,0.9277697012995597,1.0,1.0,1.0,0.7083333333333334,0.6574343290014675,0.7592323376651993,1.674,1.6287404541683317,1.7192595458316682,0.6739999999999999,0.6287404541683316,0.7192595458316683,0.875,0.7223029870044022,1.0276970129955978,0.5985334555453712,German credit; class 1 follows configured positive mapping.
credit_g,ada,sigmoid,capacity_limited_mondrian,10,0.7815000000000001,0.7652945674403785,0.7977054325596217,0.8942857142857144,0.8670106544528031,0.9215607741186256,0.5183333333333333,0.45684243668699737,0.5798242299796692,1.1,1.1,1.1,0.1,0.1,0.1,1.519,1.3458740630510713,1.6921259369489285,0.5985334555453712,German credit; class 1 follows configured positive mapping.
credit_g,ada,sigmoid,class_conditional_rejector,10,0.9730000000000001,0.9580160026101919,0.9879839973898082,1.0,1.0,1.0,0.9099999999999999,0.8600533420339728,0.9599466579660271,1.7485,1.6530479105635827,1.8439520894364172,0.7485,0.6530479105635829,0.8439520894364172,0.27,0.12016002610191842,0.4198399738980816,0.5985334555453712,German credit; class 1 follows configured positive mapping.
credit_g,ada,sigmoid,class_weighted_threshold,10,0.42800000000000005,0.36872642559941055,0.48727357440058955,0.2,0.10520806410294643,0.2947919358970536,0.9599999999999997,0.931521860235534,0.9884781397644655,1.0,1.0,1.0,0.0,0.0,0.0,0.6799999999999999,0.634430292713007,0.7255697072869929,0.5985334555453712,German credit; class 1 follows configured positive mapping.
credit_g,ada,sigmoid,confidence_rejector,10,0.991,0.9838729747517713,0.9981270252482287,1.0,1.0,1.0,0.97,0.9462432491725711,0.9937567508274289,1.879,1.8142276753200532,1.9437723246799468,0.8790000000000001,0.8142276753200534,0.9437723246799469,0.09000000000000001,0.01872974751771335,0.16127025248228666,0.5985334555453712,German credit; class 1 follows configured positive mapping.
credit_g,ada,sigmoid,cost_controlled_mondrian,10,0.977,0.9634364475318759,0.9905635524681241,0.9821428571428573,0.9710503171071195,0.9932353971785951,0.9649999999999999,0.9368358515261109,0.9931641484738888,1.8229999999999997,1.7436502526784108,1.9023497473215887,0.8230000000000001,0.7436502526784112,0.9023497473215889,0.11750000000000001,0.02962423795177903,0.205375762048221,0.5985334555453712,German credit; class 1 follows configured positive mapping.
credit_g,ada,sigmoid,cost_tuned_threshold,10,0.42300000000000004,0.3714073459147957,0.4745926540852044,0.19214285714285714,0.11060429094392416,0.27368142334179013,0.9616666666666666,0.9368123156304375,0.9865210177028956,1.0,1.0,1.0,0.0,0.0,0.0,0.6805000000000001,0.6325244650310646,0.7284755349689356,0.5985334555453712,German credit; class 1 follows configured positive mapping.
credit_g,ada,sigmoid,marginal_cp,10,0.9174999999999999,0.8931310169819637,0.941868983018036,1.0,1.0,1.0,0.725,0.6437700566065462,0.8062299433934538,1.4415,1.3712241369079445,1.5117758630920555,0.4415,0.3712241369079445,0.5117758630920555,0.825,0.5813101698196386,1.0686898301803613,0.5985334555453712,German credit; class 1 follows configured positive mapping.
credit_g,ada,sigmoid,mondrian_cp,10,0.898,0.8776940468499178,0.9183059531500822,0.8942857142857144,0.8670106544528031,0.9215607741186256,0.9066666666666666,0.8728584639948115,0.9404748693385218,1.5455,1.475782108465617,1.615217891534383,0.5455,0.4757821084656169,0.615217891534383,0.354,0.2534970302262996,0.45450296977370036,0.5985334555453712,German credit; class 1 follows configured positive mapping.
credit_g,ada,sigmoid,random_oversampling_threshold,10,0.46900000000000003,0.40552571614337735,0.5324742838566228,0.2671428571428572,0.16199880780524079,0.3722869064804736,0.9399999999999998,0.899490991704481,0.9805090082955187,1.0,1.0,1.0,0.0,0.0,0.0,0.693,0.6235159190093795,0.7624840809906204,0.5985334555453712,German credit; class 1 follows configured positive mapping.
credit_g,ada,sigmoid,raps_cp,10,0.9125,0.8972302987004402,0.9277697012995597,1.0,1.0,1.0,0.7083333333333334,0.6574343290014675,0.7592323376651993,1.674,1.6287404541683317,1.7192595458316682,0.6739999999999999,0.6287404541683316,0.7192595458316683,0.875,0.7223029870044022,1.0276970129955978,0.5985334555453712,German credit; class 1 follows configured positive mapping.
credit_g,ada,sigmoid,risk_controlled_rejector,10,0.9199999999999999,0.8938666666666666,0.9461333333333333,1.0,1.0,1.0,0.7333333333333333,0.6462222222222221,0.8204444444444444,1.4495,1.3776563521713066,1.5213436478286935,0.4495000000000001,0.37765635217130666,0.5213436478286936,0.8,0.5386666666666667,1.0613333333333332,0.5985334555453712,German credit; class 1 follows configured positive mapping.
credit_g,et,isotonic,aps_cp,10,0.899,0.8830100086859867,0.9149899913140134,0.937142857142857,0.9236498136677095,0.9506359006180046,0.8099999999999999,0.7744815193295687,0.8455184806704312,1.5230000000000001,1.475589422652277,1.5704105773477233,0.5589999999999999,0.5121874015058149,0.605812598494185,0.5690000000000001,0.4563989903341104,0.6816010096658898,0.6999232540291636,German credit; class 1 follows configured positive mapping.
credit_g,et,isotonic,capacity_limited_mondrian,10,0.7845000000000001,0.7701526750460815,0.7988473249539186,0.8921428571428571,0.8589176324550457,0.9253680818306685,0.5333333333333334,0.4713526911940332,0.5953139754726336,1.1,1.1,1.1,0.1,0.1,0.1,1.4755,1.3072527125528222,1.643747287447178,0.6999232540291636,German credit; class 1 follows configured positive mapping.
credit_g,et,isotonic,class_conditional_rejector,10,0.9734999999999999,0.9619922422301783,0.9850077577698215,0.9871428571428572,0.9736498136677096,1.0006359006180048,0.9416666666666667,0.9103907144799597,0.9729426188533736,1.7274999999999998,1.670990443286113,1.7840095567138867,0.7275,0.6709904432861131,0.784009556713887,0.184,0.09210500291697654,0.27589499708302345,0.6999232540291636,German credit; class 1 follows configured positive mapping.
credit_g,et,isotonic,class_weighted_threshold,10,0.44700000000000006,0.3826010821346957,0.5113989178653044,0.22928571428571426,0.12314700001676024,0.33542442855466825,0.9549999999999998,0.9163329438078367,0.993667056192163,1.0,1.0,1.0,0.0,0.0,0.0,0.6745,0.6120314589395413,0.7369685410604587,0.6999232540291636,German credit; class 1 follows configured positive mapping.
credit_g,et,isotonic,confidence_rejector,10,0.9780000000000001,0.9679633028894518,0.9880366971105484,0.9871428571428572,0.972267971522382,1.0020177427633326,0.9566666666666667,0.9376812401570228,0.9756520931763105,1.7625,1.711467807545955,1.8135321924540448,0.7625,0.7114678075459552,0.8135321924540447,0.139,0.08467502886435294,0.1933249711356471,0.6999232540291636,German credit; class 1 follows configured positive mapping.
credit_g,et,isotonic,cost_controlled_mondrian,10,0.9955,0.9905566363228624,1.0004433636771377,0.9992857142857143,0.9978857142857144,1.0006857142857144,0.9866666666666666,0.9699388381490861,1.003394495184247,1.9235,1.8534979933620948,1.9935020066379052,0.9235,0.8534979933620948,0.9935020066379052,0.0405,-0.009522683299123848,0.09052268329912386,0.6999232540291636,German credit; class 1 follows configured positive mapping.
credit_g,et,isotonic,cost_tuned_threshold,10,0.437,0.3803781965827454,0.4936218034172546,0.20857142857142857,0.12167112809886275,0.2954717290439944,0.97,0.9519100191429783,0.9880899808570216,1.0,1.0,1.0,0.0,0.0,0.0,0.644,0.6064745443435763,0.6815254556564238,0.6999232540291636,German credit; class 1 follows configured positive mapping.
credit_g,et,isotonic,marginal_cp,10,0.95,0.9311776492199064,0.9688223507800935,0.9814285714285715,0.965507097459955,0.9973500453971881,0.8766666666666666,0.8192129429373001,0.9341203903960331,1.6075000000000004,1.5248688288571173,1.6901311711428835,0.6074999999999999,0.5248688288571168,0.690131171142883,0.383,0.21222986417734252,0.5537701358226574,0.6999232540291636,German credit; class 1 follows configured positive mapping.
credit_g,et,isotonic,mondrian_cp,10,0.9425000000000001,0.9257633137489328,0.9592366862510674,0.9385714285714286,0.9154067044322457,0.9617361527106115,0.9516666666666665,0.9338075610249781,0.969525772308355,1.6515,1.5929172717907023,1.7100827282092976,0.6515000000000001,0.5929172717907024,0.7100827282092977,0.188,0.13306169763574172,0.24293830236425829,0.6999232540291636,German credit; class 1 follows configured positive mapping.
credit_g,et,isotonic,random_oversampling_threshold,10,0.4145,0.3432679382425145,0.48573206175748546,0.17642857142857143,0.06419451044686927,0.28866263241027357,0.97,0.9421108366547369,0.997889163345263,1.0,1.0,1.0,0.0,0.0,0.0,0.6665,0.6279021526219114,0.7050978473780886,0.6999232540291636,German credit; class 1 follows configured positive mapping.
credit_g,et,isotonic,raps_cp,10,0.914,0.8976797385641856,0.9303202614358145,0.957857142857143,0.9456076984252967,0.9701065872889892,0.8116666666666668,0.7726941787448671,0.8506391545884664,1.527,1.4726475354744606,1.5813524645255392,0.527,0.4726475354744608,0.5813524645255392,0.5944999999999999,0.4748985044686591,0.7141014955313407,0.6999232540291636,German credit; class 1 follows configured positive mapping.
credit_g,et,isotonic,risk_controlled_rejector,10,0.9445,0.9244985011672736,0.9645014988327264,0.9814285714285715,0.965507097459955,0.9973500453971881,0.8583333333333332,0.7913423260134816,0.9253243406531847,1.5915000000000001,1.4991387909708123,1.683861209029188,0.5915,0.49913879097081215,0.6838612090291879,0.438,0.23992467605591164,0.6360753239440884,0.6999232540291636,German credit; class 1 follows configured positive mapping.
credit_g,et,none,aps_cp,10,0.909,0.8882470232389558,0.9297529767610443,0.9721428571428572,0.9600725077969048,0.9842132064888096,0.7616666666666667,0.7167574248560995,0.8065759084772339,1.5070000000000001,1.4280141886159294,1.5859858113840708,0.522,0.45147933194997214,0.5925206680500279,0.7224999999999999,0.5873274806034894,0.8576725193965105,0.6162790697674418,German credit; class 1 follows configured positive mapping.
credit_g,et,none,capacity_limited_mondrian,10,0.794,0.7794056388362568,0.8085943611637433,0.9049999999999999,0.8879108221379728,0.922089177862027,0.5349999999999999,0.506835851526111,0.5631641484738888,1.1,1.1,1.1,0.1,0.1,0.1,1.4615,1.3762525168830317,1.5467474831169683,0.6162790697674418,German credit; class 1 follows configured positive mapping.
credit_g,et,none,class_conditional_rejector,10,0.9535,0.9343377210819451,0.9726622789180549,0.9914285714285714,0.9833997345126649,0.9994574083444779,0.8649999999999999,0.8108941640718721,0.9191058359281277,1.598,1.5112492397727837,1.6847507602272165,0.598,0.5112492397727835,0.6847507602272165,0.41100000000000003,0.24637944559280175,0.5756205544071983,0.6162790697674418,German credit; class 1 follows configured positive mapping.
credit_g,et,none,class_weighted_threshold,10,0.5094999999999998,0.44519643210175297,0.5738035678982467,0.32928571428571424,0.22388824436035662,0.4346831842110719,0.9299999999999999,0.8952919335522243,0.9647080664477756,1.0,1.0,1.0,0.0,0.0,0.0,0.6795,0.6334770834861104,0.7255229165138896,0.6162790697674418,German credit; class 1 follows configured positive mapping.
credit_g,et,none,confidence_rejector,10,0.9914999999999999,0.9847973603872967,0.9982026396127032,1.0,1.0,1.0,0.9716666666666667,0.9493245346243228,0.9940087987090106,1.8549999999999998,1.7921134849289786,1.917886515071021,0.8550000000000001,0.7921134849289789,0.9178865150710213,0.08499999999999999,0.017973603872968244,0.15202639612703173,0.6162790697674418,German credit; class 1 follows configured positive mapping.
credit_g,et,none,cost_controlled_mondrian,10,0.9855,0.9773072416800636,0.9936927583199365,0.9921428571428571,0.9853963354052834,0.9988893788804308,0.97,0.9472633324917059,0.992736667508294,1.8105,1.7466794985917535,1.8743205014082465,0.8104999999999999,0.7466794985917533,0.8743205014082465,0.0955,0.027251679222937017,0.16374832077706297,0.6162790697674418,German credit; class 1 follows configured positive mapping.
credit_g,et,none,cost_tuned_threshold,10,0.4664999999999999,0.4127030480004261,0.5202969519995737,0.2578571428571429,0.17184729845934543,0.34386698725494036,0.9533333333333334,0.9290826263307849,0.9775840403358819,1.0,1.0,1.0,0.0,0.0,0.0,0.6595000000000001,0.6266233084930305,0.6923766915069697,0.6162790697674418,German credit; class 1 follows configured positive mapping.
credit_g,et,none,marginal_cp,10,0.9125,0.8998271857023697,0.9251728142976302,0.9964285714285716,0.9932980762600718,0.9995590665970713,0.7166666666666667,0.6780149454170825,0.7553183879162508,1.416,1.363615050507485,1.4683849494925147,0.41600000000000004,0.36361505050748516,0.4683849494925149,0.8525,0.7356076383067645,0.9693923616932356,0.6162790697674418,German credit; class 1 follows configured positive mapping.
credit_g,et,none,mondrian_cp,10,0.906,0.8891647776637459,0.9228352223362541,0.9049999999999999,0.8879108221379728,0.922089177862027,0.9083333333333332,0.881111111111111,0.9355555555555555,1.516,1.4577140245570743,1.5742859754429257,0.516,0.45771402455707433,0.5742859754429257,0.34149999999999997,0.2546158776811832,0.42838412231881673,0.6162790697674418,German credit; class 1 follows configured positive mapping.
credit_g,et,none,random_oversampling_threshold,10,0.4655,0.4057378533034683,0.5252621466965317,0.2571428571428572,0.16093705921177842,0.3533486550739359,0.9516666666666665,0.9210807100731457,0.9822526232601874,1.0,1.0,1.0,0.0,0.0,0.0,0.665,0.6152436157083558,0.7147563842916442,0.6162790697674418,German credit; class 1 follows configured positive mapping.
credit_g,et,none,raps_cp,10,0.9155000000000001,0.8980027379919664,0.9329972620080338,0.9814285714285713,0.9735641649736068,0.9892929778835359,0.7616666666666667,0.7167574248560995,0.8065759084772339,1.5134999999999998,1.4381673802393675,1.5888326197606322,0.5145,0.4403898510473917,0.5886101489526082,0.7275,0.5898244353158082,0.8651755646841919,0.6162790697674418,German credit; class 1 follows configured positive mapping.
credit_g,et,none,risk_controlled_rejector,10,0.9025000000000001,0.886748703757045,0.9182512962429552,0.9949999999999999,0.9903100580434768,0.9996899419565229,0.6866666666666666,0.6410371548823071,0.7322961784510262,1.3835,1.32605773101046,1.44094226898954,0.3835,0.32605773101046004,0.44094226898954,0.9435,0.8047604709056091,1.082239529094391,0.6162790697674418,German credit; class 1 follows configured positive mapping.
credit_g,et,sigmoid,aps_cp,10,0.9145,0.8986676154670246,0.9303323845329754,0.9985714285714286,0.9967047619047619,1.0004380952380951,0.7183333333333334,0.6669243991047529,0.7697422675619139,1.6220000000000003,1.5513432761711798,1.6926567238288208,0.623,0.5540400554266787,0.6919599445733213,0.8454999999999998,0.6915401597818442,0.9994598402181554,0.6514563106796116,German credit; class 1 follows configured positive mapping.
credit_g,et,sigmoid,capacity_limited_mondrian,10,0.7915,0.7765981268888028,0.8064018731111972,0.9078571428571429,0.8907170663630831,0.9249972193512027,0.52,0.48563524630822597,0.5543647536917741,1.1,1.1,1.1,0.1,0.1,0.1,1.5045,1.4020760642124008,1.606923935787599,0.6514563106796116,German credit; class 1 follows configured positive mapping.
credit_g,et,sigmoid,class_conditional_rejector,10,0.9649999999999999,0.9542646378728986,0.9757353621271011,1.0,1.0,1.0,0.8833333333333332,0.8475487929096623,0.919117873757004,1.6324999999999998,1.587846924953469,1.6771530750465307,0.6325,0.5878469249534691,0.6771530750465308,0.35,0.24264637872898742,0.45735362127101253,0.6514563106796116,German credit; class 1 follows configured positive mapping.
credit_g,et,sigmoid,class_weighted_threshold,10,0.484,0.42315224974486637,0.5448477502551335,0.2885714285714286,0.18274607979125945,0.3943967773515977,0.9399999999999998,0.8934953925022635,0.9865046074977362,1.0,1.0,1.0,0.0,0.0,0.0,0.678,0.6062046414375476,0.7497953585624525,0.6514563106796116,German credit; class 1 follows configured positive mapping.
credit_g,et,sigmoid,confidence_rejector,10,0.9914999999999999,0.9837627567355463,0.9992372432644536,1.0,1.0,1.0,0.9716666666666665,0.9458758557851543,0.9974574775481786,1.8509999999999998,1.7891952191708977,1.9128047808291018,0.851,0.789195219170898,0.912804780829102,0.085,0.007627567355463535,0.1623724326445365,0.6514563106796116,German credit; class 1 follows configured positive mapping.
credit_g,et,sigmoid,cost_controlled_mondrian,10,0.9834999999999999,0.97460770370864,0.9923922962913598,0.9914285714285714,0.9848952380952382,0.9979619047619047,0.9649999999999999,0.937260034624889,0.9927399653751107,1.7965,1.732335980660671,1.860664019339329,0.7965000000000001,0.7323359806606712,0.860664019339329,0.11099999999999999,0.028322996345215,0.19367700365478496,0.6514563106796116,German credit; class 1 follows configured positive mapping.
credit_g,et,sigmoid,cost_tuned_threshold,10,0.47450000000000003,0.4200837650859395,0.5289162349140606,0.27142857142857146,0.18038670071941798,0.36247044213772495,0.9483333333333333,0.9130661065646941,0.9836005601019724,1.0,1.0,1.0,0.0,0.0,0.0,0.665,0.6090264506912219,0.7209735493087782,0.6514563106796116,German credit; class 1 follows configured positive mapping.
credit_g,et,sigmoid,marginal_cp,10,0.914,0.8949634316818043,0.9330365683181958,1.0,1.0,1.0,0.7133333333333334,0.6498781056060143,0.7767885610606524,1.4369999999999998,1.384810974333678,1.4891890256663216,0.437,0.38481097433367817,0.48918902566632183,0.86,0.6696343168180428,1.0503656831819572,0.6514563106796116,German credit; class 1 follows configured positive mapping.
credit_g,et,sigmoid,mondrian_cp,10,0.909,0.8922282830667553,0.9257717169332448,0.9078571428571429,0.8907170663630831,0.9249972193512027,0.9116666666666667,0.8872940347779029,0.9360392985554306,1.5150000000000001,1.4564181825705849,1.5735818174294154,0.515,0.4564181825705848,0.5735818174294152,0.3295,0.24994543200488806,0.409054567995112,0.6514563106796116,German credit; class 1 follows configured positive mapping.
credit_g,et,sigmoid,random_oversampling_threshold,10,0.46299999999999997,0.4170757319056688,0.5089242680943311,0.2535714285714286,0.18034043938121094,0.3268024177616463,0.9516666666666665,0.9307497941577192,0.9725835391756139,1.0,1.0,1.0,0.0,0.0,0.0,0.6674999999999999,0.6361246912365789,0.6988753087634209,0.6514563106796116,German credit; class 1 follows configured positive mapping.
credit_g,et,sigmoid,raps_cp,10,0.915,0.899817905282867,0.9301820947171331,0.9992857142857143,0.9978857142857144,1.0006857142857144,0.7183333333333334,0.6669243991047529,0.7697422675619139,1.6225,1.552693389361115,1.692306610638885,0.6224999999999999,0.552693389361115,0.6923066106388849,0.8454999999999998,0.6915401597818442,0.9994598402181554,0.6514563106796116,German credit; class 1 follows configured positive mapping.
credit_g,et,sigmoid,risk_controlled_rejector,10,0.9075000000000001,0.8888342083538422,0.926165791646158,1.0,1.0,1.0,0.6916666666666667,0.6294473611794736,0.7538859721538597,1.409,1.356067902617284,1.4619320973827161,0.409,0.35606790261728394,0.461932097382716,0.9250000000000002,0.7383420835384212,1.111657916461579,0.6514563106796116,German credit; class 1 follows configured positive mapping.
credit_g,gb,isotonic,aps_cp,10,0.9229999999999998,0.9024849172016726,0.9435150827983271,0.9649999999999999,0.9557958946357857,0.974204105364214,0.825,0.7692110458297755,0.8807889541702244,1.6270000000000002,1.557423834221449,1.6965761657785514,0.638,0.5724514212375449,0.7035485787624551,0.526,0.3696238784923422,0.6823761215076578,0.6907433380084151,German credit; class 1 follows configured positive mapping.
credit_g,gb,isotonic,capacity_limited_mondrian,10,0.785,0.7679631510477372,0.8020368489522629,0.9007142857142856,0.8694476190476189,0.9319809523809522,0.5149999999999999,0.4517975270057207,0.5782024729942791,1.1,1.1,1.1,0.1,0.1,0.1,1.5245,1.3485818865999801,1.7004181134000198,0.6907433380084151,German credit; class 1 follows configured positive mapping.
credit_g,gb,isotonic,class_conditional_rejector,10,0.9764999999999999,0.9682294605845675,0.9847705394154324,0.9835714285714285,0.9742264358539948,0.9929164212888623,0.96,0.9336858109908385,0.9863141890091615,1.8020000000000003,1.7309366717482062,1.8730633282517943,0.8019999999999999,0.730936671748206,0.8730633282517939,0.1315,0.05463886663454526,0.20836113336545475,0.6907433380084151,German credit; class 1 follows configured positive mapping.
credit_g,gb,isotonic,class_weighted_threshold,10,0.41600000000000004,0.3426664254549422,0.4893335745450579,0.18285714285714286,0.06672932056157448,0.2989849651527112,0.96,0.9315218602355342,0.9884781397644657,1.0,1.0,1.0,0.0,0.0,0.0,0.692,0.6624118612353606,0.7215881387646393,0.6907433380084151,German credit; class 1 follows configured positive mapping.
credit_g,gb,isotonic,confidence_rejector,10,0.986,0.9790243088753395,0.9929756911246604,0.9885714285714287,0.9815870014494507,0.9955558556934067,0.9799999999999999,0.9655542564686741,0.9944457435313256,1.8800000000000001,1.816842567077712,1.9431574329222883,0.8799999999999999,0.8168425670777117,0.943157432922288,0.068,0.023708047382547406,0.1122919526174526,0.6907433380084151,German credit; class 1 follows configured positive mapping.
credit_g,gb,isotonic,cost_controlled_mondrian,10,0.9874999999999998,0.9780041646555507,0.9969958353444489,0.9892857142857142,0.9783912712577807,1.0001801573136477,0.9833333333333332,0.9679341189874928,0.9987325476791735,1.8945000000000003,1.8300638096856885,1.958936190314312,0.8945000000000001,0.8300638096856882,0.958936190314312,0.057499999999999996,0.009551163842186024,0.10544883615781397,0.6907433380084151,German credit; class 1 follows configured positive mapping.
credit_g,gb,isotonic,cost_tuned_threshold,10,0.41500000000000004,0.35255623329747,0.4774437667025301,0.17714285714285713,0.07972681922073448,0.27455889506497977,0.97,0.9488856610654756,0.9911143389345244,1.0,1.0,1.0,0.0,0.0,0.0,0.666,0.63856,0.6934400000000001,0.6907433380084151,German credit; class 1 follows configured positive mapping.
credit_g,gb,isotonic,marginal_cp,10,0.9404999999999999,0.9193573217296283,0.9616426782703715,0.9685714285714285,0.9533492225698151,0.9837936345730419,0.875,0.8181583312292648,0.9318416687707352,1.6035,1.4939029682072649,1.713097031792735,0.6035000000000001,0.4939029682072651,0.7130970317927352,0.39699999999999996,0.22489781278425178,0.5691021872157481,0.6907433380084151,German credit; class 1 follows configured positive mapping.
credit_g,gb,isotonic,mondrian_cp,10,0.9390000000000001,0.9196300163483119,0.9583699836516882,0.9307142857142857,0.903659690705099,0.9577688807234724,0.9583333333333333,0.9329129662681551,0.9837537003985114,1.7129999999999999,1.6285555609356726,1.7974444390643272,0.7129999999999999,0.6285555609356726,0.7974444390643272,0.17350000000000002,0.09761694348099396,0.24938305651900605,0.6907433380084151,German credit; class 1 follows configured positive mapping.
credit_g,gb,isotonic,random_oversampling_threshold,10,0.39849999999999997,0.34372023041710054,0.4532797695828994,0.1557142857142857,0.06994912832375663,0.24147944310481476,0.9650000000000001,0.9458590800948645,0.9841409199051356,1.0,1.0,1.0,0.0,0.0,0.0,0.696,0.6728181718676987,0.7191818281323012,0.6907433380084151,German credit; class 1 follows configured positive mapping.
credit_g,gb,isotonic,raps_cp,10,0.9259999999999999,0.906302243782603,0.9456977562173968,0.9671428571428571,0.95666621645989,0.9776194978258241,0.8300000000000001,0.7799111111111112,0.8800888888888889,1.6255000000000002,1.5537752765390096,1.6972247234609907,0.6265,0.5562241369079444,0.6967758630920555,0.5325,0.37899273270912837,0.6860072672908716,0.6907433380084151,German credit; class 1 follows configured positive mapping.
credit_g,gb,isotonic,risk_controlled_rejector,10,0.9275,0.9079955104883232,0.9470044895116768,0.9735714285714284,0.9654750645040763,0.9816677926387806,0.82,0.7682806433542348,0.871719356645765,1.528,1.4372454386821247,1.6187545613178753,0.528,0.4372454386821247,0.6187545613178754,0.5585,0.3998122729663346,0.7171877270336654,0.6907433380084151,German credit; class 1 follows configured positive mapping.
credit_g,gb,none,aps_cp,10,0.9109999999999999,0.893975682751494,0.9280243172485059,0.9607142857142856,0.9502272566889717,0.9712013147395996,0.7950000000000002,0.7575795922846873,0.832420407715313,1.4899999999999998,1.4184607458181948,1.5615392541818047,0.504,0.4380036310763152,0.5699963689236849,0.6355000000000002,0.520603851916418,0.7503961480835823,0.7351054078826764,German credit; class 1 follows configured positive mapping.
credit_g,gb,none,capacity_limited_mondrian,10,0.7925000000000001,0.7794947275649025,0.8055052724350977,0.8928571428571427,0.8782481654041441,0.9074661203101413,0.5583333333333333,0.5093333333333334,0.6073333333333333,1.1,1.1,1.1,0.1,0.1,0.1,1.4,1.2578793501594117,1.5421206498405882,0.7351054078826764,German credit; class 1 follows configured positive mapping.
credit_g,gb,none,class_conditional_rejector,10,0.9640000000000001,0.9508681625217354,0.9771318374782647,0.9914285714285714,0.9842595020638941,0.9985976407932488,0.9,0.8598437619193465,0.9401562380806535,1.6765,1.5867998077544487,1.7662001922455515,0.6765,0.5867998077544485,0.7662001922455515,0.30599999999999994,0.18533833601530447,0.4266616639846954,0.7351054078826764,German credit; class 1 follows configured positive mapping.
credit_g,gb,none,class_weighted_threshold,10,0.457,0.4064943329912375,0.5075056670087625,0.24428571428571427,0.1626844071066419,0.32588702146478665,0.9533333333333334,0.9267501677701799,0.9799164988964868,1.0,1.0,1.0,0.0,0.0,0.0,0.6689999999999999,0.6257910009373047,0.7122089990626952,0.7351054078826764,German credit; class 1 follows configured positive mapping.
credit_g,gb,none,confidence_rejector,10,0.9904999999999999,0.9808702567243173,1.0001297432756826,1.0,1.0,1.0,0.9683333333333334,0.9362341890810578,1.0004324775856088,1.8940000000000001,1.8240475539304657,1.9639524460695346,0.8939999999999999,0.8240475539304656,0.9639524460695342,0.095,-0.001297432756826672,0.19129743275682667,0.7351054078826764,German credit; class 1 follows configured positive mapping.
credit_g,gb,none,cost_controlled_mondrian,10,0.9829999999999999,0.9705866666666666,0.9954133333333332,0.9907142857142859,0.9837767869655373,0.9976517844630345,0.9649999999999999,0.9340288146660858,0.9959711853339139,1.8544999999999998,1.7840209569367522,1.9249790430632474,0.8545000000000001,0.7840209569367526,0.9249790430632477,0.1115,0.016115011430286152,0.20688498856971385,0.7351054078826764,German credit; class 1 follows configured positive mapping.
credit_g,gb,none,cost_tuned_threshold,10,0.48650000000000004,0.43238660424626824,0.5406133957537318,0.2978571428571428,0.2097312480626312,0.3859830376516544,0.9266666666666665,0.8928584639948114,0.9604748693385217,1.0,1.0,1.0,0.0,0.0,0.0,0.7114999999999999,0.6459864319396356,0.7770135680603643,0.7351054078826764,German credit; class 1 follows configured positive mapping.
credit_g,gb,none,marginal_cp,10,0.9235000000000001,0.9091824567594702,0.93781754324053,0.9821428571428571,0.9757955042387806,0.9884902100469336,0.7866666666666666,0.749325556365572,0.8240077769677613,1.4525000000000001,1.3919608134254258,1.5130391865745745,0.4525,0.39196081342542577,0.5130391865745743,0.6525000000000001,0.5377544099128667,0.7672455900871334,0.7351054078826764,German credit; class 1 follows configured positive mapping.
credit_g,gb,none,mondrian_cp,10,0.9055,0.8892682492215617,0.9217317507784383,0.8992857142857142,0.8813995309154266,0.9171718976560019,0.9199999999999999,0.8896670655296879,0.950332934470312,1.5455,1.4758433598921747,1.6151566401078254,0.5455,0.4758433598921746,0.6151566401078253,0.31050000000000005,0.21735187208895004,0.4036481279110501,0.7351054078826764,German credit; class 1 follows configured positive mapping.
credit_g,gb,none,random_oversampling_threshold,10,0.4495,0.4015244650310645,0.49747553496893554,0.23357142857142854,0.15765952056103943,0.30948333658181765,0.9533333333333331,0.9285985325382919,0.9780681341283743,1.0,1.0,1.0,0.0,0.0,0.0,0.6765,0.625913053506309,0.727086946493691,0.7351054078826764,German credit; class 1 follows configured positive mapping.
credit_g,gb,none,raps_cp,10,0.915,0.8982792610476956,0.9317207389523045,0.9685714285714286,0.959916051308966,0.9772268058338913,0.79,0.7489097710692646,0.8310902289307355,1.487,1.4089656303642784,1.5650343696357218,0.48699999999999993,0.40896563036427824,0.5650343696357216,0.652,0.5249506020828469,0.7790493979171531,0.7351054078826764,German credit; class 1 follows configured positive mapping.
credit_g,gb,none,risk_controlled_rejector,10,0.9189999999999999,0.9015424247579071,0.9364575752420927,0.9800000000000001,0.9719711630840936,0.9880288369159066,0.7766666666666666,0.7338801221104427,0.8194532112228905,1.441,1.3740723853704617,1.5079276146295384,0.441,0.3740723853704616,0.5079276146295384,0.6839999999999999,0.5513652876003671,0.8166347123996328,0.7351054078826764,German credit; class 1 follows configured positive mapping.
credit_g,gb,sigmoid,aps_cp,10,0.9164999999999999,0.9007622590919505,0.9322377409080492,0.9842857142857143,0.9757315729884635,0.9928398555829652,0.7583333333333334,0.7175181521828634,0.7991485144838034,1.6170000000000002,1.5281827033862339,1.7058172966137666,0.617,0.5281827033862335,0.7058172966137665,0.736,0.6109092709714709,0.8610907290285291,0.6,German credit; class 1 follows configured positive mapping.
credit_g,gb,sigmoid,capacity_limited_mondrian,10,0.791,0.77924,0.80276,0.9142857142857143,0.8903079468055394,0.9382634817658891,0.5033333333333334,0.4523063687840766,0.5543602978825902,1.1,1.1,1.1,0.1,0.1,0.1,1.55,1.4087983569500695,1.6912016430499306,0.6,German credit; class 1 follows configured positive mapping.
credit_g,gb,sigmoid,class_conditional_rejector,10,0.969,0.9559496768877803,0.9820503231122196,0.9864285714285714,0.9752968350161533,0.9975603078409896,0.9283333333333333,0.8922025626164971,0.9644641040501696,1.749,1.6664133946830495,1.8315866053169507,0.7489999999999999,0.6664133946830493,0.8315866053169505,0.22449999999999998,0.1161918944245938,0.3328081055754062,0.6,German credit; class 1 follows configured positive mapping.
credit_g,gb,sigmoid,class_weighted_threshold,10,0.45500000000000007,0.40829694751827134,0.5017030524817289,0.2435714285714286,0.17177600934274645,0.31536684780011076,0.9483333333333333,0.9304742276916448,0.9661924389750217,1.0,1.0,1.0,0.0,0.0,0.0,0.6845000000000001,0.6437137337929653,0.725286266207035,0.6,German credit; class 1 follows configured positive mapping.
credit_g,gb,sigmoid,confidence_rejector,10,0.9914999999999999,0.9860240688260148,0.9969759311739851,1.0,1.0,1.0,0.9716666666666665,0.9534135627533826,0.9899197705799503,1.8905,1.8200058177341327,1.9609941822658674,0.8905,0.8200058177341325,0.9609941822658674,0.085,0.030240688260148647,0.13975931173985137,0.6,German credit; class 1 follows configured positive mapping.
credit_g,gb,sigmoid,cost_controlled_mondrian,10,0.9784999999999998,0.9680619903983352,0.9889380096016644,0.9850000000000001,0.9742666666666667,0.9957333333333335,0.9633333333333332,0.9381237329672567,0.9885429336994096,1.8225000000000002,1.750733630593587,1.8942663694064135,0.8225,0.7507336305935867,0.8942663694064134,0.12050000000000001,0.04480843610781686,0.19619156389218317,0.6,German credit; class 1 follows configured positive mapping.
credit_g,gb,sigmoid,cost_tuned_threshold,10,0.44000000000000006,0.3858481640815999,0.49415183591840023,0.215,0.1317173220624814,0.2982826779375186,0.9649999999999999,0.9471408943583114,0.9828591056416883,1.0,1.0,1.0,0.0,0.0,0.0,0.6545,0.6181694380261833,0.6908305619738166,0.6,German credit; class 1 follows configured positive mapping.
credit_g,gb,sigmoid,marginal_cp,10,0.9140000000000003,0.8934018598466326,0.934598140153368,0.9985714285714286,0.9957714285714285,1.0013714285714286,0.7166666666666667,0.6537368017277161,0.7795965316056173,1.451,1.3926591258207421,1.509340874179258,0.45099999999999996,0.3926591258207421,0.5093408741792579,0.8510000000000002,0.6605121542518324,1.041487845748168,0.6,German credit; class 1 follows configured positive mapping.
credit_g,gb,sigmoid,mondrian_cp,10,0.9155,0.8974622014154228,0.9335377985845772,0.9142857142857143,0.8903079468055394,0.9382634817658891,0.9183333333333332,0.8862341890810577,0.9504324775856088,1.5825,1.5113009035637859,1.6536990964362142,0.5825,0.5113009035637858,0.6536990964362143,0.30500000000000005,0.209794738707476,0.4002052612925241,0.6,German credit; class 1 follows configured positive mapping.
credit_g,gb,sigmoid,random_oversampling_threshold,10,0.4334999999999999,0.37752549747131875,0.489474502528681,0.21428571428571427,0.1263837486901967,0.30218767988123185,0.945,0.9201456489637709,0.969854351036229,1.0,1.0,1.0,0.0,0.0,0.0,0.7150000000000001,0.6674590562427151,0.7625409437572851,0.6,German credit; class 1 follows configured positive mapping.
credit_g,gb,sigmoid,raps_cp,10,0.9164999999999999,0.9007622590919505,0.9322377409080492,0.9842857142857143,0.9757315729884635,0.9928398555829652,0.7583333333333334,0.7175181521828634,0.7991485144838034,1.6170000000000002,1.5281827033862339,1.7058172966137666,0.617,0.5281827033862335,0.7058172966137665,0.736,0.6109092709714709,0.8610907290285291,0.6,German credit; class 1 follows configured positive mapping.
credit_g,gb,sigmoid,risk_controlled_rejector,10,0.9100000000000001,0.8902914119114422,0.929708588088558,0.9985714285714286,0.9957714285714285,1.0013714285714286,0.7033333333333334,0.6433356543658809,0.7633310123007858,1.4315000000000002,1.3751076439380105,1.4878923560619899,0.43150000000000005,0.3751076439380104,0.4878923560619897,0.891,0.7093204633304994,1.0726795366695008,0.6,German credit; class 1 follows configured positive mapping.
credit_g,gnb,isotonic,aps_cp,10,0.9119999999999999,0.894517991470594,0.9294820085294059,0.9707142857142858,0.9599809523809524,0.9814476190476191,0.775,0.7359667125280973,0.8140332874719027,1.5325,1.4765216847540248,1.5884783152459752,0.5495,0.4992432065399225,0.5997567934600775,0.678,0.5648091750871811,0.791190824912819,0.6327845382963493,German credit; class 1 follows configured positive mapping.
credit_g,gnb,isotonic,capacity_limited_mondrian,10,0.773,0.757050100662108,0.7889498993378921,0.9428571428571428,0.9243075097370812,0.9614067759772045,0.3766666666666667,0.32239672409560194,0.43093660923773147,1.1,1.1,1.1,0.1,0.1,0.1,1.9099999999999997,1.7522568642099157,2.0677431357900837,0.6327845382963493,German credit; class 1 follows configured positive mapping.
credit_g,gnb,isotonic,class_conditional_rejector,10,0.9695,0.9553775686701381,0.9836224313298619,0.9928571428571429,0.9865961525201434,0.9991181331941423,0.915,0.8756038856337266,0.9543961143662735,1.7195,1.6475524546013633,1.7914475453986367,0.7194999999999999,0.6475524546013632,0.7914475453986366,0.25999999999999995,0.14002835890650378,0.3799716410934961,0.6327845382963493,German credit; class 1 follows configured positive mapping.
credit_g,gnb,isotonic,class_weighted_threshold,10,0.4165,0.36181771727109,0.47118228272890994,0.1807142857142857,0.09583609848890566,0.2655924729396657,0.9666666666666666,0.9478065578731388,0.9855267754601943,1.0,1.0,1.0,0.0,0.0,0.0,0.6735,0.6416923272708542,0.7053076727291457,0.6327845382963493,German credit; class 1 follows configured positive mapping.
credit_g,gnb,isotonic,confidence_rejector,10,0.9855,0.9782763075000847,0.9927236924999154,0.9928571428571429,0.9865961525201434,0.9991181331941423,0.9683333333333334,0.947416460824386,0.9892502058422807,1.859,1.7878376329167665,1.9301623670832335,0.859,0.7878376329167663,0.9301623670832336,0.1,0.037607521820869044,0.16239247817913097,0.6327845382963493,German credit; class 1 follows configured positive mapping.
credit_g,gnb,isotonic,cost_controlled_mondrian,10,0.993,0.9874949154815248,0.9985050845184752,0.9971428571428571,0.9928657864942316,1.0014199277914826,0.9833333333333334,0.9704494262501386,0.9962172404165281,1.9364999999999999,1.9006841617902543,1.9723158382097454,0.9365,0.9006841617902545,0.9723158382097455,0.052000000000000005,0.012415331811981116,0.09158466818801889,0.6327845382963493,German credit; class 1 follows configured positive mapping.
credit_g,gnb,isotonic,cost_tuned_threshold,10,0.4165,0.36181771727109,0.47118228272890994,0.1807142857142857,0.09583609848890566,0.2655924729396657,0.9666666666666666,0.9478065578731388,0.9855267754601943,1.0,1.0,1.0,0.0,0.0,0.0,0.6735,0.6416923272708542,0.7053076727291457,0.6327845382963493,German credit; class 1 follows configured positive mapping.
credit_g,gnb,isotonic,marginal_cp,10,0.933,0.9208472975113444,0.9451527024886557,0.9821428571428571,0.9737299041667744,0.9905558101189398,0.8183333333333334,0.7743848281128926,0.8622818385537742,1.537,1.4868973835236343,1.5871026164763655,0.537,0.4868973835236345,0.5871026164763656,0.5575,0.42784789713322124,0.6871521028667787,0.6327845382963493,German credit; class 1 follows configured positive mapping.
credit_g,gnb,isotonic,mondrian_cp,10,0.953,0.9394364475318758,0.9665635524681241,0.9621428571428572,0.9478275196026911,0.9764581946830233,0.9316666666666666,0.8947567061521228,0.9685766271812105,1.6985,1.6378586642627324,1.7591413357372674,0.6985,0.6378586642627325,0.7591413357372675,0.23149999999999998,0.12208812150613829,0.3409118784938617,0.6327845382963493,German credit; class 1 follows configured positive mapping.
credit_g,gnb,isotonic,random_oversampling_threshold,10,0.42800000000000005,0.352044555750683,0.503955444249317,0.2007142857142857,0.08320228159933961,0.3182262898292318,0.9583333333333333,0.933863598940934,0.9828030677257326,1.0,1.0,1.0,0.0,0.0,0.0,0.6845,0.6439498888890411,0.7250501111109589,0.6327845382963493,German credit; class 1 follows configured positive mapping.
credit_g,gnb,isotonic,raps_cp,10,0.916,0.8982394244337509,0.9337605755662491,0.9814285714285715,0.9730285714285716,0.9898285714285715,0.7633333333333334,0.7166760009335201,0.8099906657331467,1.5274999999999999,1.46740309861935,1.5875969013806497,0.5275000000000001,0.4674030986193502,0.5875969013806499,0.723,0.5799050844912914,0.8660949155087085,0.6327845382963493,German credit; class 1 follows configured positive mapping.
credit_g,gnb,isotonic,risk_controlled_rejector,10,0.9285,0.9144078256547197,0.9425921743452803,0.9778571428571429,0.9691390900674172,0.9865751956468686,0.8133333333333332,0.7723586889604839,0.8543079777061826,1.5145,1.462020412857315,1.5669795871426848,0.5145,0.462020412857315,0.5669795871426849,0.5755000000000001,0.4520091980033422,0.6989908019966581,0.6327845382963493,German credit; class 1 follows configured positive mapping.
credit_g,gnb,none,aps_cp,10,0.9149999999999998,0.8937290077544295,0.9362709922455701,0.9242857142857142,0.9052493747683011,0.9433220538031272,0.8933333333333333,0.8602339767322239,0.9264326899344427,1.6145,1.5373838310656507,1.6916161689343494,0.6295,0.5596444891221888,0.6993555108778111,0.34750000000000003,0.24935582827062813,0.44564417172937193,0.6773633998265395,German credit; class 1 follows configured positive mapping.
credit_g,gnb,none,capacity_limited_mondrian,10,0.748,0.7321844745757706,0.7638155254242294,0.805,0.7675472742424979,0.8424527257575022,0.615,0.5499485711528046,0.6800514288471954,1.1,1.1,1.1,0.1,0.1,0.1,1.2914999999999999,1.1165941737835916,1.4664058262164081,0.6773633998265395,German credit; class 1 follows configured positive mapping.
credit_g,gnb,none,class_conditional_rejector,10,0.9630000000000001,0.9521460114857871,0.973853988514213,0.9957142857142858,0.9914372150656603,0.9999913563629113,0.8866666666666667,0.8496444444444445,0.9236888888888889,1.6484999999999999,1.590983470588399,1.7060165294116008,0.6485000000000001,0.5909834705883992,0.706016529411601,0.34299999999999997,0.23254801465493402,0.4534519853450659,0.6773633998265395,German credit; class 1 follows configured positive mapping.
credit_g,gnb,none,class_weighted_threshold,10,0.43149999999999994,0.38335571638870874,0.47964428361129113,0.205,0.13103517352446803,0.27896482647553195,0.96,0.9452295924811939,0.9747704075188061,1.0,1.0,1.0,0.0,0.0,0.0,0.6765,0.6478705039435821,0.7051294960564178,0.6773633998265395,German credit; class 1 follows configured positive mapping.
credit_g,gnb,none,confidence_rejector,10,0.9949999999999999,0.9914215459576328,0.998578454042367,0.9957142857142858,0.9914372150656603,0.9999913563629113,0.9933333333333334,0.9879988890046055,0.9986677776620613,1.9594999999999998,1.9290148057794168,1.9899851942205828,0.9594999999999999,0.929014805779417,0.9899851942205828,0.023,0.006330394925693851,0.03966960507430615,0.6773633998265395,German credit; class 1 follows configured positive mapping.
credit_g,gnb,none,cost_controlled_mondrian,10,0.9835,0.9763356406815094,0.9906643593184907,0.9899999999999999,0.9848034199280252,0.9951965800719745,0.9683333333333332,0.9511509564874462,0.9855157101792201,1.86,1.8082875213856033,1.9117124786143969,0.86,0.8082875213856032,0.9117124786143967,0.10200000000000001,0.04922134101320456,0.15477865898679546,0.6773633998265395,German credit; class 1 follows configured positive mapping.
credit_g,gnb,none,cost_tuned_threshold,10,0.43199999999999994,0.3840300260579599,0.47996997394204,0.20571428571428568,0.13219984268889554,0.27922872873967586,0.9599999999999997,0.9444475558667287,0.9755524441332708,1.0,1.0,1.0,0.0,0.0,0.0,0.6759999999999999,0.6422788849531929,0.709721115046807,0.6773633998265395,German credit; class 1 follows configured positive mapping.
credit_g,gnb,none,marginal_cp,10,0.916,0.897765093303715,0.9342349066962851,0.9335714285714285,0.9128008296927784,0.9543420274500786,0.875,0.8365790373575782,0.9134209626424218,1.5399999999999998,1.4823731852539306,1.597626814746069,0.54,0.48237318525393086,0.5976268147460693,0.4215,0.30583001330413223,0.5371699866958677,0.6773633998265395,German credit; class 1 follows configured positive mapping.
credit_g,gnb,none,mondrian_cp,10,0.9215,0.9049686009195969,0.9380313990804031,0.9207142857142856,0.8991817779901748,0.9422467934383963,0.9233333333333332,0.898407527379079,0.9482591392875874,1.5764999999999998,1.5147427184680038,1.6382572815319958,0.5765,0.514742718468004,0.638257281531996,0.28550000000000003,0.2098648497353542,0.3611351502646459,0.6773633998265395,German credit; class 1 follows configured positive mapping.
credit_g,gnb,none,random_oversampling_threshold,10,0.48600000000000004,0.43320921124118555,0.5387907887588146,0.28928571428571426,0.2066909875237176,0.3718804410477109,0.945,0.9178650287144676,0.9721349712855323,1.0,1.0,1.0,0.0,0.0,0.0,0.6625,0.6012772282742951,0.7237227717257049,0.6773633998265395,German credit; class 1 follows configured positive mapping.
credit_g,gnb,none,raps_cp,10,0.9185000000000001,0.8987887048737139,0.9382112951262863,0.9278571428571427,0.9073609643515448,0.9483533213627406,0.8966666666666667,0.8667271721262886,0.9266061612070449,1.616,1.5412968255917685,1.6907031744082317,0.6160000000000001,0.5412968255917685,0.6907031744082317,0.36050000000000004,0.264097904817605,0.4569020951823951,0.6773633998265395,German credit; class 1 follows configured positive mapping.
credit_g,gnb,none,risk_controlled_rejector,10,0.9085000000000001,0.8892821136553587,0.9277178863446415,0.9292857142857143,0.9072533139020369,0.9513181146693916,0.86,0.819490991704481,0.9005090082955189,1.5165,1.460620899951572,1.572379100048428,0.5165,0.460620899951572,0.572379100048428,0.46950000000000003,0.34766209146757504,0.591337908532425,0.6773633998265395,German credit; class 1 follows configured positive mapping.
credit_g,gnb,sigmoid,aps_cp,10,0.9215,0.9090995681078798,0.9339004318921201,0.9871428571428572,0.9796761904761906,0.9946095238095238,0.7683333333333333,0.7355037396376717,0.8011629270289949,1.6329999999999998,1.5799591503336028,1.6860408496663968,0.633,0.579959150333603,0.686040849666397,0.704,0.6038906562247504,0.8041093437752496,0.6484581497797357,German credit; class 1 follows configured positive mapping.
credit_g,gnb,sigmoid,capacity_limited_mondrian,10,0.772,0.7590811696435871,0.784918830356413,0.9192857142857143,0.9020695719897307,0.9365018565816978,0.42833333333333334,0.3671129824847414,0.4895536841819253,1.1,1.1,1.1,0.1,0.1,0.1,1.7715,1.5962284923960037,1.9467715076039964,0.6484581497797357,German credit; class 1 follows configured positive mapping.
credit_g,gnb,sigmoid,class_conditional_rejector,10,0.9630000000000001,0.949835698102655,0.9761643018973452,0.9942857142857143,0.9877523809523809,1.0008190476190477,0.89,0.8519044476203441,0.9280955523796559,1.6695,1.5982230101022155,1.7407769898977845,0.6695,0.5982230101022153,0.7407769898977846,0.334,0.21867417442548076,0.4493258255745193,0.6484581497797357,German credit; class 1 follows configured positive mapping.
credit_g,gnb,sigmoid,class_weighted_threshold,10,0.47300000000000003,0.42332518008756015,0.5226748199124399,0.2735714285714285,0.1934174378896027,0.35372541925325435,0.9383333333333331,0.9149538973972084,0.9617127692694578,1.0,1.0,1.0,0.0,0.0,0.0,0.6935,0.6657410206719819,0.7212589793280181,0.6484581497797357,German credit; class 1 follows configured positive mapping.
credit_g,gnb,sigmoid,confidence_rejector,10,0.993,0.9876922949089711,0.9983077050910288,1.0,1.0,1.0,0.9766666666666666,0.9589743163632372,0.994359016970096,1.916,1.8712144884539157,1.9607855115460842,0.916,0.8712144884539158,0.9607855115460843,0.07,0.016922949089711745,0.12307705091028827,0.6484581497797357,German credit; class 1 follows configured positive mapping.
credit_g,gnb,sigmoid,cost_controlled_mondrian,10,0.9839999999999998,0.9761599999999998,0.9918399999999997,0.99,0.9843999999999999,0.9956,0.97,0.9525777777777777,0.9874222222222222,1.855,1.7984951644153844,1.9115048355846156,0.8549999999999999,0.7984951644153843,0.9115048355846155,0.097,0.04282452215254581,0.1511754778474542,0.6484581497797357,German credit; class 1 follows configured positive mapping.
credit_g,gnb,sigmoid,cost_tuned_threshold,10,0.477,0.43508470764347057,0.5189152923565294,0.27928571428571425,0.21087645565307983,0.34769497291834867,0.9383333333333331,0.9170790701444173,0.959587596522249,1.0,1.0,1.0,0.0,0.0,0.0,0.6895,0.6652099663785055,0.7137900336214945,0.6484581497797357,German credit; class 1 follows configured positive mapping.
credit_g,gnb,sigmoid,marginal_cp,10,0.914,0.9018824718325523,0.9261175281674477,1.0,1.0,1.0,0.7133333333333333,0.6729415727751742,0.7537250938914923,1.4629999999999999,1.4380276205912745,1.4879723794087252,0.4630000000000001,0.43802762059127465,0.4879723794087255,0.86,0.7388247183255228,0.9811752816744772,0.6484581497797357,German credit; class 1 follows configured positive mapping.
credit_g,gnb,sigmoid,mondrian_cp,10,0.9170000000000001,0.9023764208667419,0.9316235791332584,0.9192857142857143,0.9020695719897307,0.9365018565816978,0.9116666666666667,0.8793466541376385,0.943986679195695,1.5675,1.5184510244755305,1.6165489755244693,0.5675000000000001,0.5184510244755307,0.6165489755244695,0.3215,0.2251023326699932,0.41789766733000683,0.6484581497797357,German credit; class 1 follows configured positive mapping.
credit_g,gnb,sigmoid,random_oversampling_threshold,10,0.4539999999999999,0.40233293935634074,0.5056670606436591,0.23857142857142857,0.1587127756624016,0.31843008148045554,0.9566666666666667,0.9396576784835811,0.9736756548497523,1.0,1.0,1.0,0.0,0.0,0.0,0.663,0.6327696517460425,0.6932303482539576,0.6484581497797357,German credit; class 1 follows configured positive mapping.
credit_g,gnb,sigmoid,raps_cp,10,0.9215,0.9090995681078798,0.9339004318921201,0.9871428571428572,0.9796761904761906,0.9946095238095238,0.7683333333333333,0.7355037396376717,0.8011629270289949,1.6329999999999998,1.5799591503336028,1.6860408496663968,0.633,0.579959150333603,0.686040849666397,0.704,0.6038906562247504,0.8041093437752496,0.6484581497797357,German credit; class 1 follows configured positive mapping.
credit_g,gnb,sigmoid,risk_controlled_rejector,10,0.907,0.895386092628041,0.918613907371959,1.0,1.0,1.0,0.6900000000000001,0.6512869754268032,0.7287130245731969,1.4375,1.4198327987502264,1.4551672012497736,0.4375,0.41983279875022644,0.45516720124977356,0.93,0.8138609262804097,1.0461390737195904,0.6484581497797357,German credit; class 1 follows configured positive mapping.
credit_g,hgb,isotonic,aps_cp,10,0.9164999999999999,0.8930322339272685,0.9399677660727312,0.9692857142857143,0.9584313244927422,0.9801401040786865,0.7933333333333332,0.731890661066344,0.8547760056003224,1.552,1.4745283294788778,1.6294716705211223,0.564,0.4891968996483286,0.6388031003516713,0.631,0.4495967321132279,0.8124032678867721,0.7079174983366601,German credit; class 1 follows configured positive mapping.
credit_g,hgb,isotonic,capacity_limited_mondrian,10,0.7865,0.7720341613140168,0.8009658386859831,0.9207142857142857,0.8897274784856889,0.9517010929428825,0.47333333333333333,0.40306835338309493,0.5435983132835718,1.1,1.1,1.1,0.1,0.1,0.1,1.6355,1.440951144210795,1.830048855789205,0.7079174983366601,German credit; class 1 follows configured positive mapping.
credit_g,hgb,isotonic,class_conditional_rejector,10,0.9835,0.9719922422301784,0.9950077577698216,0.9957142857142858,0.9909552008349325,1.000473370593639,0.9550000000000001,0.9195316277213239,0.9904683722786762,1.811,1.7398376329167664,1.8821623670832335,0.8110000000000002,0.7398376329167666,0.8821623670832337,0.138,0.031162519269271022,0.244837480730729,0.7079174983366601,German credit; class 1 follows configured positive mapping.
credit_g,hgb,isotonic,class_weighted_threshold,10,0.43550000000000005,0.3762579394911577,0.4947420605088424,0.21285714285714286,0.11584433728775195,0.30986994842653376,0.9549999999999998,0.9208949987375588,0.9891050012624409,1.0,1.0,1.0,0.0,0.0,0.0,0.6859999999999999,0.6311083345731491,0.7408916654268508,0.7079174983366601,German credit; class 1 follows configured positive mapping.
credit_g,hgb,isotonic,confidence_rejector,10,0.9914999999999999,0.9833595086143402,0.9996404913856597,0.9978571428571428,0.9948690182130074,1.000845267501278,0.9766666666666666,0.9542450721374061,0.9990882611959271,1.8625,1.7952471157165402,1.92975288428346,0.8625,0.7952471157165402,0.9297528842834599,0.07150000000000001,0.0029770432628597188,0.1400229567371403,0.7079174983366601,German credit; class 1 follows configured positive mapping.
credit_g,hgb,isotonic,cost_controlled_mondrian,10,0.992,0.9830897212913026,1.0009102787086974,0.9957142857142858,0.9909552008349325,1.000473370593639,0.9833333333333332,0.959476973050886,1.0071896936157805,1.9194999999999998,1.83906500789112,1.9999349921088796,0.9195,0.8390650078911202,0.9999349921088798,0.053000000000000005,-0.01982835345294212,0.12582835345294213,0.7079174983366601,German credit; class 1 follows configured positive mapping.
credit_g,hgb,isotonic,cost_tuned_threshold,10,0.3969999999999999,0.3285370257405913,0.4654629742594085,0.15214285714285714,0.04505226205834212,0.25923345222737215,0.9683333333333332,0.9437668802461667,0.9928997864204996,1.0,1.0,1.0,0.0,0.0,0.0,0.6885000000000001,0.6540819808175363,0.7229180191824639,0.7079174983366601,German credit; class 1 follows configured positive mapping.
credit_g,hgb,isotonic,marginal_cp,10,0.9425000000000001,0.9287761116621015,0.9562238883378987,0.9814285714285715,0.9611728726419749,1.0016842702151683,0.8516666666666668,0.8056103994157657,0.8977229339175679,1.5775000000000001,1.5256175580973894,1.6293824419026108,0.5775,0.5256175580973893,0.6293824419026107,0.458,0.3266393761010892,0.5893606238989109,0.7079174983366601,German credit; class 1 follows configured positive mapping.
credit_g,hgb,isotonic,mondrian_cp,10,0.9650000000000001,0.9480888859687548,0.9819111140312453,0.9692857142857143,0.9498139113103575,0.9887575172610711,0.9550000000000001,0.9195316277213239,0.9904683722786762,1.7515,1.6747639209874376,1.8282360790125625,0.7515,0.6747639209874375,0.8282360790125624,0.1565,0.04983395396013886,0.26316604603986116,0.7079174983366601,German credit; class 1 follows configured positive mapping.
credit_g,hgb,isotonic,random_oversampling_threshold,10,0.36149999999999993,0.31992083801817167,0.4030791619818282,0.09357142857142857,0.030219817173874786,0.15692303996898235,0.9866666666666667,0.9739681492067813,0.9993651841265521,1.0,1.0,1.0,0.0,0.0,0.0,0.6745,0.6445801151220277,0.7044198848779722,0.7079174983366601,German credit; class 1 follows configured positive mapping.
credit_g,hgb,isotonic,raps_cp,10,0.9225,0.9009177387653656,0.9440822612346343,0.9771428571428572,0.9657500719015057,0.9885356423842087,0.795,0.735349159971972,0.854650840028028,1.556,1.481568729391173,1.630431270608827,0.5559999999999999,0.4815687293911729,0.630431270608827,0.631,0.4495967321132279,0.8124032678867721,0.7079174983366601,German credit; class 1 follows configured positive mapping.
credit_g,hgb,isotonic,risk_controlled_rejector,10,0.9425000000000001,0.9287761116621015,0.9562238883378987,0.9814285714285715,0.9611728726419749,1.0016842702151683,0.8516666666666668,0.8056103994157657,0.8977229339175679,1.5775000000000001,1.5256175580973894,1.6293824419026108,0.5775,0.5256175580973893,0.6293824419026107,0.458,0.3266393761010892,0.5893606238989109,0.7079174983366601,German credit; class 1 follows configured positive mapping.
credit_g,hgb,none,aps_cp,10,0.907,0.8905235602551198,0.9234764397448803,0.9607142857142857,0.9459201427290815,0.97550842869949,0.7816666666666666,0.7518661032450312,0.811467230088302,1.4655,1.4201309508340518,1.5108690491659482,0.48150000000000004,0.4402299619040103,0.5227700380959898,0.6745,0.5813289627739512,0.7676710372260488,0.6561922365988909,German credit; class 1 follows configured positive mapping.
credit_g,hgb,none,capacity_limited_mondrian,10,0.7875,0.7699540159707255,0.8050459840292744,0.8835714285714286,0.8666101655157348,0.9005326916271224,0.5633333333333335,0.5190221107769151,0.6076445558897519,1.1,1.1,1.1,0.1,0.1,0.1,1.3915000000000002,1.2584054803699434,1.524594519630057,0.6561922365988909,German credit; class 1 follows configured positive mapping.
credit_g,hgb,none,class_conditional_rejector,10,0.9615,0.945033278002792,0.977966721997208,0.9928571428571429,0.9850483159428248,1.0006659697714608,0.8883333333333333,0.8363282006331806,0.940338466033486,1.6704999999999999,1.5758855803801555,1.7651144196198443,0.6705,0.5758855803801556,0.7651144196198444,0.33999999999999997,0.18395724517513368,0.49604275482486626,0.6561922365988909,German credit; class 1 follows configured positive mapping.
credit_g,hgb,none,class_weighted_threshold,10,0.43500000000000005,0.3855016453696579,0.4844983546303422,0.20928571428571424,0.13161549977447307,0.2869559287969554,0.9616666666666667,0.9398616836593214,0.9834716496740119,1.0,1.0,1.0,0.0,0.0,0.0,0.6685,0.6266904949669203,0.7103095050330797,0.6561922365988909,German credit; class 1 follows configured positive mapping.
credit_g,hgb,none,confidence_rejector,10,0.9960000000000001,0.9881600000000001,1.00384,0.9985714285714286,0.9957714285714285,1.0013714285714286,0.99,0.9704,1.0096,1.9440000000000002,1.8718695145355773,2.0161304854644233,0.9440000000000002,0.8718695145355772,1.016130485464423,0.031,-0.02976,0.09176000000000001,0.6561922365988909,German credit; class 1 follows configured positive mapping.
credit_g,hgb,none,cost_controlled_mondrian,10,0.9869999999999999,0.9792420965031351,0.9947579034968647,0.99,0.983015572878022,0.996984427121978,0.9799999999999999,0.9606434877134015,0.9993565122865983,1.8809999999999998,1.8144080565433522,1.9475919434566473,0.881,0.8144080565433526,0.9475919434566474,0.067,0.008505683466966923,0.12549431653303308,0.6561922365988909,German credit; class 1 follows configured positive mapping.
credit_g,hgb,none,cost_tuned_threshold,10,0.441,0.3774585048964065,0.5045414951035935,0.21857142857142856,0.12018994883283367,0.31695290831002343,0.96,0.9386622226850887,0.9813377773149112,1.0,1.0,1.0,0.0,0.0,0.0,0.667,0.6298633011698671,0.704136698830133,0.6561922365988909,German credit; class 1 follows configured positive mapping.
credit_g,hgb,none,marginal_cp,10,0.9185000000000001,0.8979407512026556,0.9390592487973446,0.9814285714285715,0.9703458521473362,0.9925112907098069,0.7716666666666667,0.7212827529100707,0.8220505804232627,1.444,1.3784905041658504,1.5095094958341495,0.44399999999999995,0.3784905041658505,0.5095094958341494,0.6980000000000001,0.5422844724791035,0.8537155275208966,0.6561922365988909,German credit; class 1 follows configured positive mapping.
credit_g,hgb,none,mondrian_cp,10,0.913,0.8963945336978719,0.9296054663021281,0.9114285714285714,0.8834130201916046,0.9394441226655381,0.9166666666666666,0.8913631754714448,0.9419701578618884,1.541,1.4860888977022355,1.5959111022977643,0.541,0.48608889770223557,0.5959111022977646,0.312,0.24505006713139205,0.37894993286860795,0.6561922365988909,German credit; class 1 follows configured positive mapping.
credit_g,hgb,none,random_oversampling_threshold,10,0.4445,0.3927369891825361,0.49626301081746393,0.225,0.14076052653957952,0.30923947346042047,0.9566666666666664,0.9281885269022008,0.9851448064311321,1.0,1.0,1.0,0.0,0.0,0.0,0.6725,0.6270181916708572,0.7179818083291428,0.6561922365988909,German credit; class 1 follows configured positive mapping.
credit_g,hgb,none,raps_cp,10,0.914,0.898831969292108,0.9291680307078921,0.9721428571428572,0.960438916685805,0.9838467975999093,0.7783333333333333,0.7471332937638744,0.8095333729027923,1.4695,1.4246751908971036,1.5143248091028965,0.4694999999999999,0.4246751908971034,0.5143248091028964,0.6845,0.5866149451879626,0.7823850548120374,0.6561922365988909,German credit; class 1 follows configured positive mapping.
credit_g,hgb,none,risk_controlled_rejector,10,0.9125,0.8905743630524549,0.9344256369475451,0.9800000000000001,0.9682311144679429,0.9917688855320573,0.755,0.7025408636398356,0.8074591363601644,1.425,1.360109165173775,1.4898908348262252,0.425,0.3601091651737748,0.4898908348262252,0.749,0.5862504833937884,0.9117495166062116,0.6561922365988909,German credit; class 1 follows configured positive mapping.
credit_g,hgb,sigmoid,aps_cp,10,0.9195,0.8995519240693912,0.9394480759306088,0.9835714285714285,0.9708681481552001,0.996274708987657,0.77,0.7230892310134062,0.8169107689865939,1.6135000000000002,1.5331366802853719,1.6938633197146284,0.6144999999999999,0.5356595566278886,0.6933404433721113,0.701,0.556350465530572,0.8456495344694279,0.6450482033304119,German credit; class 1 follows configured positive mapping.
credit_g,hgb,sigmoid,capacity_limited_mondrian,10,0.784,0.775381941440595,0.792618058559405,0.915,0.8930666666666667,0.9369333333333334,0.47833333333333333,0.43875705287004774,0.5179096137966189,1.1,1.1,1.1,0.1,0.1,0.1,1.6245,1.5181605918140724,1.7308394081859277,0.6450482033304119,German credit; class 1 follows configured positive mapping.
credit_g,hgb,sigmoid,class_conditional_rejector,10,0.9575000000000001,0.9421605736743516,0.9728394263256487,0.9935714285714287,0.9882711141153484,0.9988717430275089,0.8733333333333334,0.8197228313218252,0.9269438353448416,1.6785,1.5978715459654598,1.7591284540345404,0.6785000000000001,0.5978715459654597,0.7591284540345405,0.38449999999999995,0.2247840508903384,0.5442159491096615,0.6450482033304119,German credit; class 1 follows configured positive mapping.
credit_g,hgb,sigmoid,class_weighted_threshold,10,0.4285,0.3668118736438418,0.49018812635615816,0.20285714285714285,0.10330936538320826,0.30240492033107746,0.9549999999999998,0.923422222222222,0.9865777777777777,1.0,1.0,1.0,0.0,0.0,0.0,0.6930000000000001,0.6437133716578896,0.7422866283421106,0.6450482033304119,German credit; class 1 follows configured positive mapping.
credit_g,hgb,sigmoid,confidence_rejector,10,0.9945,0.9874255734429489,1.0015744265570512,1.0,1.0,1.0,0.9816666666666667,0.9580852448098294,1.005248088523504,1.9330000000000003,1.8539331691963483,2.0120668308036525,0.933,0.8539331691963481,1.012066830803652,0.05499999999999999,-0.015744265570511867,0.12574426557051185,0.6450482033304119,German credit; class 1 follows configured positive mapping.
credit_g,hgb,sigmoid,cost_controlled_mondrian,10,0.9869999999999999,0.9793808895240687,0.9946191104759311,0.9907142857142857,0.9851729260736679,0.9962556453549034,0.9783333333333333,0.9549538973972086,1.001712769269458,1.8609999999999995,1.7926836977321254,1.9293163022678737,0.861,0.7926836977321258,0.9293163022678742,0.0715,0.0016964467634745517,0.14130355323652544,0.6450482033304119,German credit; class 1 follows configured positive mapping.
credit_g,hgb,sigmoid,cost_tuned_threshold,10,0.44299999999999995,0.37560525440857173,0.5103947455914282,0.22785714285714284,0.11932428045030213,0.33639000526398355,0.945,0.9123151902235387,0.9776848097764612,1.0,1.0,1.0,0.0,0.0,0.0,0.7055,0.6593844306840593,0.7516155693159408,0.6450482033304119,German credit; class 1 follows configured positive mapping.
credit_g,hgb,sigmoid,marginal_cp,10,0.922,0.9067337933111508,0.9372662066888493,1.0,1.0,1.0,0.74,0.6891126443705023,0.7908873556294976,1.4675,1.4242798889404482,1.5107201110595518,0.46749999999999997,0.42427988894044805,0.5107201110595518,0.78,0.6273379331115072,0.9326620668884928,0.6450482033304119,German credit; class 1 follows configured positive mapping.
credit_g,hgb,sigmoid,mondrian_cp,10,0.9145,0.8946054904279821,0.9343945095720179,0.9178571428571429,0.8956475353264668,0.9400667503878191,0.9066666666666668,0.8670454726873623,0.9462878606459714,1.5705000000000002,1.5057664026781905,1.63523359732181,0.5705,0.5057664026781902,0.6352335973218098,0.3375,0.21709109206079846,0.4579089079392016,0.6450482033304119,German credit; class 1 follows configured positive mapping.
credit_g,hgb,sigmoid,random_oversampling_threshold,10,0.40499999999999997,0.3493898570402844,0.46061014295971553,0.16285714285714287,0.07585665754559738,0.24985762816868834,0.97,0.9512660471962182,0.9887339528037817,1.0,1.0,1.0,0.0,0.0,0.0,0.676,0.6563022437826032,0.6956977562173969,0.6450482033304119,German credit; class 1 follows configured positive mapping.
credit_g,hgb,sigmoid,raps_cp,10,0.9199999999999999,0.9008405056898094,0.9391594943101904,0.9842857142857145,0.9728929290443631,0.995678499527066,0.77,0.7230892310134062,0.8169107689865939,1.614,1.534400509214359,1.693599490785641,0.614,0.5344005092143591,0.6935994907856409,0.701,0.556350465530572,0.8456495344694279,0.6450482033304119,German credit; class 1 follows configured positive mapping.
credit_g,hgb,sigmoid,risk_controlled_rejector,10,0.9184999999999999,0.9039605807849449,0.9330394192150548,1.0,1.0,1.0,0.7283333333333334,0.6798686026164833,0.7767980640501835,1.4575,1.4155834347251062,1.4994165652748939,0.4575,0.41558343472510606,0.499416565274894,0.8150000000000001,0.6696058078494499,0.9603941921505502,0.6450482033304119,German credit; class 1 follows configured positive mapping.
credit_g,logreg,isotonic,aps_cp,10,0.916,0.896520146019256,0.9354798539807441,0.9714285714285715,0.9614196864867921,0.981437456370351,0.7866666666666667,0.7324841857843013,0.8408491475490322,1.5790000000000002,1.4945479791702876,1.6634520208297128,0.6,0.522641360462382,0.677358639537618,0.645,0.4823475525340407,0.8076524474659593,0.7070777855641205,German credit; class 1 follows configured positive mapping.
credit_g,logreg,isotonic,capacity_limited_mondrian,10,0.7615,0.7406316496951856,0.7823683503048143,0.9114285714285714,0.8725409270040386,0.9503162158531041,0.41166666666666674,0.3402551449625414,0.4830781883707921,1.1,1.1,1.1,0.1,0.1,0.1,1.827,1.6295343907298174,2.0244656092701825,0.7070777855641205,German credit; class 1 follows configured positive mapping.
credit_g,logreg,isotonic,class_conditional_rejector,10,0.9715,0.9555601394122923,0.9874398605877077,0.9885714285714287,0.9804348172101527,0.9967080399327046,0.9316666666666666,0.8831041754254262,0.9802291579079071,1.761,1.67316614269606,1.8488338573039398,0.761,0.67316614269606,0.84883385730394,0.21300000000000002,0.06687954983796573,0.3591204501620343,0.7070777855641205,German credit; class 1 follows configured positive mapping.
credit_g,logreg,isotonic,class_weighted_threshold,10,0.433,0.36648181067474017,0.4995181893252598,0.215,0.10451820662812056,0.32548179337187944,0.9416666666666667,0.9020305128250283,0.981302820508305,1.0,1.0,1.0,0.0,0.0,0.0,0.7244999999999999,0.6684416775927863,0.7805583224072136,0.7070777855641205,German credit; class 1 follows configured positive mapping.
credit_g,logreg,isotonic,confidence_rejector,10,0.9875,0.9800151263649055,0.9949848736350946,0.9942857142857143,0.9907935007247253,0.9977779278467034,0.9716666666666667,0.9493245346243228,0.9940087987090106,1.8694999999999997,1.8159934359167025,1.923006564083297,0.8694999999999998,0.8159934359167025,0.9230065640832972,0.089,0.021548277017311615,0.1564517229826884,0.7070777855641205,German credit; class 1 follows configured positive mapping.
credit_g,logreg,isotonic,cost_controlled_mondrian,10,0.992,0.9830897212913026,1.0009102787086974,0.9921428571428571,0.9831784832104511,1.0011072310752631,0.9916666666666668,0.9816276071465034,1.0017057261868303,1.938,1.8842000726972816,1.9917999273027183,0.9380000000000001,0.8842000726972817,0.9917999273027184,0.0305,-0.00493844052249854,0.06593844052249853,0.7070777855641205,German credit; class 1 follows configured positive mapping.
credit_g,logreg,isotonic,cost_tuned_threshold,10,0.43000000000000005,0.366070073083449,0.4939299269165511,0.20642857142857146,0.1003719618068961,0.3124851810502468,0.9516666666666665,0.9119707297535843,0.9913626035797488,1.0,1.0,1.0,0.0,0.0,0.0,0.7005,0.637014789473803,0.7639852105261971,0.7070777855641205,German credit; class 1 follows configured positive mapping.
credit_g,logreg,isotonic,marginal_cp,10,0.9400000000000001,0.9255378501674967,0.9544621498325034,0.9835714285714285,0.9710407550948041,0.9961021020480529,0.8383333333333335,0.7939552662336257,0.8827114004330413,1.5915,1.5075136251791068,1.675486374820893,0.5915,0.5075136251791069,0.6754863748208931,0.4965,0.3647755399412176,0.6282244600587824,0.7070777855641205,German credit; class 1 follows configured positive mapping.
credit_g,logreg,isotonic,mondrian_cp,10,0.9390000000000001,0.9166143935132913,0.9613856064867088,0.9342857142857144,0.9057617282778336,0.9628097002935951,0.95,0.9251695129645077,0.9748304870354922,1.7135000000000002,1.6438954659842082,1.7831045340157923,0.7135,0.643895465984208,0.783104534015792,0.19600000000000004,0.11589270084581699,0.2761072991541831,0.7070777855641205,German credit; class 1 follows configured positive mapping.
credit_g,logreg,isotonic,random_oversampling_threshold,10,0.4025,0.32894194885066025,0.4760580511493398,0.16357142857142856,0.0456154857603754,0.28152737138248174,0.96,0.9269006433988906,0.9930993566011094,1.0,1.0,1.0,0.0,0.0,0.0,0.7055000000000001,0.6652139070039191,0.7457860929960811,0.7070777855641205,German credit; class 1 follows configured positive mapping.
credit_g,logreg,isotonic,raps_cp,10,0.9195,0.9008227779843409,0.9381772220156591,0.9807142857142856,0.9744359278256512,0.98699264360292,0.7766666666666666,0.716986018604783,0.8363473147285503,1.5630000000000002,1.4762984572737539,1.6497015427262465,0.5670000000000001,0.48320251820277926,0.6507974817972209,0.6815,0.503503832625531,0.859496167374469,0.7070777855641205,German credit; class 1 follows configured positive mapping.
credit_g,logreg,isotonic,risk_controlled_rejector,10,0.9289999999999999,0.9118507777954152,0.9461492222045846,0.9814285714285715,0.9678711216519932,0.9949860212051499,0.8066666666666666,0.7496271785038461,0.8637061548294872,1.54,1.4396755662861733,1.6403244337138267,0.54,0.4396755662861734,0.6403244337138267,0.593,0.4242286854284111,0.7617713145715889,0.7070777855641205,German credit; class 1 follows configured positive mapping.
credit_g,logreg,none,aps_cp,10,0.9109999999999999,0.889588999711986,0.9324110002880138,0.9628571428571429,0.9548283059412364,0.9708859797730494,0.79,0.7305183543196769,0.8494816456803231,1.5475,1.460662561837266,1.6343374381627342,0.5595,0.47847020328573225,0.6405297967142678,0.65,0.47133393781196786,0.8286660621880322,0.5942806076854334,German credit; class 1 follows configured positive mapping.
credit_g,logreg,none,capacity_limited_mondrian,10,0.7705,0.7488092349399822,0.7921907650600177,0.9028571428571428,0.8826014440705462,0.9231128416437394,0.4616666666666666,0.4038324164871479,0.5195009168461854,1.1,1.1,1.1,0.1,0.1,0.1,1.6829999999999998,1.5098284570465201,1.8561715429534795,0.5942806076854334,German credit; class 1 follows configured positive mapping.
credit_g,logreg,none,class_conditional_rejector,10,0.9570000000000001,0.94052356025512,0.9734764397448802,0.9921428571428571,0.9847789813517627,0.9995067329339515,0.875,0.8267313843241879,0.9232686156758121,1.6445,1.5738395005835808,1.7151604994164193,0.6445000000000001,0.5738395005835809,0.7151604994164192,0.38049999999999995,0.23439233056862938,0.5266076694313705,0.5942806076854334,German credit; class 1 follows configured positive mapping.
credit_g,logreg,none,class_weighted_threshold,10,0.453,0.4056119358675392,0.5003880641324608,0.23714285714285718,0.16132424318676972,0.3129614710989447,0.9566666666666667,0.9299056853046764,0.9834276480286569,1.0,1.0,1.0,0.0,0.0,0.0,0.664,0.6100891122107768,0.7179108877892233,0.5942806076854334,German credit; class 1 follows configured positive mapping.
credit_g,logreg,none,confidence_rejector,10,0.9949999999999999,0.9908679571907132,0.9991320428092866,1.0,1.0,1.0,0.9833333333333334,0.9695598573023778,0.997106809364289,1.9164999999999999,1.8652216567263635,1.9677783432736362,0.9164999999999999,0.8652216567263635,0.9677783432736362,0.05,0.008679571907133178,0.09132042809286683,0.5942806076854334,German credit; class 1 follows configured positive mapping.
credit_g,logreg,none,cost_controlled_mondrian,10,0.9855,0.9762086443998258,0.9947913556001743,0.9871428571428572,0.9785887158456064,0.9956969984401081,0.9816666666666667,0.96837508388509,0.9949582494482434,1.8825000000000003,1.8187330266604345,1.946266973339566,0.8825,0.8187330266604342,0.9462669733395657,0.064,0.019597359437879276,0.10840264056212073,0.5942806076854334,German credit; class 1 follows configured positive mapping.
credit_g,logreg,none,cost_tuned_threshold,10,0.4535,0.40086610259960265,0.5061338974003974,0.23928571428571427,0.15577324016757227,0.32279818840385627,0.9533333333333334,0.9267501677701799,0.9799164988964868,1.0,1.0,1.0,0.0,0.0,0.0,0.6725000000000001,0.6208236460694493,0.7241763539305509,0.5942806076854334,German credit; class 1 follows configured positive mapping.
credit_g,logreg,none,marginal_cp,10,0.9095000000000001,0.8909373984103043,0.9280626015896959,0.9828571428571429,0.9772571428571428,0.9884571428571429,0.7383333333333334,0.6863282006331807,0.7903384660334861,1.452,1.4019613198504286,1.5020386801495713,0.45199999999999996,0.40196131985042854,0.5020386801495713,0.797,0.6382104279942232,0.9557895720057769,0.5942806076854334,German credit; class 1 follows configured positive mapping.
credit_g,logreg,none,mondrian_cp,10,0.9075,0.8917487037570448,0.9232512962429551,0.9071428571428571,0.8848598292217389,0.9294258850639754,0.9083333333333332,0.8770573811466262,0.9396092855200402,1.5594999999999999,1.5086941433822174,1.6103058566177824,0.5595,0.5086941433822175,0.6103058566177825,0.34,0.2493654517673678,0.43063454823263225,0.5942806076854334,German credit; class 1 follows configured positive mapping.
credit_g,logreg,none,random_oversampling_threshold,10,0.47000000000000003,0.44991597649871923,0.49008402350128083,0.27071428571428563,0.23993904313919687,0.30148952828937436,0.9349999999999999,0.9158590800948644,0.9541409199051355,1.0,1.0,1.0,0.0,0.0,0.0,0.7055,0.6523536322972115,0.7586463677027885,0.5942806076854334,German credit; class 1 follows configured positive mapping.
credit_g,logreg,none,raps_cp,10,0.915,0.8948629142569681,0.935137085743032,0.9699999999999998,0.963808967058003,0.9761910329419965,0.7866666666666667,0.7254947534796251,0.8478385798537084,1.546,1.4556626382202063,1.6363373617797938,0.546,0.45566263822020636,0.6363373617797937,0.6609999999999999,0.4760778114389129,0.8459221885610869,0.5942806076854334,German credit; class 1 follows configured positive mapping.
credit_g,logreg,none,risk_controlled_rejector,10,0.907,0.8871726518834885,0.9268273481165116,0.9814285714285715,0.9750983967776546,0.9877587460794884,0.7333333333333334,0.6786715449331071,0.7879951217335597,1.4460000000000002,1.3939010189905578,1.4980989810094425,0.4459999999999999,0.3939010189905577,0.4980989810094421,0.8130000000000001,0.6457977161240513,0.9802022838759488,0.5942806076854334,German credit; class 1 follows configured positive mapping.
credit_g,logreg,sigmoid,aps_cp,10,0.9125,0.8981675581672595,0.9268324418327405,0.9949999999999999,0.9920118753558645,0.9979881246441352,0.72,0.6713521294541891,0.7686478705458109,1.6320000000000001,1.5696212058824832,1.694378794117517,0.632,0.5696212058824831,0.6943787941175169,0.8434999999999999,0.6979513947545738,0.989048605245426,0.5837696335078534,German credit; class 1 follows configured positive mapping.
credit_g,logreg,sigmoid,capacity_limited_mondrian,10,0.7695,0.7497130581780137,0.7892869418219862,0.9014285714285715,0.8804752900626374,0.9223818527945056,0.4616666666666666,0.40322061261194103,0.5201127207213921,1.1,1.1,1.1,0.1,0.1,0.1,1.684,1.5118135073048218,1.856186492695178,0.5837696335078534,German credit; class 1 follows configured positive mapping.
credit_g,logreg,sigmoid,class_conditional_rejector,10,0.9654999999999999,0.9460942402593685,0.9849057597406313,0.9914285714285714,0.9831329233057435,0.9997242195513993,0.905,0.852767372195079,0.957232627804921,1.734,1.634285836066841,1.833714163933159,0.734,0.6342858360668411,0.8337141639331589,0.29100000000000004,0.13112144386719307,0.45087855613280703,0.5837696335078534,German credit; class 1 follows configured positive mapping.
credit_g,logreg,sigmoid,class_weighted_threshold,10,0.433,0.3859963103103124,0.4800036896896876,0.2092857142857143,0.13520320772864797,0.2833682208427806,0.9549999999999998,0.9348923759929254,0.9751076240070743,1.0,1.0,1.0,0.0,0.0,0.0,0.6885,0.6543621611046563,0.7226378388953437,0.5837696335078534,German credit; class 1 follows configured positive mapping.
credit_g,logreg,sigmoid,confidence_rejector,10,0.9934999999999998,0.9899066666666665,0.9970933333333332,1.0,1.0,1.0,0.9783333333333333,0.9663555555555555,0.990311111111111,1.9245,1.8874712130003337,1.9615287869996665,0.9244999999999999,0.8874712130003335,0.9615287869996663,0.06500000000000002,0.029066666666666685,0.10093333333333335,0.5837696335078534,German credit; class 1 follows configured positive mapping.
credit_g,logreg,sigmoid,cost_controlled_mondrian,10,0.9814999999999999,0.97260770370864,0.9903922962913598,0.9842857142857143,0.9738925541417649,0.9946788744296637,0.975,0.960189509890488,0.9898104901095119,1.8700000000000003,1.8182256519972382,1.9217743480027625,0.8699999999999999,0.8182256519972378,0.9217743480027619,0.086,0.040271333571452864,0.13172866642854714,0.5837696335078534,German credit; class 1 follows configured positive mapping.
credit_g,logreg,sigmoid,cost_tuned_threshold,10,0.42000000000000004,0.3629314174776427,0.4770685825223574,0.18785714285714286,0.09904200400745752,0.2766722817068282,0.9616666666666666,0.9415590426595921,0.981774290673741,1.0,1.0,1.0,0.0,0.0,0.0,0.6835,0.6509954355342037,0.7160045644657963,0.5837696335078534,German credit; class 1 follows configured positive mapping.
credit_g,logreg,sigmoid,marginal_cp,10,0.9065,0.8885452160506826,0.9244547839493173,1.0,1.0,1.0,0.6883333333333332,0.6284840535022752,0.7481826131643913,1.4565,1.410047816221648,1.5029521837783517,0.4565,0.4100478162216481,0.5029521837783519,0.9349999999999999,0.7554521605068256,1.1145478394931743,0.5837696335078534,German credit; class 1 follows configured positive mapping.
credit_g,logreg,sigmoid,mondrian_cp,10,0.9029999999999999,0.8852154074172801,0.9207845925827197,0.9014285714285715,0.8804752900626374,0.9223818527945056,0.9066666666666666,0.8688836343523566,0.9444496989809766,1.573,1.5077451137631994,1.6382548862368005,0.5730000000000001,0.5077451137631995,0.6382548862368006,0.34900000000000003,0.23590726401163814,0.4620927359883619,0.5837696335078534,German credit; class 1 follows configured positive mapping.
credit_g,logreg,sigmoid,random_oversampling_threshold,10,0.42600000000000005,0.3618734113040638,0.4901265886959363,0.19785714285714287,0.0974413627780692,0.29827292293621654,0.9583333333333333,0.9353631970582951,0.9813034696083714,1.0,1.0,1.0,0.0,0.0,0.0,0.6864999999999999,0.656028810693086,0.7169711893069137,0.5837696335078534,German credit; class 1 follows configured positive mapping.
credit_g,logreg,sigmoid,raps_cp,10,0.9125,0.8981675581672595,0.9268324418327405,0.9949999999999999,0.9920118753558645,0.9979881246441352,0.72,0.6713521294541891,0.7686478705458109,1.6320000000000001,1.5696212058824832,1.694378794117517,0.632,0.5696212058824831,0.6943787941175169,0.8434999999999999,0.6979513947545738,0.989048605245426,0.5837696335078534,German credit; class 1 follows configured positive mapping.
credit_g,logreg,sigmoid,risk_controlled_rejector,10,0.9035,0.8860271499494533,0.9209728500505466,1.0,1.0,1.0,0.6783333333333333,0.6200904998315111,0.7365761668351556,1.4440000000000002,1.4012628103664062,1.4867371896335941,0.44399999999999995,0.4012628103664059,0.486737189633594,0.9650000000000001,0.7902714994945333,1.1397285005054667,0.5837696335078534,German credit; class 1 follows configured positive mapping.
credit_g,rf,isotonic,aps_cp,10,0.914,0.8994789409630167,0.9285210590369833,0.9521428571428571,0.9440464930755049,0.9602392212102092,0.825,0.7926066993665986,0.8573933006334014,1.5485,1.5020478162216482,1.5949521837783518,0.5775,0.531528122122807,0.623471877877193,0.5215,0.42187951995475803,0.6211204800452419,0.7094644167278064,German credit; class 1 follows configured positive mapping.
credit_g,rf,isotonic,capacity_limited_mondrian,10,0.7979999999999999,0.786478341168815,0.8095216588311849,0.9099999999999999,0.8876,0.9323999999999999,0.5366666666666667,0.4760790258294281,0.5972543075039053,1.1,1.1,1.1,0.1,0.1,0.1,1.4529999999999998,1.2831509239877288,1.622849076012271,0.7094644167278064,German credit; class 1 follows configured positive mapping.
credit_g,rf,isotonic,class_conditional_rejector,10,0.9744999999999999,0.9630480152132673,0.9859519847867325,0.9935714285714285,0.9882711141153483,0.9988717430275088,0.9299999999999999,0.8884506481160619,0.971549351883938,1.722,1.650457762592065,1.793542237407935,0.722,0.650457762592065,0.793542237407935,0.2145,0.09132933808915553,0.3376706619108445,0.7094644167278064,German credit; class 1 follows configured positive mapping.
credit_g,rf,isotonic,class_weighted_threshold,10,0.42800000000000005,0.3646199316293627,0.4913800683706374,0.2,0.09512970974686027,0.3048702902531397,0.96,0.9231704359227066,0.9968295640772933,1.0,1.0,1.0,0.0,0.0,0.0,0.6799999999999999,0.6284528694623389,0.731547130537661,0.7094644167278064,German credit; class 1 follows configured positive mapping.
credit_g,rf,isotonic,confidence_rejector,10,0.985,0.9791564090188005,0.9908435909811995,0.9928571428571429,0.9877450656537613,0.9979692200605245,0.9666666666666666,0.9454403145379715,0.9878930187953616,1.797,1.7506593655632554,1.8433406344367445,0.7969999999999999,0.7506593655632553,0.8433406344367446,0.10499999999999998,0.04274449778890579,0.16725550221109417,0.7094644167278064,German credit; class 1 follows configured positive mapping.
credit_g,rf,isotonic,cost_controlled_mondrian,10,0.994,0.9880121010919244,0.9999878989080756,0.9978571428571428,0.99571860753283,0.9999956781814555,0.985,0.9671408943583115,1.0028591056416885,1.9289999999999998,1.8550145071277107,2.002985492872289,0.929,0.8550145071277109,1.0029854928722892,0.0465,-0.00755420366015333,0.10055420366015333,0.7094644167278064,German credit; class 1 follows configured positive mapping.
credit_g,rf,isotonic,cost_tuned_threshold,10,0.4125,0.3408675787245902,0.48413242127540973,0.17142857142857143,0.06240421125566738,0.2804529316014755,0.975,0.9579561929715016,0.9920438070284984,1.0,1.0,1.0,0.0,0.0,0.0,0.655,0.6196958107616423,0.6903041892383578,0.7094644167278064,German credit; class 1 follows configured positive mapping.
credit_g,rf,isotonic,marginal_cp,10,0.9504999999999999,0.9348711250138299,0.96612887498617,0.975,0.9589355464871454,0.9910644535128545,0.8933333333333332,0.8497233673186426,0.9369432993480238,1.6010000000000002,1.5111007635676972,1.6908992364323032,0.6010000000000001,0.5111007635676972,0.690899236432303,0.3375,0.2082353128912102,0.4667646871087898,0.7094644167278064,German credit; class 1 follows configured positive mapping.
credit_g,rf,isotonic,mondrian_cp,10,0.9455,0.9304982089958121,0.9605017910041879,0.9407142857142856,0.9185242979820774,0.9629042734464939,0.9566666666666664,0.9173458651476388,0.9959874681856941,1.6814999999999998,1.615548111475106,1.7474518885248935,0.6815,0.6155481114751064,0.7474518885248936,0.1715,0.059238301574698546,0.28376169842530147,0.7094644167278064,German credit; class 1 follows configured positive mapping.
credit_g,rf,isotonic,random_oversampling_threshold,10,0.45949999999999996,0.4149378291971018,0.5040621708028981,0.24285714285714283,0.17119683306155237,0.3145174526527333,0.9649999999999999,0.940921025000282,0.9890789749997178,1.0,1.0,1.0,0.0,0.0,0.0,0.635,0.5913194017134991,0.678680598286501,0.7094644167278064,German credit; class 1 follows configured positive mapping.
credit_g,rf,isotonic,raps_cp,10,0.9265000000000001,0.9127140474072741,0.9402859525927261,0.9692857142857143,0.9599407215682806,0.978630707003148,0.8266666666666668,0.7946600006942999,0.8586733326390337,1.5555,1.510248707078017,1.6007512929219831,0.5555,0.510248707078017,0.600751292921983,0.5414999999999999,0.4424380976919537,0.640561902308046,0.7094644167278064,German credit; class 1 follows configured positive mapping.
credit_g,rf,isotonic,risk_controlled_rejector,10,0.932,0.9200242021838488,0.9439757978161513,0.9721428571428572,0.957028331384869,0.9872573829008454,0.8383333333333333,0.7942232521810699,0.8824434144855966,1.5075,1.4303450952088377,1.5846549047911624,0.5075000000000001,0.4303450952088377,0.5846549047911624,0.5045,0.3772722446423999,0.6317277553576,0.7094644167278064,German credit; class 1 follows configured positive mapping.
credit_g,rf,none,aps_cp,10,0.9184999999999999,0.8971264119374712,0.9398735880625285,0.975,0.963712839152382,0.9862871608476179,0.7866666666666667,0.7387555555555556,0.8345777777777779,1.53,1.4439929408581935,1.6160070591418065,0.54,0.4619000184948095,0.6180999815051906,0.648,0.50492,0.79108,0.6728797763280522,German credit; class 1 follows configured positive mapping.
credit_g,rf,none,capacity_limited_mondrian,10,0.7955,0.7830651940103595,0.8079348059896405,0.8964285714285716,0.8764925626894973,0.9163645801676459,0.56,0.5042216733094739,0.6157783266905262,1.1,1.1,1.1,0.1,0.1,0.1,1.3925,1.2344037951119635,1.5505962048880366,0.6728797763280522,German credit; class 1 follows configured positive mapping.
credit_g,rf,none,class_conditional_rejector,10,0.9540000000000001,0.931519256635462,0.9764807433645382,0.9907142857142859,0.9813692929968522,1.0000592784317195,0.8683333333333334,0.7881020965360318,0.948564570130635,1.636,1.5168781434366005,1.7551218565633993,0.6359999999999999,0.5168781434366004,0.7551218565633994,0.4015000000000001,0.1631539620169402,0.63984603798306,0.6728797763280522,German credit; class 1 follows configured positive mapping.
credit_g,rf,none,class_weighted_threshold,10,0.4669999999999999,0.4109464367273983,0.5230535632726016,0.25857142857142856,0.16622801155285238,0.35091484559000474,0.9533333333333334,0.9237925182957211,0.9828741483709457,1.0,1.0,1.0,0.0,0.0,0.0,0.659,0.6292823090473779,0.6887176909526221,0.6728797763280522,German credit; class 1 follows configured positive mapping.
credit_g,rf,none,confidence_rejector,10,0.993,0.9874949154815248,0.9985050845184752,1.0,1.0,1.0,0.9766666666666666,0.9583163849384159,0.9950169483949173,1.8860000000000003,1.825751471756104,1.9462485282438966,0.8859999999999999,0.8257514717561037,0.946248528243896,0.07,0.014949154815247806,0.1250508451847522,0.6728797763280522,German credit; class 1 follows configured positive mapping.
credit_g,rf,none,cost_controlled_mondrian,10,0.9865,0.9789019271449195,0.9940980728550806,0.9907142857142859,0.9813692929968522,1.0000592784317195,0.9766666666666666,0.9583163849384159,0.9950169483949173,1.848,1.7880996293834506,1.9079003706165496,0.8480000000000001,0.7880996293834505,0.9079003706165497,0.07650000000000001,0.022465541447044088,0.13053445855295592,0.6728797763280522,German credit; class 1 follows configured positive mapping.
credit_g,rf,none,cost_tuned_threshold,10,0.4665,0.4116812842178878,0.5213187157821122,0.2592857142857143,0.17175491970460702,0.3468165088668216,0.9499999999999998,0.9271592739731832,0.9728407260268165,1.0,1.0,1.0,0.0,0.0,0.0,0.6685,0.6463901922215501,0.6906098077784498,0.6728797763280522,German credit; class 1 follows configured positive mapping.
credit_g,rf,none,marginal_cp,10,0.9135,0.8929407512026555,0.9340592487973445,0.9921428571428571,0.9850809090326604,0.9992048052530538,0.7299999999999999,0.6760367935133483,0.7839632064866514,1.3989999999999998,1.3324882279425496,1.46551177205745,0.39899999999999997,0.33248822794254973,0.4655117720574502,0.8154999999999999,0.6493846198839157,0.9816153801160841,0.6728797763280522,German credit; class 1 follows configured positive mapping.
credit_g,rf,none,mondrian_cp,10,0.9040000000000001,0.8834537313471387,0.9245462686528616,0.8964285714285716,0.8764925626894973,0.9163645801676459,0.9216666666666666,0.8833074741005947,0.9600258592327385,1.5365000000000002,1.458989082919458,1.6140109170805423,0.5365,0.45898908291945795,0.614010917080542,0.3075,0.1875528218107839,0.42744717818921607,0.6728797763280522,German credit; class 1 follows configured positive mapping.
credit_g,rf,none,random_oversampling_threshold,10,0.469,0.42026641313335444,0.5177335868666455,0.26285714285714284,0.18235748102210436,0.3433568046921813,0.95,0.9203790197809761,0.9796209802190238,1.0,1.0,1.0,0.0,0.0,0.0,0.6659999999999999,0.6182619387816295,0.7137380612183704,0.6728797763280522,German credit; class 1 follows configured positive mapping.
credit_g,rf,none,raps_cp,10,0.9225000000000001,0.904356026406055,0.9406439735939452,0.9807142857142856,0.973776786965537,0.9876517844630343,0.7866666666666667,0.7387555555555556,0.8345777777777779,1.5325,1.447162436302776,1.617837563697224,0.5335000000000001,0.449513625179107,0.6174863748208932,0.6530000000000001,0.5064638726381028,0.7995361273618975,0.6728797763280522,German credit; class 1 follows configured positive mapping.
credit_g,rf,none,risk_controlled_rejector,10,0.908,0.8889410225294687,0.9270589774705313,0.9914285714285714,0.9845700001487785,0.9982871427083644,0.7133333333333334,0.6625392634937921,0.7641274031728746,1.3755,1.315470611271552,1.435529388728448,0.37549999999999994,0.315470611271552,0.4355293887284479,0.8660000000000002,0.7100406981862827,1.0219593018137176,0.6728797763280522,German credit; class 1 follows configured positive mapping.
credit_g,rf,sigmoid,aps_cp,10,0.9149999999999998,0.8984718287628531,0.9315281712371465,0.9971428571428571,0.9940473406718587,1.0002383736138554,0.7233333333333334,0.6719820906662197,0.774684576000447,1.6179999999999999,1.5410396627404017,1.694960337259598,0.6200000000000001,0.5461993556185917,0.6938006443814085,0.8310000000000001,0.6772319241339233,0.9847680758660768,0.654320987654321,German credit; class 1 follows configured positive mapping.
credit_g,rf,sigmoid,capacity_limited_mondrian,10,0.805,0.7914521916491593,0.8185478083508408,0.9014285714285715,0.8834998235637594,0.9193573192933835,0.5800000000000001,0.5330892310134062,0.6269107689865939,1.1,1.1,1.1,0.1,0.1,0.1,1.329,1.1939337025342327,1.4640662974657672,0.654320987654321,German credit; class 1 follows configured positive mapping.
credit_g,rf,sigmoid,class_conditional_rejector,10,0.968,0.9518506360634371,0.9841493639365628,0.9992857142857143,0.9978857142857144,1.0006857142857144,0.8949999999999999,0.8405446677553378,0.949455332244662,1.682,1.593363106753201,1.7706368932467988,0.682,0.593363106753201,0.7706368932467991,0.3155,0.1523467592857698,0.4786532407142302,0.654320987654321,German credit; class 1 follows configured positive mapping.
credit_g,rf,sigmoid,class_weighted_threshold,10,0.44400000000000006,0.3781817330320324,0.5098182669679677,0.22714285714285715,0.11653596565573306,0.33774974862998125,0.9499999999999998,0.9078275146746302,0.9921724853253695,1.0,1.0,1.0,0.0,0.0,0.0,0.6910000000000001,0.6295588715381409,0.7524411284618592,0.654320987654321,German credit; class 1 follows configured positive mapping.
credit_g,rf,sigmoid,confidence_rejector,10,0.994,0.9896662769406023,0.9983337230593977,1.0,1.0,1.0,0.9799999999999999,0.9655542564686741,0.9944457435313256,1.8849999999999998,1.8278380001904915,1.942161999809508,0.885,0.8278380001904918,0.9421619998095082,0.06,0.01666276940602278,0.10333723059397722,0.654320987654321,German credit; class 1 follows configured positive mapping.
credit_g,rf,sigmoid,cost_controlled_mondrian,10,0.9904999999999997,0.9855566363228621,0.9954433636771374,0.9957142857142858,0.9934280952876882,0.9980004761408834,0.9783333333333332,0.9614292319974056,0.9952374346692607,1.846,1.7898019391398206,1.9021980608601796,0.8459999999999999,0.7898019391398203,0.9021980608601794,0.068,0.017642449975753954,0.11835755002424606,0.654320987654321,German credit; class 1 follows configured positive mapping.
credit_g,rf,sigmoid,cost_tuned_threshold,10,0.48250000000000004,0.4367375092946685,0.5282624907053316,0.28071428571428575,0.207133219309039,0.3542953521195325,0.9533333333333331,0.9322189943988087,0.9744476722678576,1.0,1.0,1.0,0.0,0.0,0.0,0.6435,0.6174874039058852,0.6695125960941147,0.654320987654321,German credit; class 1 follows configured positive mapping.
credit_g,rf,sigmoid,marginal_cp,10,0.9099999999999999,0.8928383372988901,0.9271616627011098,1.0,1.0,1.0,0.7,0.642794457662967,0.757205542337033,1.4104999999999999,1.3648028476452487,1.456197152354751,0.41050000000000003,0.36480284764524895,0.4561971523547511,0.9,0.728383372988901,1.071616627011099,0.654320987654321,German credit; class 1 follows configured positive mapping.
credit_g,rf,sigmoid,mondrian_cp,10,0.908,0.8865193378955758,0.9294806621044243,0.9014285714285715,0.8834998235637594,0.9193573192933835,0.9233333333333332,0.8855503010190232,0.9611163656476432,1.5265,1.458039363783915,1.5949606362160849,0.5265000000000001,0.4580393637839152,0.594960636216085,0.299,0.17750986029951055,0.42049013970048943,0.654320987654321,German credit; class 1 follows configured positive mapping.
credit_g,rf,sigmoid,random_oversampling_threshold,10,0.453,0.40992952338834,0.49607047661166004,0.23428571428571426,0.1632112931953295,0.305360135376099,0.9633333333333333,0.9363078218376198,0.9903588448290467,1.0,1.0,1.0,0.0,0.0,0.0,0.646,0.5992102024416054,0.6927897975583946,0.654320987654321,German credit; class 1 follows configured positive mapping.
credit_g,rf,sigmoid,raps_cp,10,0.916,0.9008319692921081,0.931168030707892,0.9985714285714286,0.9967047619047619,1.0004380952380951,0.7233333333333334,0.6719820906662197,0.774684576000447,1.6189999999999998,1.5436284356596526,1.694371564340347,0.6190000000000001,0.5436284356596528,0.6943715643403474,0.8310000000000001,0.6772319241339233,0.9847680758660768,0.654320987654321,German credit; class 1 follows configured positive mapping.
credit_g,rf,sigmoid,risk_controlled_rejector,10,0.905,0.8870481879589954,0.9229518120410046,1.0,1.0,1.0,0.6833333333333333,0.6234939598633182,0.7431727068033485,1.3954999999999997,1.34924579947003,1.4417542005299695,0.3955,0.34924579947003015,0.4417542005299699,0.95,0.7704818795899546,1.1295181204100453,0.654320987654321,German credit; class 1 follows configured positive mapping.
uci_default,ada,isotonic,aps_cp,10,0.9021666666666667,0.8993485683673359,0.9049847649659974,0.9764819173978172,0.973833297030612,0.9791305377650223,0.6404672192916353,0.629029588343601,0.6519048502396696,1.3343166666666668,1.323164886719053,1.3454684466142806,0.34805,0.3358029234105582,0.3602970765894419,0.8015166666666668,0.7759542282804933,0.8270791050528402,0.8344861918985484,UCI credit default; class 1 = default; false negative is missed default.
uci_default,ada,isotonic,capacity_limited_mondrian,10,0.8398333333333333,0.8375239645456489,0.8421427021210177,0.9160710464369783,0.9103549437689952,0.9217871491049615,0.571363978899774,0.5591845924226859,0.583543365376862,1.1,1.1,1.1,0.1,0.1,0.1,1.0133666666666667,0.990388696072161,1.0363446372611727,0.8344861918985484,UCI credit default; class 1 = default; false negative is missed default.
uci_default,ada,isotonic,class_conditional_rejector,10,0.9619500000000001,0.9540299443791703,0.9698700556208298,0.9994222127113204,0.9987662954548184,1.0000781299678223,0.8299924642049736,0.7941197934049258,0.8658651350050215,1.5843666666666665,1.5271491704493143,1.6415841628840186,0.5843666666666667,0.5271491704493145,0.6415841628840189,0.37645,0.29714018818629107,0.45575981181370895,0.8344861918985484,UCI credit default; class 1 = default; false negative is missed default.
uci_default,ada,isotonic,class_weighted_threshold,10,0.39908333333333335,0.361488799868749,0.4366778667979177,0.24632998074042373,0.19228079442749438,0.30037916705335305,0.9370007535795027,0.9160001023235176,0.9580014048354879,1.0,1.0,1.0,0.0,0.0,0.0,0.7263166666666667,0.7150516966673094,0.737581636666024,0.8344861918985484,UCI credit default; class 1 = default; false negative is missed default.
uci_default,ada,isotonic,confidence_rejector,10,0.9993833333333333,0.9990286496105465,0.9997380170561201,0.9997004065910551,0.9994193914513533,0.9999814217307569,0.9982667671439337,0.9969632315248455,0.999570302763022,1.988716666666667,1.982589394939804,1.99484393839353,0.9887166666666666,0.9825893949398036,0.9948439383935296,0.004066666666666667,0.0011844207659672205,0.006948912567366114,0.8344861918985484,UCI credit default; class 1 = default; false negative is missed default.
uci_default,ada,isotonic,cost_controlled_mondrian,10,0.9948833333333335,0.9931698982448434,0.9965967684218235,0.994200727583993,0.9919192486427993,0.9964822065251867,0.9972871137905048,0.9964286920945149,0.9981455354864948,1.9629166666666666,1.9560676940483883,1.969765639284945,0.9629166666666666,0.9560676940483883,0.969765639284945,0.010516666666666667,0.008470569399992535,0.0125627639333408,0.8344861918985484,UCI credit default; class 1 = default; false negative is missed default.
uci_default,ada,isotonic,cost_tuned_threshold,10,0.43426666666666663,0.39183317660614897,0.4767001567271843,0.2967900706184464,0.235643468294585,0.35793667294230785,0.9183873398643557,0.8943492633944294,0.942425416334282,1.0,1.0,1.0,0.0,0.0,0.0,0.7281833333333333,0.716425808799636,0.7399408578670306,0.8344861918985484,UCI credit default; class 1 = default; false negative is missed default.
uci_default,ada,isotonic,marginal_cp,10,0.9096166666666667,0.902175156661265,0.9170581766720685,0.9955060988658252,0.993344684736848,0.9976675129948024,0.6071590052750564,0.5758375621724666,0.6384804483776462,1.2792166666666667,1.2471815981192216,1.3112517352141118,0.27921666666666667,0.24718159811922158,0.31125173521411176,0.8723333333333334,0.8027123629576672,0.9419543037089996,0.8344861918985484,UCI credit default; class 1 = default; false negative is missed default.
uci_default,ada,isotonic,mondrian_cp,10,0.9214333333333334,0.9146368520941504,0.9282298145725165,0.9160710464369783,0.9103549437689952,0.9217871491049615,0.9403165033911076,0.9220723184610757,0.9585606883211395,1.6360999999999997,1.5946320801761344,1.6775679198238649,0.6360999999999999,0.5946320801761347,0.6775679198238651,0.19736666666666663,0.15554727115704547,0.2391860621762878,0.8344861918985484,UCI credit default; class 1 = default; false negative is missed default.
uci_default,ada,isotonic,random_oversampling_threshold,10,0.3724666666666666,0.3431105453364303,0.4018227879969029,0.2081318210999358,0.1665434886185468,0.24972015358132482,0.9511680482290881,0.9364970185711471,0.965839077887029,1.0,1.0,1.0,0.0,0.0,0.0,0.7247333333333332,0.7136364709940151,0.7358301956726514,0.8344861918985484,UCI credit default; class 1 = default; false negative is missed default.
uci_default,ada,isotonic,raps_cp,10,0.9022833333333333,0.8992038562172239,0.9053628104494428,0.9834153648619731,0.9815687576707152,0.9852619720532311,0.6165787490580257,0.6036839882788833,0.6294735098371681,1.3099666666666665,1.298116493451284,1.321816839882049,0.3100333333333333,0.2982140174917559,0.32185264917491074,0.8607333333333334,0.8324109084144824,0.8890557582521843,0.8344861918985484,UCI credit default; class 1 = default; false negative is missed default.
uci_default,ada,isotonic,risk_controlled_rejector,10,0.9096166666666667,0.902175156661265,0.9170581766720685,0.9955060988658252,0.993344684736848,0.9976675129948024,0.6071590052750564,0.5758375621724666,0.6384804483776462,1.2792166666666667,1.2471815981192216,1.3112517352141118,0.27921666666666667,0.24718159811922158,0.31125173521411176,0.8723333333333334,0.8027123629576672,0.9419543037089996,0.8344861918985484,UCI credit default; class 1 = default; false negative is missed default.
uci_default,ada,none,aps_cp,10,0.9023833333333332,0.8998328914834511,0.9049337751832153,0.9793280547827947,0.9777374096982367,0.9809186998673527,0.6314242652599849,0.6222703412667977,0.640578189253172,1.4077499999999998,1.3944095112070594,1.4210904887929403,0.40774999999999995,0.3944095112070596,0.4210904887929403,0.8312666666666667,0.8107697281129687,0.8517636052203648,0.8041311831853597,UCI credit default; class 1 = default; false negative is missed default.
uci_default,ada,none,capacity_limited_mondrian,10,0.8355333333333335,0.8318536621456616,0.8392130045210053,0.9033811256152365,0.8971394940018365,0.9096227572286366,0.5966088922381312,0.5886791832289182,0.6045386012473442,1.1,1.1,1.1,0.1,0.1,0.1,0.9674166666666666,0.9532908564659326,0.9815424768674006,0.8041311831853597,UCI credit default; class 1 = default; false negative is missed default.
uci_default,ada,none,class_conditional_rejector,10,0.9524166666666668,0.9463258442445486,0.958507489088785,0.9996790070618446,0.9990949749168209,1.0002630392068683,0.7859834212509421,0.7579270314392117,0.8140398110626725,1.5166666666666666,1.4747361866718873,1.5585971466614459,0.5166666666666666,0.4747361866718873,0.558597146661446,0.4735833333333333,0.4116603514032687,0.5355063152633979,0.8041311831853597,UCI credit default; class 1 = default; false negative is missed default.
uci_default,ada,none,class_weighted_threshold,10,0.4016,0.37031990828847394,0.4328800917115261,0.24855553177830086,0.20416176804033098,0.29294929551627075,0.940542577241899,0.9251764849888036,0.9559086694949945,1.0,1.0,1.0,0.0,0.0,0.0,0.71675,0.7086992515645829,0.7248007484354171,0.8041311831853597,UCI credit default; class 1 = default; false negative is missed default.
uci_default,ada,none,confidence_rejector,10,0.9998333333333334,0.9997140515319212,0.9999526151347455,1.0,1.0,1.0,0.9992464204973626,0.998707090573871,0.9997857504208542,1.9972833333333333,1.9949484092089416,1.999618257457725,0.9972833333333334,0.9949484092089417,0.9996182574577251,0.0016666666666666666,0.00047384865254430485,0.0028594846807890283,0.8041311831853597,UCI credit default; class 1 = default; false negative is missed default.
uci_default,ada,none,cost_controlled_mondrian,10,0.9902500000000002,0.9883707594783342,0.9921292405216662,0.9890648405735074,0.9865996959001536,0.9915299852468612,0.9944235116804825,0.9930805910009501,0.9957664323600148,1.9385166666666662,1.9346040993304414,1.942429234002891,0.9385166666666667,0.9346040993304418,0.9424292340028916,0.02085,0.01767520257086387,0.02402479742913613,0.8041311831853597,UCI credit default; class 1 = default; false negative is missed default.
uci_default,ada,none,cost_tuned_threshold,10,0.4010166666666667,0.37972481221188853,0.42230852112144485,0.24795634496041088,0.21786126228486627,0.27805142763595553,0.9400150715900528,0.9291162470894597,0.9509138960906459,1.0,1.0,1.0,0.0,0.0,0.0,0.7183833333333334,0.7078071948492473,0.7289594718174195,0.8041311831853597,UCI credit default; class 1 = default; false negative is missed default.
uci_default,ada,none,marginal_cp,10,0.9047666666666666,0.902912867311455,0.9066204660218782,0.9868606890648406,0.9853650460046611,0.98835633212502,0.6156744536548606,0.6084419341432264,0.6229069731664948,1.2586166666666665,1.2521091456199975,1.2651241877133355,0.25861666666666666,0.2521091456199977,0.2651241877133356,0.8602333333333334,0.8443450899214251,0.8761215767452417,0.8041311831853597,UCI credit default; class 1 = default; false negative is missed default.
uci_default,ada,none,mondrian_cp,10,0.9048166666666665,0.9010476480040684,0.9085856853292645,0.9033811256152365,0.8971394940018365,0.9096227572286366,0.9098718914845516,0.9023883446370259,0.9173554383320773,1.5519,1.5438180967771382,1.559981903222862,0.5519000000000001,0.5438180967771382,0.5599819032228619,0.2745833333333333,0.26131985762365467,0.2878468090430119,0.8041311831853597,UCI credit default; class 1 = default; false negative is missed default.
uci_default,ada,none,random_oversampling_threshold,10,0.40148333333333336,0.3614648533744166,0.44150181329225013,0.24926171624224264,0.19218347699929414,0.30633995548519116,0.937528259231349,0.917106649602944,0.957949868859754,1.0,1.0,1.0,0.0,0.0,0.0,0.7228666666666668,0.7148062700952263,0.7309270632381072,0.8041311831853597,UCI credit default; class 1 = default; false negative is missed default.
uci_default,ada,none,raps_cp,10,0.9023833333333332,0.8998328914834511,0.9049337751832153,0.9793280547827947,0.9777374096982367,0.9809186998673527,0.6314242652599849,0.6222703412667977,0.640578189253172,1.4077499999999998,1.3944095112070594,1.4210904887929403,0.40774999999999995,0.3944095112070596,0.4210904887929403,0.8312666666666667,0.8107697281129687,0.8517636052203648,0.8041311831853597,UCI credit default; class 1 = default; false negative is missed default.
uci_default,ada,none,risk_controlled_rejector,10,0.9097166666666666,0.9065777000914235,0.9128556332419098,0.9874598758827305,0.9861011963762332,0.9888185553892279,0.63594574227581,0.62247967380241,0.6494118107492101,1.2837,1.2681815339055071,1.299218466094493,0.2837,0.2681815339055071,0.29921846609449293,0.8149333333333335,0.7851550112620227,0.8447116554046443,0.8041311831853597,UCI credit default; class 1 = default; false negative is missed default.
uci_default,ada,sigmoid,aps_cp,10,0.9026166666666666,0.9001759762057671,0.9050573571275662,0.9849989300235394,0.9830531549515608,0.9869447050955181,0.612509419743783,0.603026819658455,0.6219920198291111,1.3403166666666668,1.3327791562907756,1.347854177042558,0.34301666666666664,0.33551099891851266,0.3505223344148206,0.8665833333333334,0.8457469813801711,0.8874196852864956,0.8103108415466262,UCI credit default; class 1 = default; false negative is missed default.
uci_default,ada,sigmoid,capacity_limited_mondrian,10,0.8356333333333333,0.8321265700900498,0.8391400965766169,0.9059062700620586,0.8995773112569678,0.9122352288671494,0.5881688018085909,0.5801322128555472,0.5962053907616346,1.1,1.1,1.1,0.1,0.1,0.1,0.9841166666666666,0.9703823241632921,0.9978510091700412,0.8103108415466262,UCI credit default; class 1 = default; false negative is missed default.
uci_default,ada,sigmoid,class_conditional_rejector,10,0.9558333333333333,0.9503280334401776,0.961338633226489,0.9998502032955274,0.9996331594093396,1.0000672471817151,0.8008289374529014,0.7761205526993409,0.8255373222064619,1.5346,1.4968006780490626,1.5723993219509373,0.5346000000000001,0.4968006780490627,0.5723993219509375,0.44061666666666666,0.3859315424470621,0.4953017908862712,0.8103108415466262,UCI credit default; class 1 = default; false negative is missed default.
uci_default,ada,sigmoid,class_weighted_threshold,10,0.41115,0.38184709361821334,0.4404529063817867,0.26300021399529216,0.22066886327789664,0.3053315647126877,0.9328560663149963,0.9154583914367515,0.9502537411932411,1.0,1.0,1.0,0.0,0.0,0.0,0.7225,0.7108183991880024,0.7341816008119977,0.8103108415466262,UCI credit default; class 1 = default; false negative is missed default.
uci_default,ada,sigmoid,confidence_rejector,10,0.9999166666666666,0.9998436217794016,0.9999897115539316,1.0,1.0,1.0,0.9996232102486813,0.999292939469789,0.9999534810275735,1.9974833333333333,1.995526087737863,1.9994405789288034,0.9974833333333333,0.995526087737863,0.9994405789288036,0.0008333333333333333,0.00010288446068340193,0.0015637822059832646,0.8103108415466262,UCI credit default; class 1 = default; false negative is missed default.
uci_default,ada,sigmoid,cost_controlled_mondrian,10,0.9904833333333334,0.9889110667615207,0.992055599905146,0.9893216349240317,0.987279782816366,0.9913634870316974,0.9945742275810099,0.9935461943854578,0.995602260776562,1.9357166666666665,1.930093517507242,1.941339815826091,0.9357166666666666,0.9300935175072422,0.941339815826091,0.020316666666666667,0.017745205353725986,0.022888127979607348,0.8103108415466262,UCI credit default; class 1 = default; false negative is missed default.
uci_default,ada,sigmoid,cost_tuned_threshold,10,0.40700000000000003,0.37943084715407505,0.434569152845925,0.2575005349882303,0.21750086918293512,0.29750020079352546,0.9334589299171062,0.9163144440282415,0.950603415805971,1.0,1.0,1.0,0.0,0.0,0.0,0.72545,0.7128030301662688,0.7380969698337313,0.8103108415466262,UCI credit default; class 1 = default; false negative is missed default.
uci_default,ada,sigmoid,marginal_cp,10,0.9037666666666666,0.8995344873897339,0.9079988459435994,0.9941793280547827,0.9932273854831335,0.9951312706264319,0.585380557648832,0.5674932787300404,0.6032678365676236,1.2538666666666667,1.240425719323511,1.2673076140098223,0.25386666666666663,0.24042571932351103,0.2673076140098222,0.9215333333333333,0.8817500419985016,0.961316624668165,0.8103108415466262,UCI credit default; class 1 = default; false negative is missed default.
uci_default,ada,sigmoid,mondrian_cp,10,0.9060333333333335,0.9019114034485212,0.9101552632181458,0.9059062700620586,0.8995773112569678,0.9122352288671494,0.9064807837226827,0.8959248556593369,0.9170367117860285,1.5495833333333333,1.5348017518930224,1.5643649147736443,0.5495833333333333,0.5348017518930225,0.5643649147736441,0.2801166666666667,0.2590983439357789,0.30113498939755445,0.8103108415466262,UCI credit default; class 1 = default; false negative is missed default.
uci_default,ada,sigmoid,random_oversampling_threshold,10,0.41421666666666673,0.39118224975374016,0.4372510835795933,0.2680719024181468,0.23491369281992053,0.3012301120163731,0.9288620949510173,0.9152194285360458,0.9425047613659889,1.0,1.0,1.0,0.0,0.0,0.0,0.7273833333333333,0.7162941827663919,0.7384724839002746,0.8103108415466262,UCI credit default; class 1 = default; false negative is missed default.
uci_default,ada,sigmoid,raps_cp,10,0.9019666666666666,0.8993106704596189,0.9046226628737143,0.9863257008345816,0.9849580592015117,0.9876933424676515,0.6048982667671439,0.593788310338897,0.6160082231953907,1.3313,1.3208159959208867,1.3417840040791131,0.33130000000000004,0.3208159959208867,0.34178400407911336,0.8844833333333334,0.8599127081645432,0.9090539585021236,0.8103108415466262,UCI credit default; class 1 = default; false negative is missed default.
uci_default,ada,sigmoid,risk_controlled_rejector,10,0.9048499999999999,0.9002357698955523,0.9094642301044475,0.9944575219345173,0.9935547979463178,0.9953602459227168,0.5892991710625471,0.5697526462401752,0.6088456958849191,1.258,1.2425738605679264,1.2734261394320736,0.258,0.24257386056792635,0.27342613943207367,0.9126499999999999,0.8691707757465819,0.9561292242534178,0.8103108415466262,UCI credit default; class 1 = default; false negative is missed default.
uci_default,et,isotonic,aps_cp,10,0.9012,0.8975058571819036,0.9048941428180964,0.9700620586347102,0.9670998953071797,0.9730242219622407,0.6587038432554635,0.6450394288769324,0.6723682576339945,1.3373833333333334,1.3211916580740002,1.3535750085926666,0.3573833333333333,0.3402607468479153,0.37450591981875125,0.7599000000000001,0.7284960140266823,0.791303985973318,0.8244568730502234,UCI credit default; class 1 = default; false negative is missed default.
uci_default,et,isotonic,capacity_limited_mondrian,10,0.8414666666666667,0.8370511450205407,0.8458821883127927,0.9115771453028035,0.9025681559058399,0.9205861346997671,0.5945742275810098,0.5792451719098756,0.6099032832521439,1.1,1.1,1.1,0.1,0.1,0.1,0.9655333333333335,0.9374915035415015,0.9935751631251655,0.8244568730502234,UCI credit default; class 1 = default; false negative is missed default.
uci_default,et,isotonic,class_conditional_rejector,10,0.9594999999999999,0.9528299889129601,0.9661700110870397,0.9994222127113204,0.9990794636519384,0.9997649617707023,0.818914845516202,0.7891529460969539,0.8486767449354501,1.5489499999999998,1.5016201683710504,1.5962798316289493,0.5489499999999999,0.5016201683710506,0.5962798316289493,0.40095000000000003,0.33504326863993406,0.466856731360066,0.8244568730502234,UCI credit default; class 1 = default; false negative is missed default.
uci_default,et,isotonic,class_weighted_threshold,10,0.4391999999999999,0.40614527881837353,0.4722547211816263,0.3019901562165633,0.2540583223303435,0.3499219901027831,0.9223813112283347,0.9026803831977981,0.9420822392588712,1.0,1.0,1.0,0.0,0.0,0.0,0.7153,0.7056858078772661,0.724914192122734,0.8244568730502234,UCI credit default; class 1 = default; false negative is missed default.
uci_default,et,isotonic,confidence_rejector,10,0.9994,0.9990654434296483,0.9997345565703516,0.9995934089450031,0.9992599094590758,0.9999269084309305,0.9987189148455162,0.9977330075505345,0.9997048221404979,1.9876999999999998,1.982065949570077,1.9933340504299226,0.9877,0.9820659495700772,0.9933340504299228,0.00315,0.0009611166497532006,0.0053388833502467994,0.8244568730502234,UCI credit default; class 1 = default; false negative is missed default.
uci_default,et,isotonic,cost_controlled_mondrian,10,0.9941500000000001,0.9926314391315753,0.9956685608684249,0.9934089450032099,0.9916685459455649,0.9951493440608549,0.9967596081386587,0.9941539319266615,0.999365284350656,1.9545333333333335,1.9414619671414062,1.9676046995252607,0.9545333333333332,0.9414619671414061,0.9676046995252604,0.012300000000000002,0.006265590372243899,0.018334409627756107,0.8244568730502234,UCI credit default; class 1 = default; false negative is missed default.
uci_default,et,isotonic,cost_tuned_threshold,10,0.4398833333333333,0.40759044100600844,0.47217622566065814,0.30372351808260223,0.2573255909253481,0.35012144523985633,0.9193669932177844,0.9015514092651165,0.9371825771704523,1.0,1.0,1.0,0.0,0.0,0.0,0.7206166666666667,0.7120653108691741,0.7291680224641592,0.8244568730502234,UCI credit default; class 1 = default; false negative is missed default.
uci_default,et,isotonic,marginal_cp,10,0.9092500000000001,0.9022418769353779,0.9162581230646223,0.994436122405307,0.9915081070544981,0.9973641377561159,0.6092690278824415,0.581547041362279,0.6369910144026041,1.264233333333333,1.2362376548273146,1.2922290118393516,0.2642333333333333,0.23623765482731482,0.2922290118393518,0.8685,0.8066327484223053,0.9303672515776948,0.8244568730502234,UCI credit default; class 1 = default; false negative is missed default.
uci_default,et,isotonic,mondrian_cp,10,0.9148499999999998,0.9068582009040438,0.9228417990959559,0.9115771453028035,0.9025681559058399,0.9205861346997671,0.9263752825923135,0.9080379990993632,0.9447125660852638,1.5930166666666667,1.5483934087941122,1.6376399245392212,0.5930166666666666,0.5483934087941121,0.6376399245392211,0.23169999999999996,0.1907620698467232,0.27263793015327675,0.8244568730502234,UCI credit default; class 1 = default; false negative is missed default.
uci_default,et,isotonic,random_oversampling_threshold,10,0.3974166666666667,0.37004267352547837,0.424790659807855,0.24361224053070832,0.20458733315753344,0.28263714790388317,0.9390354182366238,0.9243154818493742,0.9537553546238735,1.0,1.0,1.0,0.0,0.0,0.0,0.7239333333333333,0.7123949947833589,0.7354716718833078,0.8244568730502234,UCI credit default; class 1 = default; false negative is missed default.
uci_default,et,isotonic,raps_cp,10,0.9027166666666666,0.8997191353284724,0.9057141980048609,0.9795634496041087,0.9774576917587061,0.9816692074495112,0.6321024868123587,0.6203422909586158,0.6438626826661016,1.3103833333333335,1.297863379045956,1.322903287620711,0.31065,0.298209812575347,0.32309018742465295,0.8288499999999999,0.80299332735164,0.8547066726483598,0.8244568730502234,UCI credit default; class 1 = default; false negative is missed default.
uci_default,et,isotonic,risk_controlled_rejector,10,0.9123666666666667,0.9042292636896797,0.9205040696436536,0.9949925101647763,0.9925015323429865,0.997483487986566,0.6214016578749056,0.5888333938058276,0.6539699219439837,1.2802833333333332,1.2425622026137295,1.318004464052937,0.28028333333333333,0.2425622026137296,0.3180044640529371,0.8412333333333333,0.7684473018339302,0.9140193648327364,0.8244568730502234,UCI credit default; class 1 = default; false negative is missed default.
uci_default,et,none,aps_cp,10,0.9012,0.8979567192650149,0.9044432807349851,0.9723090092017976,0.9701811356638979,0.9744368827396974,0.6507912584777694,0.6399593615218867,0.6616231554336521,1.3312833333333334,1.3199543824137525,1.3426122842529142,0.35174999999999995,0.3409360394642325,0.3625639605357674,0.7779666666666667,0.753581836919921,0.8023514964134124,0.8195096840615147,UCI credit default; class 1 = default; false negative is missed default.
uci_default,et,none,capacity_limited_mondrian,10,0.8352833333333333,0.8322402638871456,0.838326402779521,0.8981168414294884,0.8929195655237533,0.9033141173352236,0.6140165787490581,0.603635820296557,0.6243973372015592,1.1,1.1,1.1,0.1,0.1,0.1,0.9330166666666665,0.9125341225188944,0.9534992108144386,0.8195096840615147,UCI credit default; class 1 = default; false negative is missed default.
uci_default,et,none,class_conditional_rejector,10,0.9521833333333332,0.9480635182290078,0.9563031484376585,0.9986090306013269,0.9978249704889106,0.9993930907137432,0.7886963074604371,0.7698941287048208,0.8074984862160534,1.4942166666666667,1.4706485200098016,1.5177848133235319,0.4942166666666667,0.4706485200098015,0.5177848133235319,0.4684166666666666,0.4269113630370976,0.5099219702962356,0.8195096840615147,UCI credit default; class 1 = default; false negative is missed default.
uci_default,et,none,class_weighted_threshold,10,0.45178333333333337,0.42055825827110216,0.4830084083955646,0.3198159640487909,0.27460117762282316,0.3650307504747587,0.916503391107762,0.8978025586072859,0.9352042236082382,1.0,1.0,1.0,0.0,0.0,0.0,0.7144166666666666,0.703062813293483,0.7257705200398502,0.8195096840615147,UCI credit default; class 1 = default; false negative is missed default.
uci_default,et,none,confidence_rejector,10,0.9998666666666667,0.9997493897442002,0.9999839435891331,1.0,1.0,1.0,0.9993971363978901,0.9988668714884712,0.999927401307309,1.9938500000000001,1.9904986094354657,1.9972013905645345,0.9938499999999999,0.9904986094354656,0.9972013905645342,0.0013333333333333335,0.00016056410866848586,0.002506102557998181,0.8195096840615147,UCI credit default; class 1 = default; false negative is missed default.
uci_default,et,none,cost_controlled_mondrian,10,0.9904166666666667,0.9893730929161155,0.9914602404172179,0.9903274127969185,0.9887128615698596,0.9919419640239774,0.9907309721175585,0.9870200974343156,0.9944418468008013,1.9197000000000002,1.9100282635618835,1.9293717364381169,0.9197000000000001,0.9100282635618834,0.9293717364381168,0.028033333333333334,0.020464842719423615,0.03560182394724305,0.8195096840615147,UCI credit default; class 1 = default; false negative is missed default.
uci_default,et,none,cost_tuned_threshold,10,0.42385,0.3919981312609003,0.45570186873909974,0.2796276481917398,0.23404667167351376,0.3252086247099658,0.9317256970610398,0.9146802546778605,0.9487711394442191,1.0,1.0,1.0,0.0,0.0,0.0,0.71205,0.7029803921954477,0.7211196078045522,0.8195096840615147,UCI credit default; class 1 = default; false negative is missed default.
uci_default,et,none,marginal_cp,10,0.9014166666666668,0.8982920108732776,0.9045413224600559,0.9922747699550609,0.9910616390012157,0.9934879009089062,0.5814619442351168,0.5705497834838676,0.5923741049863659,1.2311833333333333,1.222102306826393,1.2402643598402736,0.23118333333333335,0.222102306826393,0.2402643598402737,0.9316833333333333,0.9069081820535072,0.9564584846131594,0.8195096840615147,UCI credit default; class 1 = default; false negative is missed default.
uci_default,et,none,mondrian_cp,10,0.8998333333333333,0.8964563730521424,0.9032102936145241,0.8981168414294884,0.8929195655237533,0.9033141173352236,0.9058779201205727,0.8961588766539169,0.9155969635872284,1.5180333333333336,1.5015519433404123,1.5345147233262548,0.5180333333333332,0.501551943340412,0.5345147233262545,0.2875166666666667,0.26796115289272143,0.30707218044061196,0.8195096840615147,UCI credit default; class 1 = default; false negative is missed default.
uci_default,et,none,random_oversampling_threshold,10,0.41253333333333336,0.3781573749702169,0.44690929169644983,0.2646693772737,0.21527210428467697,0.314066650262723,0.933232856066315,0.9139910437809655,0.9524746683516645,1.0,1.0,1.0,0.0,0.0,0.0,0.7203666666666667,0.7091420442258773,0.7315912891074561,0.8195096840615147,UCI credit default; class 1 = default; false negative is missed default.
uci_default,et,none,raps_cp,10,0.90205,0.8988779674234544,0.9052220325765457,0.982880376631714,0.9812973688556816,0.9844633844077464,0.6174076865109269,0.6044225415541864,0.6303928314676674,1.29405,1.2825269982884473,1.3055730017115525,0.29405000000000003,0.2825269982884474,0.30557300171155266,0.8594999999999999,0.830703633871229,0.8882963661287708,0.8195096840615147,UCI credit default; class 1 = default; false negative is missed default.
uci_default,et,none,risk_controlled_rejector,10,0.9023833333333334,0.8990077602150995,0.9057589064515673,0.9926171624224267,0.9913217466356002,0.9939125782092532,0.5846269781461945,0.5729786170760255,0.5962753392163634,1.2344500000000003,1.2243447767057252,1.2445552232942754,0.23444999999999996,0.22434477670572484,0.2445552232942751,0.9244166666666669,0.8979193100922442,0.9509140232410895,0.8195096840615147,UCI credit default; class 1 = default; false negative is missed default.
uci_default,et,sigmoid,aps_cp,10,0.9035666666666666,0.9008373975653942,0.9062959357679391,0.9815964048790926,0.9797154502366598,0.9834773595215254,0.6287867370007536,0.619416251427639,0.6381572225738682,1.3181,1.306418480388047,1.3297815196119531,0.32239999999999996,0.31162701956940303,0.3331729804305969,0.8316833333333333,0.8111750455187345,0.8521916211479321,0.8359557016564005,UCI credit default; class 1 = default; false negative is missed default.
uci_default,et,sigmoid,capacity_limited_mondrian,10,0.8358666666666666,0.8332538778345026,0.8384794554988307,0.8992296169484272,0.8943268995971156,0.9041323342997387,0.6127354935945742,0.6024895261459996,0.6229814610431489,1.1,1.1,1.1,0.1,0.1,0.1,0.9349833333333333,0.9150033378452531,0.9549633288214134,0.8359557016564005,UCI credit default; class 1 = default; false negative is missed default.
uci_default,et,sigmoid,class_conditional_rejector,10,0.9511333333333333,0.9455883758153226,0.9566782908513439,0.9986518296597474,0.9980651261130411,0.9992385332064537,0.7837980406932932,0.759321878492006,0.8082742028945803,1.4893999999999998,1.4556174718515802,1.5231825281484195,0.4894,0.45561747185158036,0.5231825281484196,0.4792166666666667,0.4249677883732055,0.5334655449601279,0.8359557016564005,UCI credit default; class 1 = default; false negative is missed default.
uci_default,et,sigmoid,class_weighted_threshold,10,0.40995,0.38158662648614555,0.4383133735138544,0.2607532634282046,0.22007932604461167,0.3014272008117975,0.9353428786737,0.91950242430629,0.95118333304111,1.0,1.0,1.0,0.0,0.0,0.0,0.71875,0.7078939088384151,0.7296060911615849,0.8359557016564005,UCI credit default; class 1 = default; false negative is missed default.
uci_default,et,sigmoid,confidence_rejector,10,0.9999333333333332,0.9998611046156766,1.0000055620509898,1.0,1.0,1.0,0.999698568198945,0.9993719877121781,1.000025148685712,1.9970333333333337,1.9948665812438495,1.9992000854228178,0.9970333333333332,0.9948665812438491,0.9992000854228174,0.0006666666666666668,-5.562050989962029e-05,0.0013889538432329538,0.8359557016564005,UCI credit default; class 1 = default; false negative is missed default.
uci_default,et,sigmoid,cost_controlled_mondrian,10,0.9906666666666666,0.9897982820445942,0.991535051288739,0.990241814680077,0.9892528115043783,0.9912308178557757,0.9921627731725697,0.9885906877660341,0.9957348585791054,1.9260666666666666,1.9161630201901982,1.935970313143135,0.9260666666666667,0.9161630201901984,0.9359703131431351,0.024933333333333335,0.017293056937324656,0.032573609729342014,0.8359557016564005,UCI credit default; class 1 = default; false negative is missed default.
uci_default,et,sigmoid,cost_tuned_threshold,10,0.4312,0.39052362896845033,0.4718763710315497,0.2918467793708538,0.2330175933900874,0.35067596535162016,0.921929163526752,0.8980011019454748,0.9458572251080293,1.0,1.0,1.0,0.0,0.0,0.0,0.7242,0.7110652916004678,0.7373347083995321,0.8359557016564005,UCI credit default; class 1 = default; false negative is missed default.
uci_default,et,sigmoid,marginal_cp,10,0.9025500000000001,0.8998654747896625,0.9052345252103376,0.9931307511234753,0.9918037315489694,0.9944577706979811,0.5835719668425019,0.5748221802788475,0.5923217534061563,1.2339,1.224917201228026,1.242882798771974,0.23390000000000005,0.22491720122802605,0.24288279877197405,0.9263499999999999,0.9063627659396624,0.9463372340603374,0.8359557016564005,UCI credit default; class 1 = default; false negative is missed default.
uci_default,et,sigmoid,mondrian_cp,10,0.9006000000000001,0.8970424148570438,0.9041575851429563,0.8992296169484272,0.8943268995971156,0.9041323342997387,0.9054257724189902,0.8949695157006115,0.915882029137369,1.5222166666666666,1.504175381282277,1.5402579520510562,0.5222166666666667,0.5041753812822771,0.5402579520510562,0.28765,0.26581738675883554,0.3094826132411645,0.8359557016564005,UCI credit default; class 1 = default; false negative is missed default.
uci_default,et,sigmoid,random_oversampling_threshold,10,0.4295,0.40603258759602434,0.45296741240397564,0.289043441044297,0.25446753896621105,0.323619343122383,0.9241145440844007,0.9081456872323749,0.9400834009364266,1.0,1.0,1.0,0.0,0.0,0.0,0.7215499999999999,0.7113847629396148,0.731715237060385,0.8359557016564005,UCI credit default; class 1 = default; false negative is missed default.
uci_default,et,sigmoid,raps_cp,10,0.9033333333333333,0.9004417233328212,0.9062249433338454,0.9835865610956558,0.982088502178436,0.9850846200128756,0.620723436322532,0.6084326094730874,0.6330142631719766,1.3067333333333333,1.291913063523557,1.3215536031431097,0.30673333333333336,0.291913063523557,0.3215536031431097,0.8516166666666667,0.8244800328142614,0.878753300519072,0.8359557016564005,UCI credit default; class 1 = default; false negative is missed default.
uci_default,et,sigmoid,risk_controlled_rejector,10,0.9026166666666666,0.8997943431251783,0.905438990208155,0.9931521506526856,0.9918272686399118,0.9944770326654594,0.5837980406932932,0.5744772243021927,0.5931188570843937,1.2345000000000002,1.2249858274916567,1.2440141725083436,0.2345,0.22498582749165652,0.24401417250834345,0.9258333333333335,0.9045604459579923,0.9471062207086747,0.8359557016564005,UCI credit default; class 1 = default; false negative is missed default.
uci_default,gb,isotonic,aps_cp,10,0.9032333333333333,0.9003758764306632,0.9060907902360035,0.9739781724802056,0.9724073123084861,0.975549032651925,0.6541070082893745,0.6441281900716764,0.6640858265070726,1.3261333333333334,1.3145013902220897,1.337765276444577,0.3428,0.3315241572847848,0.3540758427152152,0.7703333333333333,0.7478106464774124,0.7928560201892543,0.8303885922054313,UCI credit default; class 1 = default; false negative is missed default.
uci_default,gb,isotonic,capacity_limited_mondrian,10,0.8432833333333333,0.8407850273294801,0.8457816393371864,0.9116627434196447,0.9059833485682991,0.9173421382709903,0.6024868123587038,0.5926418866338085,0.6123317380835992,1.1,1.1,1.1,0.1,0.1,0.1,0.9479666666666666,0.9302745978346856,0.9656587354986477,0.8303885922054313,UCI credit default; class 1 = default; false negative is missed default.
uci_default,gb,isotonic,class_conditional_rejector,10,0.9574833333333335,0.9474743829955509,0.9674922836711161,0.9995292103573721,0.9991766223037688,0.9998817984109754,0.809419743782969,0.7645194074364426,0.8543200801294953,1.5375166666666666,1.457442640715367,1.6175906926179662,0.5375166666666666,0.45744264071536717,0.6175906926179661,0.42186666666666667,0.322486732388733,0.5212466009446004,0.8303885922054313,UCI credit default; class 1 = default; false negative is missed default.
uci_default,gb,isotonic,class_weighted_threshold,10,0.46235,0.41523775401314506,0.5094622459868549,0.33601540766103144,0.26791389580987746,0.4041169195121854,0.9072343632253203,0.8802746544731332,0.9341940719775073,1.0,1.0,1.0,0.0,0.0,0.0,0.7222999999999999,0.7135567171857264,0.7310432828142734,0.8303885922054313,UCI credit default; class 1 = default; false negative is missed default.
uci_default,gb,isotonic,confidence_rejector,10,0.9996,0.9994370300338206,0.9997629699661795,0.999764605178686,0.999572397852298,0.9999568125050741,0.9990203466465711,0.9985255524687917,0.9995151408243506,1.9884833333333334,1.9818299727269912,1.9951366939396755,0.9884833333333333,0.9818299727269912,0.9951366939396753,0.00235,0.001281500902673449,0.003418499097326551,0.8303885922054313,UCI credit default; class 1 = default; false negative is missed default.
uci_default,gb,isotonic,cost_controlled_mondrian,10,0.9936999999999999,0.9914495008400055,0.9959504991599943,0.9929167558313718,0.9898279615072614,0.9960055501554823,0.9964581763376035,0.9939569217623786,0.9989594309128284,1.9574333333333331,1.9458788727356373,1.968987793931029,0.9574333333333334,0.9458788727356376,0.9689877939310291,0.013349999999999997,0.008240697087966539,0.018459302912033456,0.8303885922054313,UCI credit default; class 1 = default; false negative is missed default.
uci_default,gb,isotonic,cost_tuned_threshold,10,0.43116666666666664,0.39368812978335727,0.468645203549976,0.28994222127113206,0.23618178846741716,0.34370265407484696,0.9284853051996986,0.9083722636877616,0.9485983467116357,1.0,1.0,1.0,0.0,0.0,0.0,0.7111833333333334,0.7041753456191269,0.7181913210475399,0.8303885922054313,UCI credit default; class 1 = default; false negative is missed default.
uci_default,gb,isotonic,marginal_cp,10,0.9075166666666667,0.9019944968077601,0.9130388365255734,0.990947999144019,0.9880179483750875,0.9938780499129505,0.613715146948003,0.590764350876111,0.636665943019895,1.2505333333333335,1.2306805386288027,1.2703861280378643,0.25053333333333333,0.2306805386288025,0.27038612803786416,0.8613833333333334,0.810619663831573,0.9121470028350938,0.8303885922054313,UCI credit default; class 1 = default; false negative is missed default.
uci_default,gb,isotonic,mondrian_cp,10,0.9156833333333333,0.9105501836059771,0.9208164830606895,0.9116627434196447,0.9059833485682991,0.9173421382709903,0.9298417483044462,0.9109402413717912,0.9487432552371012,1.5867333333333336,1.5455953416864296,1.6278713249802375,0.5867333333333333,0.5455953416864293,0.6278713249802373,0.22396666666666665,0.1832210380707177,0.2647122952626156,0.8303885922054313,UCI credit default; class 1 = default; false negative is missed default.
uci_default,gb,isotonic,random_oversampling_threshold,10,0.4347666666666667,0.3846173761289921,0.4849159572043413,0.29646907768029107,0.22427064376457279,0.36866751159600936,0.9217784476262245,0.8938686234695581,0.949688271782891,1.0,1.0,1.0,0.0,0.0,0.0,0.7209333333333333,0.7098938901464447,0.731972776520222,0.8303885922054313,UCI credit default; class 1 = default; false negative is missed default.
uci_default,gb,isotonic,raps_cp,10,0.9031666666666667,0.9003380694922163,0.9059952638411171,0.9819173978172481,0.9803817108495392,0.983453084784957,0.6258477769404671,0.6156093827948087,0.6360861710861255,1.2946000000000004,1.2838304319836287,1.3053695680163722,0.29463333333333336,0.2839155686502257,0.305351098016441,0.8414166666666667,0.8186194183326037,0.8642139150007297,0.8303885922054313,UCI credit default; class 1 = default; false negative is missed default.
uci_default,gb,isotonic,risk_controlled_rejector,10,0.9077666666666667,0.902041305870445,0.9134920274628885,0.990947999144019,0.9880179483750875,0.9938780499129505,0.6148455162019594,0.5909679058137829,0.6387231265901359,1.2517833333333335,1.2309337382565892,1.2726329284100777,0.2517833333333333,0.23093373825658908,0.2726329284100775,0.8588833333333333,0.8060546446434618,0.9117120220232049,0.8303885922054313,UCI credit default; class 1 = default; false negative is missed default.
uci_default,gb,none,aps_cp,10,0.9025833333333333,0.8995464263216633,0.9056202403450033,0.9761609244596618,0.9744794772293823,0.9778423716899414,0.6434815373021854,0.6334846385327281,0.6534784360716427,1.31875,1.3084297399664304,1.3290702600335698,0.33235000000000003,0.32221391823578444,0.34248608176421563,0.7960666666666667,0.7733396903816057,0.8187936429517277,0.8224780270234815,UCI credit default; class 1 = default; false negative is missed default.
uci_default,gb,none,capacity_limited_mondrian,10,0.8378166666666667,0.8349314398510111,0.8407018934823222,0.8996148084742135,0.8940872794974605,0.9051423374509665,0.6201959306706858,0.6112792992359963,0.6291125621053753,1.1,1.1,1.1,0.1,0.1,0.1,0.9181833333333334,0.9018597702555138,0.9345068964111529,0.8224780270234815,UCI credit default; class 1 = default; false negative is missed default.
uci_default,gb,none,class_conditional_rejector,10,0.9470333333333333,0.94121295993731,0.9528537067293565,0.9987802268350097,0.9972873963044476,1.0002730573655718,0.7648078372268274,0.7394483840239636,0.7901672904296912,1.4606166666666665,1.4252466775596269,1.495986655773706,0.4606166666666667,0.4252466775596271,0.49598665577370626,0.5211166666666667,0.46492286675340794,0.5773104665799255,0.8224780270234815,UCI credit default; class 1 = default; false negative is missed default.
uci_default,gb,none,class_weighted_threshold,10,0.4581666666666667,0.42369171531619654,0.4926416180171369,0.3283115771453028,0.27885348167363133,0.37776967261697425,0.9154483798040693,0.8967903704248292,0.9341063891833095,1.0,1.0,1.0,0.0,0.0,0.0,0.7101333333333334,0.7021383673369109,0.7181282993297559,0.8224780270234815,UCI credit default; class 1 = default; false negative is missed default.
uci_default,gb,none,confidence_rejector,10,0.9998166666666666,0.9996380756102496,0.9999952577230835,1.0,1.0,1.0,0.9991710625470986,0.9983635671902777,0.9999785579039195,1.9954833333333333,1.9919598228153454,1.999006843851321,0.9954833333333333,0.9919598228153456,0.999006843851321,0.0018333333333333333,4.742276916449e-05,0.0036192438975021766,0.8224780270234815,UCI credit default; class 1 = default; false negative is missed default.
uci_default,gb,none,cost_controlled_mondrian,10,0.9905833333333334,0.9890051955809708,0.992161471085696,0.9895570297453455,0.98724461711326,0.9918694423774311,0.994197437829691,0.99183575156873,0.9965591240906521,1.9290333333333334,1.9223257777777778,1.935740888888889,0.9290333333333333,0.9223257777777777,0.9357408888888888,0.020966666666666668,0.01646472011373736,0.025468613219595978,0.8224780270234815,UCI credit default; class 1 = default; false negative is missed default.
uci_default,gb,none,cost_tuned_threshold,10,0.42935,0.3901008055290649,0.4685991944709351,0.2867536914187888,0.2304636787001751,0.34304370413740254,0.9314996232102487,0.9102588209560308,0.9527404254644666,1.0,1.0,1.0,0.0,0.0,0.0,0.7070000000000001,0.6973428384918207,0.7166571615081795,0.8224780270234815,UCI credit default; class 1 = default; false negative is missed default.
uci_default,gb,none,marginal_cp,10,0.9016333333333334,0.8975921616660512,0.9056745050006156,0.990947999144019,0.98910796654845,0.992788031739588,0.5871137905048982,0.5736010015212015,0.6006265794885949,1.2253833333333333,1.212406349527712,1.2383603171389546,0.22538333333333332,0.212406349527712,0.23836031713895464,0.9202166666666667,0.8894161572264354,0.951017176106898,0.8224780270234815,UCI credit default; class 1 = default; false negative is missed default.
uci_default,gb,none,mondrian_cp,10,0.9007333333333334,0.8974337304840555,0.9040329361826113,0.8996148084742135,0.8940872794974605,0.9051423374509665,0.9046721929163528,0.8963133040394763,0.9130310817932293,1.5082,1.498060485569373,1.5183395144306269,0.5082,0.4980604855693732,0.5183395144306268,0.28901666666666664,0.2732157332530755,0.30481760008025777,0.8224780270234815,UCI credit default; class 1 = default; false negative is missed default.
uci_default,gb,none,random_oversampling_threshold,10,0.43921666666666664,0.4067177183676338,0.47171561496569947,0.3009843783436764,0.2546645310684066,0.34730422561894625,0.9259984928409948,0.9093624011331393,0.9426345845488503,1.0,1.0,1.0,0.0,0.0,0.0,0.7080833333333334,0.6998818600992202,0.7162848065674466,0.8224780270234815,UCI credit default; class 1 = default; false negative is missed default.
uci_default,gb,none,raps_cp,10,0.9024666666666666,0.8987044649472239,0.9062288683861094,0.9828375775732934,0.9811531105417285,0.9845220446048583,0.6194423511680482,0.6074652594808647,0.6314194428552318,1.2894166666666667,1.2762445987168696,1.3025887346164637,0.28941666666666666,0.27624459871686946,0.30258873461646385,0.8550333333333334,0.8275093839720146,0.8825572826946523,0.8224780270234815,UCI credit default; class 1 = default; false negative is missed default.
uci_default,gb,none,risk_controlled_rejector,10,0.9027000000000001,0.8984861828922835,0.9069138171077166,0.991311791140595,0.989397666678842,0.993225915602348,0.5906556141672946,0.5768546683076308,0.6044565600269585,1.22945,1.215867312433437,1.243032687566563,0.22945000000000002,0.21586731243343704,0.243032687566563,0.9121,0.8805396793081433,0.9436603206918568,0.8224780270234815,UCI credit default; class 1 = default; false negative is missed default.
uci_default,gb,sigmoid,aps_cp,10,0.9025333333333334,0.8999182764942562,0.9051483901724107,0.9817034025251445,0.9798087284968838,0.9835980765534053,0.6237377543330821,0.6152442355079024,0.6322312731582618,1.308166666666667,1.297554160929345,1.3187791724039888,0.3100333333333334,0.29984575499522664,0.3202209116714401,0.8450333333333333,0.826173488583177,0.8638931780834896,0.8244013683010263,UCI credit default; class 1 = default; false negative is missed default.
uci_default,gb,sigmoid,capacity_limited_mondrian,10,0.8375333333333334,0.8335673853374347,0.841499281329232,0.8997860047078964,0.8933425717500126,0.9062294376657801,0.618311981914092,0.6105173116467705,0.6261066521814135,1.1,1.1,1.1,0.1,0.1,0.1,0.9222166666666667,0.9081417468462692,0.9362915864870641,0.8244013683010263,UCI credit default; class 1 = default; false negative is missed default.
uci_default,gb,sigmoid,class_conditional_rejector,10,0.9480333333333333,0.9420989787978268,0.9539676878688398,0.9988658249518512,0.9980362186389807,0.9996954312647216,0.7690278824415976,0.7419114647984717,0.7961443000847235,1.4673333333333334,1.430988577534538,1.5036780891321289,0.4673333333333334,0.43098857753453795,0.5036780891321289,0.5117166666666667,0.45183815182779785,0.5715951815055356,0.8244013683010263,UCI credit default; class 1 = default; false negative is missed default.
uci_default,gb,sigmoid,class_weighted_threshold,10,0.4697000000000001,0.4501267686499782,0.48927323135002204,0.3453028033383266,0.31679870442675684,0.3738069022498963,0.9077618688771665,0.895078630028325,0.920445107726008,1.0,1.0,1.0,0.0,0.0,0.0,0.7139,0.7037140046178134,0.7240859953821865,0.8244013683010263,UCI credit default; class 1 = default; false negative is missed default.
uci_default,gb,sigmoid,confidence_rejector,10,0.9998999999999999,0.9997889546861484,1.0000110453138515,0.9999786004707897,0.9999366573935374,1.000020543548042,0.9996232102486813,0.9991692964798721,1.0000771240174904,1.99875,1.9972238065588683,2.0002761934411315,0.99875,0.9972238065588684,1.0002761934411317,0.0008500000000000001,-0.0001603222563758529,0.001860322256375853,0.8244013683010263,UCI credit default; class 1 = default; false negative is missed default.
uci_default,gb,sigmoid,cost_controlled_mondrian,10,0.9899000000000001,0.988193394619156,0.9916066053808442,0.9889364433982453,0.9865310161455577,0.9913418706509328,0.9932931424265259,0.9912107188884294,0.9953755659646224,1.9275833333333334,1.9202569234534266,1.9349097432132403,0.9275833333333333,0.9202569234534266,0.93490974321324,0.023450000000000002,0.019372245588925564,0.02752775441107444,0.8244013683010263,UCI credit default; class 1 = default; false negative is missed default.
uci_default,gb,sigmoid,cost_tuned_threshold,10,0.4631833333333334,0.4404369448488636,0.4859297218178032,0.33537342178472074,0.3022006104317998,0.3685462331376417,0.9132629992464206,0.8985826375281528,0.9279433609646884,1.0,1.0,1.0,0.0,0.0,0.0,0.7094666666666667,0.6987332043808069,0.7202001289525265,0.8244013683010263,UCI credit default; class 1 = default; false negative is missed default.
uci_default,gb,sigmoid,marginal_cp,10,0.9016833333333334,0.8978112805775965,0.9055553860890703,0.9923389685426921,0.9904571827227365,0.9942207543626477,0.5824415975885457,0.5685799266954976,0.5963032684815939,1.2253333333333332,1.2129989567608388,1.2376677099058275,0.22533333333333333,0.21299895676083894,0.23766770990582772,0.9294666666666667,0.8982179155362634,0.9607154177970699,0.8244013683010263,UCI credit default; class 1 = default; false negative is missed default.
uci_default,gb,sigmoid,mondrian_cp,10,0.9009833333333335,0.897049308729922,0.904917357936745,0.8997860047078964,0.8933425717500126,0.9062294376657801,0.905199698568199,0.8959107941764748,0.9144886029599233,1.5115833333333333,1.5009724756632943,1.5221941910033723,0.5115833333333333,0.5009724756632942,0.5221941910033724,0.2877166666666667,0.2701679088814994,0.30526542445183397,0.8244013683010263,UCI credit default; class 1 = default; false negative is missed default.
uci_default,gb,sigmoid,random_oversampling_threshold,10,0.43895000000000006,0.4009698724210466,0.47693012757895353,0.3017119623368286,0.24677647706384448,0.35664744760981276,0.9222305953278072,0.899802639734626,0.9446585509209883,1.0,1.0,1.0,0.0,0.0,0.0,0.71585,0.7030488664294384,0.7286511335705615,0.8244013683010263,UCI credit default; class 1 = default; false negative is missed default.
uci_default,gb,sigmoid,raps_cp,10,0.9024666666666666,0.8999552252331321,0.9049781081002012,0.9826449818104,0.9809332908173284,0.9843566728034717,0.620120572720422,0.6107572035961149,0.6294839418447291,1.3038666666666667,1.292185999689262,1.3155473336440715,0.3038666666666666,0.29218599968926173,0.3155473336440715,0.8536833333333332,0.8328736752372935,0.874492991429373,0.8244013683010263,UCI credit default; class 1 = default; false negative is missed default.
uci_default,gb,sigmoid,risk_controlled_rejector,10,0.9025166666666667,0.8984089569085667,0.9066243764247668,0.9926813610100579,0.9906545462165426,0.9947081758035732,0.5850037678975132,0.5702993189003324,0.599708216894694,1.2287666666666666,1.2158463495738945,1.2416869837594386,0.22876666666666665,0.2158463495738946,0.2416869837594387,0.9235333333333333,0.8903945317605695,0.9566721349060971,0.8244013683010263,UCI credit default; class 1 = default; false negative is missed default.
uci_default,gnb,isotonic,aps_cp,10,0.9039333333333334,0.9007012587100658,0.9071654079566009,0.9823881874598758,0.9794930346721579,0.9852833402475937,0.6276563677467972,0.6164651093867525,0.638847626106842,1.3739833333333333,1.3622020335894884,1.3857646330771782,0.37755,0.36580462339240155,0.38929537660759844,0.8340833333333334,0.8094510276112702,0.8587156390553966,0.8194190830959511,UCI credit default; class 1 = default; false negative is missed default.
uci_default,gnb,isotonic,capacity_limited_mondrian,10,0.8360333333333333,0.8313198654951351,0.8407468011715314,0.917248020543548,0.9077252997376632,0.9267707413494328,0.5500376789751319,0.5346621247445679,0.5654132332056959,1.1,1.1,1.1,0.1,0.1,0.1,1.0596166666666664,1.031906463989763,1.0873268693435698,0.8194190830959511,UCI credit default; class 1 = default; false negative is missed default.
uci_default,gnb,isotonic,class_conditional_rejector,10,0.9888833333333334,0.9825546402925123,0.9952120263741546,1.0,1.0,1.0,0.9497362471740768,0.9211212070497912,0.9783512872983624,1.8871333333333333,1.8249861830988166,1.94928048356785,0.8871333333333332,0.8249861830988164,0.94928048356785,0.11116666666666668,0.04787973625845501,0.17445359707487834,0.8194190830959511,UCI credit default; class 1 = default; false negative is missed default.
uci_default,gnb,isotonic,class_weighted_threshold,10,0.24780000000000002,0.21122821784253826,0.2843717821574618,0.03888294457521935,-0.014695587689816249,0.09246147684025494,0.9834966088922382,0.9601705117635044,1.006822706020972,1.0,1.0,1.0,0.0,0.0,0.0,0.78505,0.7751156506584727,0.7949843493415274,0.8194190830959511,UCI credit default; class 1 = default; false negative is missed default.
uci_default,gnb,isotonic,confidence_rejector,10,1.0,1.0,1.0,1.0,1.0,1.0,1.0,1.0,1.0,2.0,2.0,2.0,1.0,1.0,1.0,0.0,0.0,0.0,0.8194190830959511,UCI credit default; class 1 = default; false negative is missed default.
uci_default,gnb,isotonic,cost_controlled_mondrian,10,0.9953499999999998,0.9927574152370487,0.997942584762951,0.9940295313503104,0.9907007257484043,0.9973583369522164,1.0,1.0,1.0,1.9841333333333335,1.9755206696281395,1.9927459970385275,0.9841333333333333,0.9755206696281393,0.9927459970385273,0.0046500000000000005,0.002057415237048861,0.00724258476295114,0.8194190830959511,UCI credit default; class 1 = default; false negative is missed default.
uci_default,gnb,isotonic,cost_tuned_threshold,10,0.24780000000000002,0.21122821784253826,0.2843717821574618,0.03888294457521935,-0.014695587689816249,0.09246147684025494,0.9834966088922382,0.9601705117635044,1.006822706020972,1.0,1.0,1.0,0.0,0.0,0.0,0.78505,0.7751156506584727,0.7949843493415274,0.8194190830959511,UCI credit default; class 1 = default; false negative is missed default.
uci_default,gnb,isotonic,marginal_cp,10,0.9072833333333333,0.9026699769803614,0.9118966896863052,0.9968114701476566,0.9937436303892649,0.9998793099060482,0.5920120572720422,0.5708447032798792,0.6131794112642052,1.2843,1.263218717404962,1.305381282595038,0.2843,0.263218717404962,0.305381282595038,0.9048166666666667,0.8586220663574489,0.9510112669758846,0.8194190830959511,UCI credit default; class 1 = default; false negative is missed default.
uci_default,gnb,isotonic,mondrian_cp,10,0.9195833333333334,0.9159404344401881,0.9232262322264787,0.917248020543548,0.9077252997376632,0.9267707413494328,0.9278070836473248,0.9086731558213422,0.9469410114733073,1.6845500000000002,1.6562458397849102,1.7128541602150902,0.68455,0.65624583978491,0.71285416021509,0.22411666666666666,0.18877018441656446,0.25946314891676886,0.8194190830959511,UCI credit default; class 1 = default; false negative is missed default.
uci_default,gnb,isotonic,random_oversampling_threshold,10,0.2662333333333334,0.22321904664324876,0.309247620023418,0.06475497539054141,0.002958613827355898,0.12655133695372692,0.9757347400150718,0.9521519776362932,0.9993175023938503,1.0,1.0,1.0,0.0,0.0,0.0,0.7820666666666666,0.7719196243219397,0.7922137090113934,0.8194190830959511,UCI credit default; class 1 = default; false negative is missed default.
uci_default,gnb,isotonic,raps_cp,10,0.9036666666666667,0.900607683377168,0.9067256499561654,0.9842499465011769,0.9817285507781969,0.986771342224157,0.6198944988696308,0.6088960466493168,0.6308929510899447,1.3645166666666666,1.349936981173268,1.3790963521600652,0.3645166666666667,0.34993698117326805,0.3790963521600654,0.8529333333333333,0.8286146533780925,0.8772520132885742,0.8194190830959511,UCI credit default; class 1 = default; false negative is missed default.
uci_default,gnb,isotonic,risk_controlled_rejector,10,0.9066333333333334,0.902222378978436,0.9110442876882308,0.9968114701476566,0.9937436303892649,0.9998793099060482,0.5890730972117558,0.5681234675021497,0.610022726921362,1.2807333333333335,1.2600860244733272,1.3013806421933398,0.28073333333333333,0.26008602447332707,0.3013806421933396,0.9113166666666668,0.8657611302390286,0.956872203094305,0.8194190830959511,UCI credit default; class 1 = default; false negative is missed default.
uci_default,gnb,none,aps_cp,10,0.9032500000000001,0.8982131973447778,0.9082868026552224,0.903830515728654,0.8968159409762816,0.9108450904810265,0.9012057272042201,0.8892967289522863,0.9131147254561539,1.6350333333333336,1.6171456494318883,1.6529210172347788,0.6432333333333333,0.6265686225977329,0.6598980440689337,0.2761,0.2547139228353158,0.2974860771646842,0.8090087623220152,UCI credit default; class 1 = default; false negative is missed default.
uci_default,gnb,none,capacity_limited_mondrian,10,0.7395833333333333,0.706830494952892,0.7723361717137746,0.7509308795206506,0.6994328780661542,0.8024288809751471,0.6996232102486812,0.6654560459198813,0.7337903745774812,1.1,1.1,1.1,0.1,0.1,0.1,0.8583166666666667,0.8210526217651836,0.8955807115681499,0.8090087623220152,UCI credit default; class 1 = default; false negative is missed default.
uci_default,gnb,none,class_conditional_rejector,10,0.9775833333333332,0.9699707227267861,0.9851959439398804,0.9989300235394822,0.9987424483956389,0.9991175986833256,0.9024114544084402,0.8682719341531283,0.936550974663752,1.7862166666666668,1.7168320711297094,1.8556012622036242,0.7862166666666667,0.7168320711297094,0.855601262203624,0.2166666666666667,0.14110038236957334,0.29223295096376006,0.8090087623220152,UCI credit default; class 1 = default; false negative is missed default.
uci_default,gnb,none,class_weighted_threshold,10,0.3010166666666666,0.2629117331673459,0.3391216001659873,0.1146586775090948,0.059793391490470374,0.1695239635277192,0.957272042200452,0.9360339789719879,0.9785101054289161,1.0,1.0,1.0,0.0,0.0,0.0,0.7840333333333334,0.7755379341543732,0.7925287325122935,0.8090087623220152,UCI credit default; class 1 = default; false negative is missed default.
uci_default,gnb,none,confidence_rejector,10,0.9965166666666667,0.9959690735492682,0.9970642597840652,0.9989300235394822,0.9987424483956389,0.9991175986833256,0.9880180859080634,0.9858669549128909,0.9901692169032359,1.9697833333333332,1.9675117273750673,1.9720549392915991,0.9697833333333333,0.9675117273750673,0.9720549392915994,0.027333333333333338,0.022519015797759542,0.032147650868907134,0.8090087623220152,UCI credit default; class 1 = default; false negative is missed default.
uci_default,gnb,none,cost_controlled_mondrian,10,0.9906499999999999,0.9884102479303875,0.9928897520696124,0.9887866466937727,0.9865148268030517,0.9910584665844937,0.9972117558402411,0.9934878399125037,1.0009356717679787,1.9639833333333336,1.9525744535579834,1.9753922131086838,0.9639833333333334,0.9525744535579832,0.9753922131086836,0.014899999999999997,0.005787463677865406,0.024012536322134587,0.8090087623220152,UCI credit default; class 1 = default; false negative is missed default.
uci_default,gnb,none,cost_tuned_threshold,10,0.31531666666666663,0.28061237697629005,0.3500209563570432,0.13556601754761397,0.08534410824526684,0.1857879268499611,0.9483044461190655,0.9279842771788376,0.9686246150592934,1.0,1.0,1.0,0.0,0.0,0.0,0.7875833333333333,0.7779842666991801,0.7971823999674865,0.8090087623220152,UCI credit default; class 1 = default; false negative is missed default.
uci_default,gnb,none,marginal_cp,10,0.9004166666666666,0.895069512606495,0.9057638207268383,0.900064198587631,0.8926268710734147,0.9075015261018473,0.9016578749058025,0.8847408308816317,0.9185749189299733,1.6096,1.5848332371827796,1.6343667628172203,0.6095999999999999,0.5848332371827797,0.6343667628172202,0.29533333333333334,0.26006529969743,0.3306013669692367,0.8090087623220152,UCI credit default; class 1 = default; false negative is missed default.
uci_default,gnb,none,mondrian_cp,10,0.9019333333333333,0.8971199517597575,0.9067467149069091,0.9022041515086668,0.8958131250516045,0.9085951779657292,0.9009796533534289,0.8918955056983011,0.9100638010085567,1.6086666666666667,1.5938613811573512,1.6234719521759822,0.6086666666666668,0.5938613811573513,0.6234719521759823,0.29516666666666663,0.27587961944275796,0.3144537138905753,0.8090087623220152,UCI credit default; class 1 = default; false negative is missed default.
uci_default,gnb,none,random_oversampling_threshold,10,0.2910666666666667,0.25259293227263857,0.3295404010606948,0.10111277551893857,0.0451047706562726,0.15712078038160454,0.9599849284099473,0.9365882745763036,0.9833815822435911,1.0,1.0,1.0,0.0,0.0,0.0,0.7885833333333333,0.7792515809672328,0.7979150856994338,0.8090087623220152,UCI credit default; class 1 = default; false negative is missed default.
uci_default,gnb,none,raps_cp,10,0.9022166666666666,0.8968851014921726,0.9075482318411605,0.902760539268136,0.8958966671984181,0.909624411337854,0.9003014318010549,0.8857994896531528,0.914803373948957,1.6225833333333335,1.5983683319580508,1.6467983347086161,0.6225833333333333,0.5983683319580506,0.6467983347086159,0.2962333333333333,0.2653643723082934,0.3271022943583732,0.8090087623220152,UCI credit default; class 1 = default; false negative is missed default.
uci_default,gnb,none,risk_controlled_rejector,10,0.9016333333333335,0.8964987170626748,0.9067679496039922,0.9012411726942007,0.8941313708894186,0.9083509744989827,0.9030143180105501,0.8861794329992715,0.9198492030218287,1.613433333333333,1.5887323406967089,1.6381343259699572,0.6134333333333333,0.588732340696709,0.6381343259699576,0.29141666666666666,0.2562689845837402,0.3265643487495931,0.8090087623220152,UCI credit default; class 1 = default; false negative is missed default.
uci_default,gnb,sigmoid,aps_cp,10,0.9020166666666667,0.8982830478349906,0.9057502854983428,0.9891932377487695,0.9852989510807432,0.9930875244167959,0.5950263752825923,0.5753670782585255,0.614685672306659,1.3897833333333334,1.3687504614231514,1.4108162052435154,0.40125,0.37769326608293274,0.42480673391706725,0.8929499999999999,0.8533489194803855,0.9325510805196143,0.805992101320986,UCI credit default; class 1 = default; false negative is missed default.
uci_default,gnb,sigmoid,capacity_limited_mondrian,10,0.8292999999999999,0.8259562777007031,0.8326437222992967,0.9017547613952492,0.8953315641020944,0.9081779586884041,0.5741522230595327,0.5623968719467461,0.5859075741723193,1.1,1.1,1.1,0.1,0.1,0.1,1.01835,0.9961032005364734,1.0405967994635268,0.805992101320986,UCI credit default; class 1 = default; false negative is missed default.
uci_default,gnb,sigmoid,class_conditional_rejector,10,0.9804333333333334,0.9722087687900931,0.9886578978765737,1.0,1.0,1.0,0.9115297663903542,0.8743425868429224,0.948716945937786,1.8096833333333333,1.7367510634010086,1.882615603265658,0.8096833333333333,0.7367510634010086,0.882615603265658,0.19566666666666666,0.11342102123426341,0.2779123120990699,0.805992101320986,UCI credit default; class 1 = default; false negative is missed default.
uci_default,gnb,sigmoid,class_weighted_threshold,10,0.3073666666666667,0.2545383651345766,0.36019496819875674,0.12443826235822812,0.047508584464031806,0.20136794025242444,0.951544837980407,0.9187349483606545,0.9843547276001595,1.0,1.0,1.0,0.0,0.0,0.0,0.7890833333333334,0.7706808372801439,0.8074858293865228,0.805992101320986,UCI credit default; class 1 = default; false negative is missed default.
uci_default,gnb,sigmoid,confidence_rejector,10,1.0,1.0,1.0,1.0,1.0,1.0,1.0,1.0,1.0,2.0,2.0,2.0,1.0,1.0,1.0,0.0,0.0,0.0,0.805992101320986,UCI credit default; class 1 = default; false negative is missed default.
uci_default,gnb,sigmoid,cost_controlled_mondrian,10,0.9911833333333334,0.9894765542716408,0.992890112395026,0.988679649047721,0.986488192944542,0.9908711051508999,1.0,1.0,1.0,1.969616666666667,1.9639106291407726,1.9753227041925614,0.9696166666666667,0.9639106291407724,0.975322704192561,0.008816666666666667,0.007109887604974118,0.010523445728359216,0.805992101320986,UCI credit default; class 1 = default; false negative is missed default.
uci_default,gnb,sigmoid,cost_tuned_threshold,10,0.30555,0.2550632806310216,0.35603671936897835,0.12148512732719881,0.048347361507770234,0.1946228931466274,0.953730218538056,0.9238170925108722,0.9836433445652397,1.0,1.0,1.0,0.0,0.0,0.0,0.7865500000000001,0.7715131540918916,0.8015868459081086,0.805992101320986,UCI credit default; class 1 = default; false negative is missed default.
uci_default,gnb,sigmoid,marginal_cp,10,0.9026333333333334,0.8998347406005567,0.9054319260661101,1.0,1.0,1.0,0.559758854559156,0.5471050818412507,0.5724126272770612,1.2578833333333335,1.2503221701169238,1.2654444965497431,0.25788333333333335,0.25032217011692376,0.26544449654974295,0.9736666666666668,0.9456807393388997,1.0016525939944338,0.805992101320986,UCI credit default; class 1 = default; false negative is missed default.
uci_default,gnb,sigmoid,mondrian_cp,10,0.9018,0.8971895359168812,0.9064104640831189,0.9017547613952492,0.8953315641020944,0.9081779586884041,0.9019593067068575,0.8930714015640309,0.9108472118496842,1.6119166666666664,1.59923905828334,1.6245942750499929,0.6119166666666667,0.5992390582833402,0.6245942750499931,0.29335000000000006,0.2750445211615164,0.3116554788384837,0.805992101320986,UCI credit default; class 1 = default; false negative is missed default.
uci_default,gnb,sigmoid,random_oversampling_threshold,10,0.30741666666666667,0.25605680653407376,0.3587765267992596,0.12426706612454526,0.049913898243808374,0.19862023400528214,0.9523737754333081,0.9221843042210112,0.9825632466456051,1.0,1.0,1.0,0.0,0.0,0.0,0.7873833333333334,0.7728966866407734,0.8018699800258935,0.805992101320986,UCI credit default; class 1 = default; false negative is missed default.
uci_default,gnb,sigmoid,raps_cp,10,0.9020166666666667,0.8986293820263437,0.9054039513069897,0.9957628932163493,0.9901838507726086,1.0013419356600899,0.5718914845516202,0.5496233516370227,0.5941596174662177,1.36945,1.3530735998152115,1.3858264001847886,0.36945,0.35307359981521136,0.38582640018478864,0.9501333333333333,0.904005326695872,0.9962613399707946,0.805992101320986,UCI credit default; class 1 = default; false negative is missed default.
uci_default,gnb,sigmoid,risk_controlled_rejector,10,0.9026666666666665,0.9001032640282931,0.9052300693050399,1.0,1.0,1.0,0.5599095704596835,0.5483192043479725,0.5714999365713944,1.2580333333333333,1.2511033789002621,1.2649632877664045,0.2580333333333334,0.2511033789002621,0.2649632877664047,0.9733333333333334,0.9476993069495993,0.9989673597170675,0.805992101320986,UCI credit default; class 1 = default; false negative is missed default.
uci_default,hgb,isotonic,aps_cp,10,0.9029333333333334,0.8997649847429596,0.9061016819237071,0.9721164134389042,0.9690291382874532,0.9752036885903552,0.6593067068575734,0.6507325200898473,0.6678808936252996,1.3351666666666666,1.3255118382066373,1.344821495126696,0.3530666666666666,0.3442069377629747,0.3619263955703585,0.7605666666666667,0.7409828130704255,0.780150520262908,0.8301090106250862,UCI credit default; class 1 = default; false negative is missed default.
uci_default,hgb,isotonic,capacity_limited_mondrian,10,0.8449166666666666,0.8406819527185679,0.8491513806147654,0.9176118125401242,0.9094110142848406,0.9258126107954079,0.5889223813112284,0.5773231302874333,0.6005216323350235,1.1,1.1,1.1,0.1,0.1,0.1,0.9733333333333333,0.9532216999945029,0.9934449666721636,0.8301090106250862,UCI credit default; class 1 = default; false negative is missed default.
uci_default,hgb,isotonic,class_conditional_rejector,10,0.9616,0.9527856209955229,0.9704143790044771,0.9995292103573721,0.9992116225020966,0.9998467982126475,0.828033157498116,0.7877462591189792,0.8683200558772528,1.5664166666666666,1.5082657333026086,1.6245676000307245,0.5664166666666667,0.5082657333026087,0.6245676000307246,0.38070000000000004,0.2916971796157803,0.4697028203842198,0.8301090106250862,UCI credit default; class 1 = default; false negative is missed default.
uci_default,hgb,isotonic,class_weighted_threshold,10,0.4128833333333334,0.38712886436862126,0.4386378022980455,0.263235608816606,0.22652150707019988,0.2999497105630121,0.9398643556895252,0.9265133526398033,0.9532153587392471,1.0,1.0,1.0,0.0,0.0,0.0,0.7068166666666668,0.699135491316147,0.7144978420171865,0.8301090106250862,UCI credit default; class 1 = default; false negative is missed default.
uci_default,hgb,isotonic,confidence_rejector,10,0.9994166666666668,0.9991077214280017,0.9997256119053319,0.9995292103573721,0.9992116225020966,0.9998467982126475,0.9990203466465714,0.998224949282443,0.9998157440106997,1.9910999999999999,1.9856915644123116,1.996508435587688,0.9911000000000001,0.9856915644123119,0.9965084355876883,0.002533333333333333,0.0007475555555555558,0.00431911111111111,0.8301090106250862,UCI credit default; class 1 = default; false negative is missed default.
uci_default,hgb,isotonic,cost_controlled_mondrian,10,0.9943166666666666,0.9925816391612811,0.9960516941720522,0.9930451530066339,0.9907784583215845,0.9953118476916832,0.9987942727957799,0.9978811207108178,0.999707424880742,1.9663999999999997,1.9563932118249534,1.976406788175046,0.9663999999999999,0.9563932118249536,0.9764067881750462,0.008083333333333333,0.005690625429908615,0.01047604123675805,0.8301090106250862,UCI credit default; class 1 = default; false negative is missed default.
uci_default,hgb,isotonic,cost_tuned_threshold,10,0.3926333333333334,0.35525715917299167,0.4300095074936751,0.23541622084314145,0.1822939359327257,0.2885385057535572,0.9462697814619443,0.9278915653027585,0.9646479976211301,1.0,1.0,1.0,0.0,0.0,0.0,0.7143166666666667,0.7071837462597882,0.7214495870735452,0.8301090106250862,UCI credit default; class 1 = default; false negative is missed default.
uci_default,hgb,isotonic,marginal_cp,10,0.9053333333333333,0.9009064944254839,0.9097601722411828,0.9912261930237536,0.9864223321069484,0.9960300539405588,0.6028636021100227,0.5861516251120841,0.6195755791079612,1.2468,1.2317073715057913,1.2618926284942085,0.2468,0.23170737150579138,0.2618926284942086,0.8851666666666667,0.8491179314377444,0.9212154018955889,0.8301090106250862,UCI credit default; class 1 = default; false negative is missed default.
uci_default,hgb,isotonic,mondrian_cp,10,0.92095,0.9138504694956134,0.9280495305043867,0.9176118125401242,0.9094110142848406,0.9258126107954079,0.9327053504144688,0.9202694385153906,0.945141262313547,1.6039166666666667,1.568973435000731,1.6388598983326024,0.6039166666666668,0.5689734350007309,0.6388598983326026,0.213,0.1844043596865139,0.2415956403134861,0.8301090106250862,UCI credit default; class 1 = default; false negative is missed default.
uci_default,hgb,isotonic,random_oversampling_threshold,10,0.41724999999999995,0.38396470416587175,0.45053529583412816,0.2715386261502247,0.22405397241449235,0.31902327988595713,0.9303692539562924,0.9124354188790095,0.9483030890335754,1.0,1.0,1.0,0.0,0.0,0.0,0.7213499999999999,0.7077279651834533,0.7349720348165466,0.8301090106250862,UCI credit default; class 1 = default; false negative is missed default.
uci_default,hgb,isotonic,raps_cp,10,0.9030333333333331,0.8991780515242872,0.9068886151423791,0.9806976246522575,0.9781304402926008,0.9832648090119143,0.6295403165033912,0.6169260671361668,0.6421545658706155,1.3036666666666665,1.2888878327862754,1.3184455005470577,0.30366666666666664,0.2888878327862755,0.3184455005470578,0.8343666666666666,0.8058509222817279,0.8628824110516052,0.8301090106250862,UCI credit default; class 1 = default; false negative is missed default.
uci_default,hgb,isotonic,risk_controlled_rejector,10,0.9068999999999999,0.9020424814341801,0.9117575185658198,0.9912261930237536,0.9864223321069484,0.9960300539405588,0.6099472494348154,0.5957987021377164,0.6240957967319144,1.2528166666666665,1.2343497756277835,1.2712835577055495,0.25281666666666663,0.2343497756277837,0.27128355770554957,0.8695,0.8380161189114961,0.900983881088504,0.8301090106250862,UCI credit default; class 1 = default; false negative is missed default.
uci_default,hgb,none,aps_cp,10,0.9019166666666667,0.8997733250388963,0.9040600082944371,0.9728011983736359,0.9714949634757597,0.9741074332715121,0.6522984174830444,0.6445820404784743,0.6600147944876145,1.3230499999999998,1.3131474490354786,1.332952550964521,0.3423833333333334,0.3326749805061395,0.3520916861605273,0.7748166666666666,0.7571256936054738,0.7925076397278594,0.816537383482172,UCI credit default; class 1 = default; false negative is missed default.
uci_default,hgb,none,capacity_limited_mondrian,10,0.83715,0.8343818011471555,0.8399181988528444,0.8993152150652686,0.8935996424632091,0.905030787667328,0.6182366239638283,0.6072757024512696,0.629197545476387,1.1,1.1,1.1,0.1,0.1,0.1,0.92275,0.9020813944457892,0.9434186055542108,0.816537383482172,UCI credit default; class 1 = default; false negative is missed default.
uci_default,hgb,none,class_conditional_rejector,10,0.9510666666666667,0.9473541463487276,0.9547791869846058,0.9981596404879094,0.9973087483230697,0.9990105326527491,0.7852298417483043,0.7687810158878234,0.8016786676087853,1.48055,1.4581542236775231,1.502945776322477,0.4805499999999999,0.45815422367752295,0.5029457763224768,0.4764333333333333,0.4400329911127198,0.5128336755539468,0.816537383482172,UCI credit default; class 1 = default; false negative is missed default.
uci_default,hgb,none,class_weighted_threshold,10,0.44416666666666665,0.4051026203255206,0.48323071300781273,0.30766103145730794,0.251078175847722,0.36424388706689387,0.9248681235870384,0.9016007093418926,0.9481355378321842,1.0,1.0,1.0,0.0,0.0,0.0,0.7053833333333334,0.6925416395851945,0.7182250270814722,0.816537383482172,UCI credit default; class 1 = default; false negative is missed default.
uci_default,hgb,none,confidence_rejector,10,0.9997333333333334,0.9994937777777778,0.9999728888888889,1.0,1.0,1.0,0.9987942727957799,0.9977111278573223,0.9998774177342376,1.9932500000000002,1.9885208488742303,1.99797915112577,0.9932500000000001,0.9885208488742302,0.99797915112577,0.002666666666666667,0.0002711111111111117,0.005062222222222222,0.816537383482172,UCI credit default; class 1 = default; false negative is missed default.
uci_default,hgb,none,cost_controlled_mondrian,10,0.9903666666666666,0.989102617206781,0.9916307161265522,0.9896854269206077,0.9876926525102737,0.9916782013309416,0.9927656367746799,0.9888011643915775,0.9967301091577823,1.9228333333333336,1.9091842077519712,1.936482458914696,0.9228333333333334,0.909184207751971,0.9364824589146958,0.02403333333333333,0.016065255429504738,0.03200141123716192,0.816537383482172,UCI credit default; class 1 = default; false negative is missed default.
uci_default,hgb,none,cost_tuned_threshold,10,0.4399166666666667,0.4067153302180339,0.47311800311529945,0.3017761609244597,0.25435604169552833,0.34919628015339105,0.9263752825923135,0.9091503957806671,0.9436001694039599,1.0,1.0,1.0,0.0,0.0,0.0,0.7066333333333333,0.6993228735987569,0.7139437930679098,0.816537383482172,UCI credit default; class 1 = default; false negative is missed default.
uci_default,hgb,none,marginal_cp,10,0.9013,0.8977285772382411,0.9048714227617589,0.991675583137171,0.9894251590836294,0.9939260071907126,0.5830444611906557,0.5727522288577712,0.5933366935235401,1.2281166666666665,1.2159188703447439,1.2403144629885892,0.22811666666666666,0.21591887034474397,0.24031446298858936,0.92865,0.9048541799821693,0.9524458200178306,0.816537383482172,UCI credit default; class 1 = default; false negative is missed default.
uci_default,hgb,none,mondrian_cp,10,0.9005166666666666,0.8970375175653581,0.9039958157679752,0.8993152150652686,0.8935996424632091,0.905030787667328,0.9047475508666164,0.8966002765931901,0.9128948251400427,1.5113666666666667,1.4979156666928248,1.5248176666405087,0.5113666666666667,0.4979156666928248,0.5248176666405087,0.2890833333333333,0.2737561826877116,0.304410483978955,0.816537383482172,UCI credit default; class 1 = default; false negative is missed default.
uci_default,hgb,none,random_oversampling_threshold,10,0.4237666666666667,0.3980537504100506,0.44947958292328277,0.27958484913331905,0.242903888815997,0.3162658094506411,0.9314996232102487,0.9174866423332334,0.945512604087264,1.0,1.0,1.0,0.0,0.0,0.0,0.7125833333333333,0.7011536042718134,0.7240130623948533,0.816537383482172,UCI credit default; class 1 = default; false negative is missed default.
uci_default,hgb,none,raps_cp,10,0.9038666666666666,0.9013765608530588,0.9063567724802744,0.9828803766317142,0.9814127018471994,0.984348051416229,0.625621703089676,0.6170042302318623,0.6342391759474897,1.2944333333333333,1.285310133807934,1.3035565328587326,0.2944333333333333,0.28531013380793396,0.3035565328587327,0.8413333333333333,0.8219125489726236,0.860754117694043,0.816537383482172,UCI credit default; class 1 = default; false negative is missed default.
uci_default,hgb,none,risk_controlled_rejector,10,0.9020833333333333,0.8985629200228621,0.9056037466438046,0.9919537770169058,0.9897912779313829,0.9941162761024287,0.5856066314996233,0.574998019673236,0.5962152433260106,1.2305166666666667,1.218136,1.2428973333333333,0.23051666666666665,0.218136,0.2428973333333333,0.9227666666666666,0.8983975766073109,0.9471357567260223,0.816537383482172,UCI credit default; class 1 = default; false negative is missed default.
uci_default,hgb,sigmoid,aps_cp,10,0.9033666666666667,0.9004804742841086,0.9062528590492247,0.9815964048790926,0.9793603147438129,0.9838324950143723,0.6278824415975885,0.6196741071146185,0.6360907760805586,1.3141833333333335,1.3049293856298523,1.3234372810368147,0.31751666666666667,0.30875771456462126,0.3262756187687121,0.8344666666666667,0.8161127152490025,0.8528206180843309,0.8248526366098454,UCI credit default; class 1 = default; false negative is missed default.
uci_default,hgb,sigmoid,capacity_limited_mondrian,10,0.8369166666666666,0.8340159475987265,0.8398173857346067,0.9007917825807832,0.8960422653601853,0.9055412998013811,0.6119819140919367,0.6034929627493983,0.620470865434475,1.1,1.1,1.1,0.1,0.1,0.1,0.9354333333333334,0.9187529771420926,0.9521136895245743,0.8248526366098454,UCI credit default; class 1 = default; false negative is missed default.
uci_default,hgb,sigmoid,class_conditional_rejector,10,0.9510166666666668,0.9453357443410989,0.9566975889922348,0.9992296169484272,0.9986802498024024,0.9997789840944519,0.7812358703843255,0.754389146718568,0.808082594050083,1.4887166666666667,1.4559002923429685,1.521533040990365,0.48871666666666674,0.4559002923429684,0.521533040990365,0.4844333333333333,0.42532292803930166,0.543543738627365,0.8248526366098454,UCI credit default; class 1 = default; false negative is missed default.
uci_default,hgb,sigmoid,class_weighted_threshold,10,0.40983333333333327,0.37469018035885393,0.4449764863078126,0.2591910977958485,0.20886003424317895,0.309522161348518,0.9403165033911078,0.9215316078316453,0.9591013989505703,1.0,1.0,1.0,0.0,0.0,0.0,0.7089666666666667,0.7003379109633423,0.7175954223699912,0.8248526366098454,UCI credit default; class 1 = default; false negative is missed default.
uci_default,hgb,sigmoid,confidence_rejector,10,0.9998999999999999,0.9997889546861484,1.0000110453138515,1.0,1.0,1.0,0.9995478522984176,0.9990457634641225,1.0000499411327126,1.9964500000000005,1.9935645266259088,1.9993354733740922,0.99645,0.9935645266259082,0.9993354733740917,0.001,-0.00011045313851576195,0.002110453138515762,0.8248526366098454,UCI credit default; class 1 = default; false negative is missed default.
uci_default,hgb,sigmoid,cost_controlled_mondrian,10,0.99075,0.989320898149618,0.992179101850382,0.9897710250374491,0.9875561904933193,0.9919858595815788,0.9941974378296912,0.9918981585450373,0.9964967171143451,1.932633333333333,1.9263432113654877,1.9389234553011783,0.9326333333333334,0.9263432113654881,0.9389234553011787,0.020800000000000003,0.016686996975865058,0.024913003024134947,0.8248526366098454,UCI credit default; class 1 = default; false negative is missed default.
uci_default,hgb,sigmoid,cost_tuned_threshold,10,0.3839666666666666,0.35205212279682957,0.4158812105365037,0.22332548683928954,0.17805799119777804,0.26859298248080105,0.9496608892238132,0.9342863597595557,0.9650354186880707,1.0,1.0,1.0,0.0,0.0,0.0,0.7162333333333335,0.7099707168959349,0.7224959497707321,0.8248526366098454,UCI credit default; class 1 = default; false negative is missed default.
uci_default,hgb,sigmoid,marginal_cp,10,0.9013833333333332,0.8973561958761851,0.9054104707904813,0.9934303445324202,0.990957599433522,0.9959030896313184,0.5772418990203466,0.5652405458126476,0.5892432522280456,1.2302000000000002,1.2172637616931792,1.2431362383068212,0.23019999999999996,0.2172637616931789,0.24313623830682102,0.9401166666666667,0.9124964660782711,0.9677368672550624,0.8248526366098454,UCI credit default; class 1 = default; false negative is missed default.
uci_default,hgb,sigmoid,mondrian_cp,10,0.9019833333333335,0.8986743112555723,0.9052923554110947,0.9007917825807832,0.8960422653601853,0.9055412998013811,0.9061793519216277,0.8979933434282716,0.9143653604149837,1.5230833333333333,1.5089330347368242,1.5372336319298425,0.5230833333333333,0.5089330347368242,0.5372336319298425,0.28476666666666667,0.26799316831029774,0.3015401650230356,0.8248526366098454,UCI credit default; class 1 = default; false negative is missed default.
uci_default,hgb,sigmoid,random_oversampling_threshold,10,0.44078333333333336,0.39934722506178644,0.4822194416048803,0.3052856837149583,0.24512322613160437,0.3654481412983122,0.9179351921627731,0.8929193032289571,0.9429510810965891,1.0,1.0,1.0,0.0,0.0,0.0,0.7225666666666667,0.7097349346184191,0.7353983987149143,0.8248526366098454,UCI credit default; class 1 = default; false negative is missed default.
uci_default,hgb,sigmoid,raps_cp,10,0.9028666666666666,0.8997934525932997,0.9059398807400335,0.9831585705114486,0.9814066972165253,0.9849104438063719,0.620120572720422,0.6090907593238741,0.6311503861169698,1.3036333333333334,1.2906575602081,1.3166091064585668,0.3036333333333333,0.29065756020809985,0.31660910645856677,0.8532833333333333,0.8285191630179884,0.8780475036486781,0.8248526366098454,UCI credit default; class 1 = default; false negative is missed default.
uci_default,hgb,sigmoid,risk_controlled_rejector,10,0.9023999999999999,0.8981504864243504,0.9066495135756494,0.9937085384121549,0.9912547190275084,0.9961623577968014,0.5808590806330068,0.5678912144040262,0.5938269468619874,1.2340000000000002,1.22016768196497,1.2478323180350304,0.23400000000000004,0.22016768196496983,0.24783231803503025,0.9319000000000001,0.9021001447977667,0.9616998552022334,0.8248526366098454,UCI credit default; class 1 = default; false negative is missed default.
uci_default,logreg,isotonic,aps_cp,10,0.90245,0.8997562156501574,0.9051437843498426,0.9813396105285683,0.9785164124751838,0.9841628085819528,0.6246420497362472,0.613782774205123,0.6355013252673714,1.3803333333333332,1.3683520914100311,1.3923145752566353,0.38313333333333327,0.370736076297009,0.39553059036965754,0.8419500000000001,0.8177145498290697,0.8661854501709305,0.8140515982476066,UCI credit default; class 1 = default; false negative is missed default.
uci_default,logreg,isotonic,capacity_limited_mondrian,10,0.8307666666666667,0.8270823583727073,0.834450974960626,0.9084314145088808,0.9031899467877555,0.913672882230006,0.5572720422004521,0.5537132138535782,0.560830870547326,1.1,1.1,1.1,0.1,0.1,0.1,1.0504833333333334,1.0440400087218162,1.0569266579448506,0.8140515982476066,UCI credit default; class 1 = default; false negative is missed default.
uci_default,logreg,isotonic,class_conditional_rejector,10,0.99795,0.9966680211862077,0.9992319788137923,0.9999358014123689,0.999871732303573,0.9999998705211649,0.9909570459683497,0.9851274574576022,0.9967866344790971,1.9753666666666667,1.959890356652509,1.9908429766808244,0.9753666666666666,0.9598903566525088,0.9908429766808244,0.020049999999999995,0.0071650760485531765,0.032934923951446815,0.8140515982476066,UCI credit default; class 1 = default; false negative is missed default.
uci_default,logreg,isotonic,class_weighted_threshold,10,0.2242833333333333,0.2184592433826984,0.23010742328396822,0.0045153006633854055,-0.0039684175581248225,0.012999018884895634,0.99819140919367,0.994646571213263,1.001736247174077,1.0,1.0,1.0,0.0,0.0,0.0,0.7793166666666667,0.778052007653433,0.7805813256799004,0.8140515982476066,UCI credit default; class 1 = default; false negative is missed default.
uci_default,logreg,isotonic,confidence_rejector,10,0.9997666666666666,0.9996454131316539,0.9998879202016793,0.9999358014123689,0.999871732303573,0.9999998705211649,0.9991710625470989,0.9987065912328856,0.9996355338613121,1.9978333333333331,1.996864283397686,1.9988023832689803,0.9978333333333333,0.9968642833976862,0.9988023832689805,0.0018833333333333334,0.0008468277843436431,0.002919838882323024,0.8140515982476066,UCI credit default; class 1 = default; false negative is missed default.
uci_default,logreg,isotonic,cost_controlled_mondrian,10,0.9958,0.9933275747299364,0.9982724252700637,0.9952279049860904,0.9920674199741959,0.9983883899979848,0.9978146194423511,0.9963139959164987,0.9993152429682034,1.9813333333333332,1.9716880885636725,1.9909785781029938,0.9813333333333333,0.9716880885636726,0.990978578102994,0.00855,0.004486518180940494,0.012613481819059507,0.8140515982476066,UCI credit default; class 1 = default; false negative is missed default.
uci_default,logreg,isotonic,cost_tuned_threshold,10,0.23061666666666664,0.22086517573665884,0.24036815759667443,0.013310507168842287,-0.0003801655661400394,0.027001179903824613,0.9958553127354935,0.9915730988049669,1.0001375266660202,1.0,1.0,1.0,0.0,0.0,0.0,0.7776333333333333,0.7747360702911152,0.7805305963755513,0.8140515982476066,UCI credit default; class 1 = default; false negative is missed default.
uci_default,logreg,isotonic,marginal_cp,10,0.9080166666666667,0.9043766330960713,0.9116567002372621,0.9976032527284401,0.9952332317342569,0.9999732737226232,0.5925395629238885,0.5751745212659986,0.6099046045817785,1.3028499999999998,1.283155587821371,1.3225444121786287,0.30285,0.28315558782137107,0.32254441217862895,0.9030333333333334,0.8652268413988116,0.9408398252678551,0.8140515982476066,UCI credit default; class 1 = default; false negative is missed default.
uci_default,logreg,isotonic,mondrian_cp,10,0.9165833333333333,0.9097875412256854,0.9233791254409812,0.9084314145088808,0.9031899467877555,0.913672882230006,0.9452901281085155,0.9249950253229394,0.9655852308940917,1.7190166666666666,1.6804678330489817,1.7575655002843515,0.7190166666666667,0.6804678330489818,0.7575655002843517,0.19231666666666666,0.14621759521622862,0.2384157381171047,0.8140515982476066,UCI credit default; class 1 = default; false negative is missed default.
uci_default,logreg,isotonic,random_oversampling_threshold,10,0.2264,0.21982087602364142,0.23297912397635856,0.007511234752835438,-0.001966921158930799,0.016989390664601676,0.9972117558402411,0.9934683632319186,1.0009551484485637,1.0,1.0,1.0,0.0,0.0,0.0,0.7791499999999999,0.777123700947083,0.7811762990529167,0.8140515982476066,UCI credit default; class 1 = default; false negative is missed default.
uci_default,logreg,isotonic,raps_cp,10,0.9022,0.9000497270227845,0.9043502729772155,0.9825593836935587,0.9798194949991991,0.9852992723879183,0.6192162773172569,0.6108174655073264,0.6276150891271874,1.3728333333333333,1.3636401184440794,1.3820265482225873,0.37283333333333335,0.3636401184440794,0.3820265482225873,0.8557500000000001,0.8379793967185227,0.8735206032814775,0.8140515982476066,UCI credit default; class 1 = default; false negative is missed default.
uci_default,logreg,isotonic,risk_controlled_rejector,10,0.9105833333333333,0.9065972711656121,0.9145693955010545,0.9987588273057995,0.9975339107102343,0.9999837439013646,0.6000753579502638,0.5831944605778796,0.616956255322648,1.3167666666666666,1.2918448472574287,1.3416884860759046,0.31676666666666664,0.29184484725742876,0.3416884860759045,0.8854666666666666,0.8479806390764587,0.9229526942568745,0.8140515982476066,UCI credit default; class 1 = default; false negative is missed default.
uci_default,logreg,none,aps_cp,10,0.9030666666666667,0.8997793040778846,0.9063540292554487,0.9831799700406592,0.9816266283730269,0.9847333117082914,0.6209495101733233,0.6100089530868356,0.6318900672598111,1.4082333333333332,1.3953173300834645,1.421149336583202,0.4229,0.4111287938165902,0.4346712061834098,0.8369,0.8131666581106964,0.8606333418893035,0.7777003664137896,UCI credit default; class 1 = default; false negative is missed default.
uci_default,logreg,none,capacity_limited_mondrian,10,0.8265,0.8228493792173432,0.8301506207826568,0.8998074042371067,0.8943301957617747,0.9052846127124387,0.5683496608892239,0.5620454192870299,0.5746539024914179,1.1,1.1,1.1,0.1,0.1,0.1,1.0326999999999997,1.0206809353992687,1.0447190646007307,0.7777003664137896,UCI credit default; class 1 = default; false negative is missed default.
uci_default,logreg,none,class_conditional_rejector,10,0.9957,0.9927049418810644,0.9986950581189357,0.9994864112989514,0.9987408148487936,1.0002320077491094,0.9823662396382817,0.9686969478195323,0.9960355314570312,1.9568166666666666,1.9278278164226654,1.9858055169106679,0.9568166666666666,0.9278278164226653,0.985805516910668,0.0394,0.009246380047382145,0.06955361995261786,0.7777003664137896,UCI credit default; class 1 = default; false negative is missed default.
uci_default,logreg,none,class_weighted_threshold,10,0.23876666666666665,0.2289045308100522,0.24862880252328112,0.02467365717954205,0.010891592011999357,0.03845572234708474,0.992690278824416,0.9886121813369342,0.9967683763118977,1.0,1.0,1.0,0.0,0.0,0.0,0.7757833333333334,0.7728040529413056,0.7787626137253612,0.7777003664137896,UCI credit default; class 1 = default; false negative is missed default.
uci_default,logreg,none,confidence_rejector,10,0.9998833333333333,0.9997982883924179,0.9999683782742488,1.0,1.0,1.0,0.9994724943481538,0.9990879656024925,0.9998570230938151,1.9990666666666665,1.9983776486142593,1.9997556847190738,0.9990666666666665,0.9983776486142591,0.999755684719074,0.0011666666666666668,0.00031621725751238667,0.002017116075820947,0.7777003664137896,UCI credit default; class 1 = default; false negative is missed default.
uci_default,logreg,none,cost_controlled_mondrian,10,0.9903333333333333,0.9882134929014162,0.9924531737652503,0.9895570297453457,0.9872933121329569,0.9918207473577344,0.9930670685757349,0.9907704263825379,0.9953637107689319,1.9504833333333333,1.9431149339761853,1.9578517326904814,0.9504833333333333,0.9431149339761853,0.9578517326904814,0.023466666666666663,0.017127724526467707,0.02980560880686562,0.7777003664137896,UCI credit default; class 1 = default; false negative is missed default.
uci_default,logreg,none,cost_tuned_threshold,10,0.23759999999999998,0.22829599400231607,0.2469040059976839,0.02287609672587203,0.0099610111490027,0.035791182302741364,0.9937452901281084,0.9902151845395953,0.9972753957166215,1.0,1.0,1.0,0.0,0.0,0.0,0.77485,0.7717022069734064,0.7779977930265937,0.7777003664137896,UCI credit default; class 1 = default; false negative is missed default.
uci_default,logreg,none,marginal_cp,10,0.9018166666666667,0.8997595886839056,0.9038737446494278,0.9971966616734432,0.9968243881470411,0.9975689351998454,0.5659382064807839,0.5556933036896504,0.5761831092719173,1.2695166666666666,1.2591268805402305,1.2799064527931028,0.2695166666666667,0.2591268805402305,0.2799064527931029,0.9621833333333333,0.9397418933705114,0.9846247732961552,0.7777003664137896,UCI credit default; class 1 = default; false negative is missed default.
uci_default,logreg,none,mondrian_cp,10,0.9025166666666667,0.8986550392415557,0.9063782940917778,0.8998074042371067,0.8943301957617747,0.9052846127124387,0.9120572720422004,0.9035352619128761,0.9205792821715247,1.6459000000000004,1.6316350402128719,1.6601649597871289,0.6458999999999999,0.6316350402128713,0.6601649597871285,0.27253333333333335,0.25506728401430256,0.28999938265236413,0.7777003664137896,UCI credit default; class 1 = default; false negative is missed default.
uci_default,logreg,none,random_oversampling_threshold,10,0.23833333333333334,0.22930829009620152,0.24735837657046517,0.02398887224481061,0.011418468315112939,0.036559276174508284,0.9931424265259986,0.9894289399299332,0.996855913122064,1.0,1.0,1.0,0.0,0.0,0.0,0.7753166666666667,0.7717696790106269,0.7788636543227064,0.7777003664137896,UCI credit default; class 1 = default; false negative is missed default.
uci_default,logreg,none,raps_cp,10,0.9041833333333334,0.9013067493767525,0.9070599172899144,0.9907982024395462,0.9898115738247183,0.9917848310543741,0.5991710625470988,0.5874715183535751,0.6108706067406225,1.3839666666666666,1.3717337572058497,1.3961995761274835,0.3839666666666667,0.3717337572058498,0.3961995761274836,0.8936666666666666,0.8675894714073487,0.9197438619259846,0.7777003664137896,UCI credit default; class 1 = default; false negative is missed default.
uci_default,logreg,none,risk_controlled_rejector,10,0.9032666666666666,0.9008317396999316,0.9057015936334015,0.997239460731864,0.9968273167868316,0.9976516046768964,0.5723436322532026,0.5603700828117737,0.5843171816946315,1.2766,1.264492045173768,1.288707954826232,0.2766,0.26449204517376806,0.28870795482623196,0.9479833333333334,0.9217249205777146,0.9742417460889522,0.7777003664137896,UCI credit default; class 1 = default; false negative is missed default.
uci_default,logreg,sigmoid,aps_cp,10,0.9028333333333333,0.8998544708443292,0.9058121958223373,0.9860903060132676,0.9842250045248814,0.9879556075016539,0.6096458176337605,0.5982452283898707,0.6210464068776502,1.38495,1.3746432136919404,1.3952567863080594,0.38888333333333336,0.37854369831100004,0.3992229683556667,0.86995,0.8447585114305312,0.8951414885694688,0.7810124618646259,UCI credit default; class 1 = default; false negative is missed default.
uci_default,logreg,sigmoid,capacity_limited_mondrian,10,0.8257333333333333,0.8223192889629475,0.8291473777037192,0.898566231542906,0.8928265138739706,0.9043059492118415,0.5692539562923888,0.5615659032926302,0.5769420092921475,1.1,1.1,1.1,0.1,0.1,0.1,1.0316666666666667,1.0176341880439752,1.0456991452893583,0.7810124618646259,UCI credit default; class 1 = default; false negative is missed default.
uci_default,logreg,sigmoid,class_conditional_rejector,10,0.99595,0.9930051443389875,0.9988948556610125,0.9995078108281618,0.9987626077288358,1.0002530139274877,0.9834212509419743,0.9698716487691154,0.9969708531148332,1.9603833333333334,1.9306136587468072,1.9901530079198595,0.9603833333333334,0.9306136587468073,0.9901530079198594,0.03705000000000001,0.007184969587645425,0.06691503041235458,0.7810124618646259,UCI credit default; class 1 = default; false negative is missed default.
uci_default,logreg,sigmoid,class_weighted_threshold,10,0.23095,0.22448488785007475,0.23741511214992522,0.013845495399101218,0.004675381215840475,0.023015609582361964,0.9954785229841748,0.9923491698346286,0.998607876133721,1.0,1.0,1.0,0.0,0.0,0.0,0.7780499999999999,0.7766302208309427,0.7794697791690571,0.7810124618646259,UCI credit default; class 1 = default; false negative is missed default.
uci_default,logreg,sigmoid,confidence_rejector,10,0.9998666666666667,0.9997493897442002,0.9999839435891331,0.9998502032955274,0.9997243740637706,0.9999760325272843,0.9999246420497363,0.9997769404672193,1.0000723436322532,1.9994833333333335,1.9990746009357436,1.9998920657309234,0.9994833333333333,0.9990746009357435,0.999892065730923,0.00028333333333333335,-0.00010025859232738591,0.0006669252589940526,0.7810124618646259,UCI credit default; class 1 = default; false negative is missed default.
uci_default,logreg,sigmoid,cost_controlled_mondrian,10,0.9901,0.9879330290356135,0.9922669709643864,0.9892360368071902,0.9868387494961315,0.9916333241182489,0.9931424265259986,0.9910952212581196,0.9951896317938776,1.9495,1.9415240096709943,1.9574759903290058,0.9494999999999999,0.941524009670994,0.9574759903290058,0.023549999999999995,0.0177161463046909,0.02938385369530909,0.7810124618646259,UCI credit default; class 1 = default; false negative is missed default.
uci_default,logreg,sigmoid,cost_tuned_threshold,10,0.2329333333333333,0.22431194596252513,0.24155472070414147,0.01652043655039589,0.004409317009296608,0.028631556091495175,0.9950263752825924,0.9912562057925758,0.998796544772609,1.0,1.0,1.0,0.0,0.0,0.0,0.7769666666666667,0.7747077536100108,0.7792255797233226,0.7810124618646259,UCI credit default; class 1 = default; false negative is missed default.
uci_default,logreg,sigmoid,marginal_cp,10,0.9020833333333332,0.8998762170649364,0.9042904496017301,0.9955916969826664,0.9949880792501027,0.99619531471523,0.5727957799547851,0.5621301983293172,0.5834613615802531,1.2718833333333337,1.2618700482296377,1.2818966184370297,0.27188333333333337,0.26187004822963733,0.2818966184370294,0.9482666666666665,0.9248677542892836,0.9716655790440494,0.7810124618646259,UCI credit default; class 1 = default; false negative is missed default.
uci_default,logreg,sigmoid,mondrian_cp,10,0.9015500000000001,0.8976615687824866,0.9054384312175136,0.898566231542906,0.8928265138739706,0.9043059492118415,0.9120572720422004,0.9042943863626718,0.9198201577217291,1.6446333333333332,1.63166596955887,1.6576006971077963,0.6446333333333333,0.6316659695588701,0.6576006971077965,0.27349999999999997,0.25811680917364666,0.2888831908263533,0.7810124618646259,UCI credit default; class 1 = default; false negative is missed default.
uci_default,logreg,sigmoid,random_oversampling_threshold,10,0.23195000000000002,0.22339559436010592,0.24050440563989411,0.015407661031457307,0.0031797372970903386,0.027635584765824277,0.9944988696307462,0.9899328437624642,0.9990648954990282,1.0,1.0,1.0,0.0,0.0,0.0,0.7790000000000001,0.7763009609391764,0.7816990390608238,0.7810124618646259,UCI credit default; class 1 = default; false negative is missed default.
uci_default,logreg,sigmoid,raps_cp,10,0.9029333333333334,0.9003335555270632,0.9055331111396036,0.9881018617590414,0.9865297577355381,0.9896739657825446,0.60301431801055,0.5928960708366933,0.6131325651844068,1.3769333333333331,1.3658087251665616,1.3880579415001046,0.37693333333333334,0.36580872516656193,0.38805794150010475,0.8872666666666665,0.8647988910219848,0.9097344423113483,0.7810124618646259,UCI credit default; class 1 = default; false negative is missed default.
uci_default,logreg,sigmoid,risk_controlled_rejector,10,0.90345,0.9014403877777166,0.9054596122222833,0.9956772950995078,0.9951015212190217,0.9962530689799938,0.5786737000753579,0.5689871334538488,0.588360266696867,1.2788166666666667,1.270254447302247,1.2873788860310864,0.27881666666666666,0.2702544473022469,0.2873788860310864,0.9352,0.9139480910882091,0.956451908911791,0.7810124618646259,UCI credit default; class 1 = default; false negative is missed default.
uci_default,rf,isotonic,aps_cp,10,0.9017333333333333,0.8988527333958203,0.9046139332708463,0.9740209715386261,0.9717803404048774,0.9762616026723748,0.6471740768651092,0.637660851444096,0.6566873022861224,1.3394333333333335,1.3294304560090116,1.3494362106576554,0.35596666666666665,0.3457142356607606,0.3662190976725727,0.78585,0.7629793177599912,0.8087206822400089,0.8217049835784664,UCI credit default; class 1 = default; false negative is missed default.
uci_default,rf,isotonic,capacity_limited_mondrian,10,0.8422000000000001,0.8389927462152948,0.8454072537847053,0.9145088808046224,0.9090871082390547,0.9199306533701902,0.5875659382064807,0.5777042840417916,0.5974275923711698,1.1,1.1,1.1,0.1,0.1,0.1,0.97875,0.9595010282653981,0.997998971734602,0.8217049835784664,UCI credit default; class 1 = default; false negative is missed default.
uci_default,rf,isotonic,class_conditional_rejector,10,0.9669166666666665,0.9604588578229698,0.9733744755103633,0.9989514230686926,0.9976572149882578,1.0002456311491272,0.8541070082893747,0.8248874688566677,0.8833265477220816,1.6210333333333335,1.5739611112417222,1.6681055554249449,0.6210333333333332,0.573961111241722,0.6681055554249444,0.32348333333333334,0.25893482199878615,0.38803184466788054,0.8217049835784664,UCI credit default; class 1 = default; false negative is missed default.
uci_default,rf,isotonic,class_weighted_threshold,10,0.4219333333333333,0.39041244680384407,0.4534542198628226,0.2779584849133319,0.23272328930695418,0.32319368051970965,0.928937452901281,0.9108356546123594,0.9470392511902027,1.0,1.0,1.0,0.0,0.0,0.0,0.7195166666666667,0.7051156881179537,0.7339176452153797,0.8217049835784664,UCI credit default; class 1 = default; false negative is missed default.
uci_default,rf,isotonic,confidence_rejector,10,0.9995,0.9992037901978098,0.9997962098021903,0.9997004065910551,0.9994264355576944,0.9999743776244158,0.9987942727957799,0.9978811207108178,0.999707424880742,1.9877333333333334,1.9835803390899969,1.9918863275766698,0.9877333333333332,0.9835803390899969,0.9918863275766696,0.0029,0.0008656711119655806,0.0049343288880344185,0.8217049835784664,UCI credit default; class 1 = default; false negative is missed default.
uci_default,rf,isotonic,cost_controlled_mondrian,10,0.9949666666666668,0.9937234244696296,0.996209908863704,0.9945217205221486,0.9926646108145832,0.996378830229714,0.9965335342878674,0.9944308391485576,0.9986362294271772,1.9553,1.9443326886241517,1.9662673113758484,0.9553,0.9443326886241517,0.9662673113758484,0.011933333333333334,0.007921786271767125,0.015944880394899545,0.8217049835784664,UCI credit default; class 1 = default; false negative is missed default.
uci_default,rf,isotonic,cost_tuned_threshold,10,0.42246666666666666,0.39558298129687913,0.4493503520364542,0.27890006419858765,0.23997772968917067,0.31782239870800466,0.928033157498116,0.9113150172639529,0.9447512977322791,1.0,1.0,1.0,0.0,0.0,0.0,0.7207833333333334,0.7070974207402262,0.7344692459264407,0.8217049835784664,UCI credit default; class 1 = default; false negative is missed default.
uci_default,rf,isotonic,marginal_cp,10,0.91035,0.9033956817252395,0.9173043182747604,0.994671517226621,0.9926068174449384,0.9967362170083035,0.613413715146948,0.5864795982069864,0.6403478320869096,1.271883333333333,1.2439259738075423,1.2998406928591237,0.27188333333333337,0.24392597380754266,0.29984069285912407,0.85915,0.7987016506943507,0.9195983493056492,0.8217049835784664,UCI credit default; class 1 = default; false negative is missed default.
uci_default,rf,isotonic,mondrian_cp,10,0.9159500000000002,0.9114204185405791,0.9204795814594212,0.9145088808046224,0.9090871082390547,0.9199306533701902,0.9210248681235871,0.9063637551215736,0.9356859811256005,1.5835833333333333,1.5529019203530103,1.6142647463136564,0.5835833333333333,0.5529019203530103,0.6142647463136564,0.24125000000000002,0.20977040301370184,0.2727295969862982,0.8217049835784664,UCI credit default; class 1 = default; false negative is missed default.
uci_default,rf,isotonic,random_oversampling_threshold,10,0.39793333333333336,0.3756817510131233,0.42018491565354343,0.24412582923175688,0.21281034138698268,0.2754413170765311,0.9395629238884704,0.9285213592946572,0.9506044884822836,1.0,1.0,1.0,0.0,0.0,0.0,0.7223666666666667,0.7107738296359933,0.7339595036973401,0.8217049835784664,UCI credit default; class 1 = default; false negative is missed default.
uci_default,rf,isotonic,raps_cp,10,0.9022833333333334,0.8996927616246603,0.9048739050420066,0.9820457949925101,0.9800750653887198,0.9840165245963004,0.621401657874906,0.6120053397403081,0.6307979760095038,1.3083666666666667,1.2982855547938328,1.3184477785395006,0.30839999999999995,0.298320370171406,0.3184796298285939,0.85115,0.8302721946319146,0.8720278053680853,0.8217049835784664,UCI credit default; class 1 = default; false negative is missed default.
uci_default,rf,isotonic,risk_controlled_rejector,10,0.91035,0.9033956817252395,0.9173043182747604,0.994671517226621,0.9926068174449384,0.9967362170083035,0.613413715146948,0.5864795982069864,0.6403478320869096,1.27195,1.2440081669424268,1.299891833057573,0.27195,0.24400816694242694,0.2998918330575731,0.85915,0.7987016506943507,0.9195983493056492,0.8217049835784664,UCI credit default; class 1 = default; false negative is missed default.
uci_default,rf,none,aps_cp,10,0.9010499999999999,0.8986757976934151,0.9034242023065847,0.9693772736999786,0.967169820705839,0.9715847266941182,0.6604370761115298,0.6556677403998811,0.6652064118231785,1.3435333333333335,1.337721930170925,1.3493447364957418,0.36716666666666664,0.36148270838670055,0.37285062494663274,0.7562833333333332,0.7444115427604076,0.7681551239062588,0.8109191954277053,UCI credit default; class 1 = default; false negative is missed default.
uci_default,rf,none,capacity_limited_mondrian,10,0.83585,0.8324823745479663,0.8392176254520337,0.9011769741065697,0.8956359000794514,0.9067180481336881,0.605802562170309,0.5965931977429799,0.6150119265976381,1.1,1.1,1.1,0.1,0.1,0.1,0.9488,0.9309348670973421,0.9666651329026579,0.8109191954277053,UCI credit default; class 1 = default; false negative is missed default.
uci_default,rf,none,class_conditional_rejector,10,0.9525333333333335,0.9470802282217456,0.9579864384449213,0.9985876310721163,0.9971739564686132,1.0000013056756194,0.7903541823662396,0.7646648614809337,0.8160435032515454,1.51525,1.483340343808314,1.547159656191686,0.5152499999999999,0.48334034380831387,0.5471596561916858,0.46476666666666666,0.40827129131392725,0.5212620420194061,0.8109191954277053,UCI credit default; class 1 = default; false negative is missed default.
uci_default,rf,none,class_weighted_threshold,10,0.42465,0.40091180015665745,0.4483881998433426,0.28095441900278195,0.24722451996429823,0.3146843180412657,0.9306706857573476,0.9185347637607657,0.9428066077539294,1.0,1.0,1.0,0.0,0.0,0.0,0.7133499999999999,0.7048414010408931,0.7218585989591068,0.8109191954277053,UCI credit default; class 1 = default; false negative is missed default.
uci_default,rf,none,confidence_rejector,10,0.9996,0.9991805303760317,1.0000194696239684,0.9999572009415794,0.9999012768385763,1.0000131250445825,0.9983421250941975,0.9965560823909297,1.0001281677974654,1.9890166666666667,1.981853225914667,1.9961801074186662,0.9890166666666668,0.9818532259146673,0.9961801074186662,0.0037000000000000006,-0.00027311667318811886,0.0076731166731881205,0.8109191954277053,UCI credit default; class 1 = default; false negative is missed default.
uci_default,rf,none,cost_controlled_mondrian,10,0.9907999999999999,0.9898166181807307,0.9917833818192691,0.9902204151508667,0.9886385808654754,0.9918022494362579,0.9928409947249437,0.9895659251439999,0.9961160643058875,1.91765,1.9110738953742066,1.9242261046257936,0.9176500000000001,0.9110738953742066,0.9242261046257936,0.023450000000000002,0.016875049402617182,0.030024950597382822,0.8109191954277053,UCI credit default; class 1 = default; false negative is missed default.
uci_default,rf,none,cost_tuned_threshold,10,0.38611666666666666,0.3657955346857052,0.40643779864762813,0.2262144232826878,0.19749211145019385,0.2549367351151817,0.9492087415222306,0.9384870579757529,0.9599304250687082,1.0,1.0,1.0,0.0,0.0,0.0,0.7149833333333333,0.7035011097155023,0.7264655569511643,0.8109191954277053,UCI credit default; class 1 = default; false negative is missed default.
uci_default,rf,none,marginal_cp,10,0.9019833333333335,0.8979405042969675,0.9060261623696995,0.9903488123261287,0.9887226200873578,0.9919750045648996,0.5908063300678221,0.5772031648892832,0.604409495246361,1.2347333333333332,1.2213237031398518,1.2481429635268146,0.23473333333333332,0.221323703139852,0.24814296352681464,0.9125166666666665,0.8814741097137859,0.9435592236195471,0.8109191954277053,UCI credit default; class 1 = default; false negative is missed default.
uci_default,rf,none,mondrian_cp,10,0.9020333333333334,0.898261374442181,0.9058052922244857,0.9011769741065697,0.8956359000794514,0.9067180481336881,0.9050489826676715,0.8964084751573532,0.9136894901779898,1.5278166666666668,1.5159362501444762,1.5396970831888575,0.5278166666666666,0.515936250144476,0.5396970831888572,0.2869666666666667,0.26955031182132766,0.30438302151200575,0.8109191954277053,UCI credit default; class 1 = default; false negative is missed default.
uci_default,rf,none,random_oversampling_threshold,10,0.4137666666666666,0.39255790618461145,0.4349754271487218,0.2659105499679007,0.2360503256710752,0.2957707742647262,0.9344385832705351,0.923531310584535,0.9453458559565352,1.0,1.0,1.0,0.0,0.0,0.0,0.7167333333333333,0.7043147286046447,0.7291519380620219,0.8109191954277053,UCI credit default; class 1 = default; false negative is missed default.
uci_default,rf,none,raps_cp,10,0.9018666666666666,0.8993846687060423,0.9043486646272909,0.9808902204151508,0.9789418351804121,0.9828386056498896,0.6235870384325547,0.6167997261607931,0.6303743507043162,1.2998999999999998,1.2927004432098004,1.3070995567901993,0.3001,0.29298359667761065,0.3072164033223893,0.8472833333333334,0.8317275313019528,0.862839135364714,0.8109191954277053,UCI credit default; class 1 = default; false negative is missed default.
uci_default,rf,none,risk_controlled_rejector,10,0.9025000000000001,0.8984190629253311,0.906580937074669,0.9905200085598116,0.9888656922044274,0.9921743249151957,0.5925395629238885,0.578826275446645,0.6062528504011321,1.2370166666666667,1.223172314769348,1.2508610185639852,0.23701666666666665,0.223172314769348,0.2508610185639853,0.90855,0.8772534295406267,0.9398465704593733,0.8109191954277053,UCI credit default; class 1 = default; false negative is missed default.
uci_default,rf,sigmoid,aps_cp,10,0.90255,0.8997785478156972,0.9053214521843027,0.9808260218275198,0.9790331767230334,0.9826188669320062,0.6269027882441598,0.6173548459237166,0.636450730564603,1.3210666666666668,1.3104126581496118,1.3317206751837218,0.3269666666666667,0.3169476107095615,0.33698572262377186,0.8355,0.814603941348654,0.856396058651346,0.8104839976129903,UCI credit default; class 1 = default; false negative is missed default.
uci_default,rf,sigmoid,capacity_limited_mondrian,10,0.83565,0.8319329314019025,0.8393670685980975,0.9006847849347315,0.8944224557944916,0.9069471140749713,0.6066314996232103,0.5970340532952396,0.6162289459511809,1.1,1.1,1.1,0.1,0.1,0.1,0.9473499999999999,0.9291958055331352,0.9655041944668646,0.8104839976129903,UCI credit default; class 1 = default; false negative is missed default.
uci_default,rf,sigmoid,class_conditional_rejector,10,0.9539666666666667,0.9472213889000993,0.9607119444332342,0.9991226193023754,0.9981430491319215,1.0001021894728293,0.7949510173323285,0.7636718578254816,0.8262301768391754,1.5263499999999999,1.486356356252555,1.5663436437474447,0.52635,0.4863563562525552,0.5663436437474448,0.4541833333333333,0.38521291083423803,0.5231537558324285,0.8104839976129903,UCI credit default; class 1 = default; false negative is missed default.
uci_default,rf,sigmoid,class_weighted_threshold,10,0.42153333333333337,0.39257000236058376,0.450496664306083,0.2769527070404451,0.23605244503079428,0.31785296905009597,0.9306706857573473,0.9163504860278281,0.9449908854868666,1.0,1.0,1.0,0.0,0.0,0.0,0.7164666666666666,0.7038513543248544,0.7290819790084788,0.8104839976129903,UCI credit default; class 1 = default; false negative is missed default.
uci_default,rf,sigmoid,confidence_rejector,10,0.9999333333333332,0.9998335350181986,1.0000331316484679,1.0,1.0,1.0,0.999698568198945,0.9992473324108458,1.000149803987044,1.9967333333333332,1.9938159238279292,1.9996507428387373,0.9967333333333335,0.9938159238279294,0.9996507428387376,0.0006666666666666668,-0.00033131648467927166,0.0016646498180126052,0.8104839976129903,UCI credit default; class 1 = default; false negative is missed default.
uci_default,rf,sigmoid,cost_controlled_mondrian,10,0.9907666666666666,0.9898437409911818,0.9916895923421514,0.9900706184463942,0.9887249492571847,0.9914162876356037,0.9932177844762624,0.9909085117083011,0.9955270572442237,1.924116666666667,1.9151537087636992,1.9330796245696347,0.9241166666666667,0.9151537087636991,0.9330796245696343,0.022733333333333335,0.018031350226621605,0.027435316440045064,0.8104839976129903,UCI credit default; class 1 = default; false negative is missed default.
uci_default,rf,sigmoid,cost_tuned_threshold,10,0.4016333333333334,0.3821685923885023,0.4210980742781645,0.2487481275411941,0.22110101057777032,0.2763952445046179,0.9400150715900526,0.9290541500774939,0.9509759931026113,1.0,1.0,1.0,0.0,0.0,0.0,0.7177666666666667,0.7057321831184787,0.7298011502148546,0.8104839976129903,UCI credit default; class 1 = default; false negative is missed default.
uci_default,rf,sigmoid,marginal_cp,10,0.9024166666666668,0.8991260415618809,0.9057072917714526,0.9932591482987373,0.9918691080597096,0.994649188537765,0.5825169555388093,0.5714267620006004,0.5936071490770183,1.2365166666666667,1.225906904125253,1.2471264292080804,0.23651666666666665,0.22590690412525297,0.24712642920808034,0.9285833333333334,0.9033012068356095,0.9538654598310573,0.8104839976129903,UCI credit default; class 1 = default; false negative is missed default.
uci_default,rf,sigmoid,mondrian_cp,10,0.9016166666666665,0.8976440722722911,0.9055892610610419,0.9006847849347315,0.8944224557944916,0.9069471140749713,0.904898266767144,0.8934662533341736,0.9163302802001144,1.53065,1.5172689377804505,1.5440310622195497,0.5306500000000001,0.5172689377804505,0.5440310622195497,0.2876833333333334,0.2649003297170896,0.3104663369495772,0.8104839976129903,UCI credit default; class 1 = default; false negative is missed default.
uci_default,rf,sigmoid,random_oversampling_threshold,10,0.39826666666666666,0.367249873569625,0.4292834597637083,0.24459661887438475,0.1995889629694978,0.2896042747792717,0.9394122079879427,0.9203018580153715,0.9585225579605139,1.0,1.0,1.0,0.0,0.0,0.0,0.7223333333333333,0.7093156678051954,0.7353509988614712,0.8104839976129903,UCI credit default; class 1 = default; false negative is missed default.
uci_default,rf,sigmoid,raps_cp,10,0.9019999999999999,0.8989383046736154,0.9050616953263845,0.9837791568585492,0.9825041976913762,0.9850541160257222,0.614016578749058,0.6017895201484064,0.6262436373497097,1.3068500000000003,1.2926385649085668,1.3210614350914338,0.30684999999999996,0.29263856490856655,0.32106143509143337,0.8663000000000001,0.8390416593387467,0.8935583406612534,0.8104839976129903,UCI credit default; class 1 = default; false negative is missed default.
uci_default,rf,sigmoid,risk_controlled_rejector,10,0.9028833333333333,0.8993666942181173,0.9063999724485492,0.993473143590841,0.992066330012016,0.994879957169666,0.5838733986435569,0.5718421902736687,0.5959046070134452,1.2385499999999998,1.2268775326568653,1.2502224673431344,0.23855000000000004,0.22687753265686547,0.25022246734313464,0.9254166666666667,0.8980287299466839,0.9528046033866494,0.8104839976129903,UCI credit default; class 1 = default; false negative is missed default.
