dataset,model,probability_calibration,method,n_seeds,marginal_coverage_mean,marginal_coverage_ci_lo,marginal_coverage_ci_hi,coverage_class_0_mean,coverage_class_0_ci_lo,coverage_class_0_ci_hi,coverage_class_1_mean,coverage_class_1_ci_lo,coverage_class_1_ci_hi,average_set_size_mean,average_set_size_ci_lo,average_set_size_ci_hi,abstention_rate_mean,abstention_rate_ci_lo,abstention_rate_ci_hi,mean_cost_mean,mean_cost_ci_lo,mean_cost_ci_hi,break_even_defer_cost,case_note
credit_g,ada,isotonic,aps_cp,10,0.9195,0.9124255734429488,0.9265744265570511,0.9664285714285714,0.9566285714285714,0.9762285714285714,0.8099999999999999,0.7910145734903561,0.8289854265096438,1.5765,1.538487171171359,1.614512828828641,0.5915000000000001,0.5531517820202527,0.6298482179797475,0.577,0.5233987877417352,0.6306012122582647,0.7294964028776978,German credit; class 1 follows configured positive mapping.
credit_g,ada,isotonic,capacity_limited_mondrian,10,0.7725000000000001,0.7588540889315192,0.786145911068481,0.9128571428571428,0.888447308773315,0.9372669769409706,0.445,0.3824386187832055,0.5075613812167945,1.1,1.1,1.1,0.1,0.1,0.1,1.7259999999999998,1.5501100955458529,1.9018899044541466,0.7294964028776978,German credit; class 1 follows configured positive mapping.
credit_g,ada,isotonic,class_conditional_rejector,10,0.975,0.962348254402389,0.9876517455976109,0.9978571428571428,0.9936571428571428,1.0020571428571428,0.9216666666666666,0.8817919183219365,0.9615414150113968,1.7544999999999997,1.6604965936787393,1.8485034063212602,0.7545,0.6604965936787395,0.8485034063212604,0.23650000000000002,0.11649234079998616,0.35650765920001387,0.7294964028776978,German credit; class 1 follows configured positive mapping.
credit_g,ada,isotonic,class_weighted_threshold,10,0.42000000000000004,0.3488046505888357,0.4911953494111644,0.19,0.0748325663315459,0.3051674336684541,0.9566666666666667,0.9232110096315056,0.9901223237018277,1.0,1.0,1.0,0.0,0.0,0.0,0.6970000000000001,0.6614788488675019,0.7325211511324983,0.7294964028776978,German credit; class 1 follows configured positive mapping.
credit_g,ada,isotonic,confidence_rejector,10,0.993,0.9874949154815248,0.9985050845184752,0.9971428571428571,0.9928657864942316,1.0014199277914826,0.9833333333333332,0.9724444444444442,0.9942222222222221,1.8834999999999997,1.84540304707431,1.9215969529256895,0.8835,0.8454030470743101,0.9215969529256898,0.05200000000000001,0.017608344681368494,0.08639165531863152,0.7294964028776978,German credit; class 1 follows configured positive mapping.
credit_g,ada,isotonic,cost_controlled_mondrian,10,0.999,0.99704,1.00096,1.0,1.0,1.0,0.9966666666666667,0.9901333333333334,1.0032,1.9630000000000003,1.9279628108687041,1.9980371891312965,0.9630000000000001,0.9279628108687039,0.9980371891312962,0.01,-0.009599999999999996,0.029599999999999994,0.7294964028776978,German credit; class 1 follows configured positive mapping.
credit_g,ada,isotonic,cost_tuned_threshold,10,0.422,0.3489229800522459,0.49507701994775405,0.19285714285714287,0.07505731263655215,0.3106569730777336,0.9566666666666667,0.9232110096315056,0.9901223237018277,1.0,1.0,1.0,0.0,0.0,0.0,0.6950000000000001,0.6593349408461946,0.7306650591538055,0.7294964028776978,German credit; class 1 follows configured positive mapping.
credit_g,ada,isotonic,marginal_cp,10,0.9295,0.9121251407679564,0.9468748592320436,0.9721428571428572,0.9573193023135398,0.9869664119721746,0.8299999999999998,0.785422000665223,0.8745779993347766,1.5440000000000003,1.4669205097174212,1.6210794902825794,0.544,0.46692050971742083,0.6210794902825792,0.5295000000000001,0.39479247336049367,0.6642075266395064,0.7294964028776978,German credit; class 1 follows configured positive mapping.
credit_g,ada,isotonic,mondrian_cp,10,0.9425000000000002,0.9154733917119527,0.9695266082880477,0.9385714285714286,0.9095629240713112,0.967579933071546,0.9516666666666668,0.9203149856713108,0.9830183476620228,1.6950000000000003,1.5986139567502988,1.7913860432497017,0.695,0.5986139567502984,0.7913860432497015,0.188,0.08050532126865279,0.2954946787313472,0.7294964028776978,German credit; class 1 follows configured positive mapping.
credit_g,ada,isotonic,raps_cp,10,0.9225,0.9147352219749836,0.9302647780250164,0.975,0.9665870470239173,0.9834129529760827,0.8,0.7805213633960019,0.8194786366039982,1.5695,1.5316165242706885,1.6073834757293113,0.5695,0.5316165242706885,0.6073834757293115,0.6174999999999999,0.5594994157117552,0.6755005842882447,0.7294964028776978,German credit; class 1 follows configured positive mapping.
credit_g,ada,isotonic,risk_controlled_rejector,10,0.9265000000000001,0.9071162484997817,0.9458837515002185,0.9721428571428572,0.9573193023135398,0.9869664119721746,0.82,0.7751568109414788,0.8648431890585211,1.5115,1.4334129998015035,1.5895870001984966,0.5115000000000001,0.4334129998015035,0.5895870001984966,0.5595,0.4213817947473172,0.6976182052526828,0.7294964028776978,German credit; class 1 follows configured positive mapping.
credit_g,ada,none,aps_cp,10,0.9095000000000001,0.896560535817379,0.9224394641826211,0.9585714285714285,0.9457402166255522,0.9714026405173048,0.7949999999999999,0.7683055607584696,0.8216944392415303,1.6145,1.568084586372389,1.6609154136276112,0.6144999999999999,0.5680845863723889,0.660915413627611,0.644,0.5620229365411682,0.7259770634588318,0.6106442577030813,German credit; class 1 follows configured positive mapping.
credit_g,ada,none,capacity_limited_mondrian,10,0.782,0.7668742397803542,0.7971257602196459,0.8821428571428571,0.865544999181997,0.8987407151037172,0.5483333333333333,0.5124,0.5842666666666667,1.1,1.1,1.1,0.1,0.1,0.1,1.4375,1.3301140781004221,1.5448859218995779,0.6106442577030813,German credit; class 1 follows configured positive mapping.
credit_g,ada,none,class_conditional_rejector,10,0.9680000000000002,0.9563860926280412,0.9796139073719592,0.9985714285714286,0.9967047619047619,1.0004380952380951,0.8966666666666667,0.8606180301108847,0.9327153032224488,1.714,1.646992711507545,1.781007288492455,0.7140000000000001,0.6469927115075449,0.7810072884924553,0.31100000000000005,0.20209891623843024,0.41990108376156987,0.6106442577030813,German credit; class 1 follows configured positive mapping.
credit_g,ada,none,class_weighted_threshold,10,0.446,0.3974638846951171,0.4945361153048829,0.23285714285714287,0.15417985543850116,0.3115344302757846,0.9433333333333334,0.9132358456403032,0.9734308210263635,1.0,1.0,1.0,0.0,0.0,0.0,0.7070000000000001,0.6470284126532498,0.7669715873467503,0.6106442577030813,German credit; class 1 follows configured positive mapping.
credit_g,ada,none,confidence_rejector,10,0.9959999999999999,0.9927993334027632,0.9992006665972366,1.0,1.0,1.0,0.9866666666666666,0.975997778009211,0.9973355553241222,1.943,1.9108868223656117,1.9751131776343884,0.9429999999999998,0.9108868223656116,0.9751131776343881,0.04,0.007993334027633144,0.07200666597236685,0.6106442577030813,German credit; class 1 follows configured positive mapping.
credit_g,ada,none,cost_controlled_mondrian,10,0.994,0.9901904447620344,0.9978095552379656,0.9971428571428571,0.9948566667162595,0.9994290475694547,0.9866666666666666,0.975997778009211,0.9973355553241222,1.9260000000000002,1.8878260961737823,1.964173903826218,0.9259999999999999,0.887826096173782,0.9641739038262178,0.042,0.009688059310664882,0.07431194068933512,0.6106442577030813,German credit; class 1 follows configured positive mapping.
credit_g,ada,none,cost_tuned_threshold,10,0.45,0.4018568246442621,0.49814317535573793,0.23928571428571427,0.16265427310275216,0.3159171554686764,0.9416666666666667,0.9176863764059618,0.9656469569273715,1.0,1.0,1.0,0.0,0.0,0.0,0.7075000000000001,0.6634726524381342,0.751527347561866,0.6106442577030813,German credit; class 1 follows configured positive mapping.
credit_g,ada,none,marginal_cp,10,0.908,0.8959354255957553,0.9200645744042447,0.9778571428571429,0.967328662962643,0.9883856227516428,0.7449999999999999,0.7187534858281552,0.7712465141718445,1.4149999999999998,1.3741993464104636,1.455800653589536,0.41500000000000004,0.3741993464104638,0.45580065358953625,0.7805000000000001,0.6995888143977883,0.8614111856022119,0.6106442577030813,German credit; class 1 follows configured positive mapping.
credit_g,ada,none,mondrian_cp,10,0.8939999999999999,0.8794789409630166,0.9085210590369832,0.8921428571428571,0.870011833166949,0.9142738811187653,0.8983333333333334,0.8647891925228126,0.9318774741438542,1.5355000000000003,1.4849890511319028,1.5860109488680978,0.5355,0.4849890511319025,0.5860109488680975,0.38050000000000006,0.28530090359905963,0.4756990964009405,0.6106442577030813,German credit; class 1 follows configured positive mapping.
credit_g,ada,none,raps_cp,10,0.9095000000000001,0.896560535817379,0.9224394641826211,0.9585714285714285,0.9457402166255522,0.9714026405173048,0.7949999999999999,0.7683055607584696,0.8216944392415303,1.6145,1.568084586372389,1.6609154136276112,0.6144999999999999,0.5680845863723889,0.660915413627611,0.644,0.5620229365411682,0.7259770634588318,0.6106442577030813,German credit; class 1 follows configured positive mapping.
credit_g,ada,none,risk_controlled_rejector,10,0.906,0.8931973336110532,0.9188026663889468,0.9771428571428572,0.9659428571428572,0.9883428571428572,0.74,0.7136858109908385,0.7663141890091615,1.4045,1.364266918531581,1.4447330814684192,0.40449999999999997,0.36426691853158094,0.444733081468419,0.796,0.7141792919447243,0.8778207080552758,0.6106442577030813,German credit; class 1 follows configured positive mapping.
credit_g,ada,sigmoid,aps_cp,10,0.9205,0.9050082832168643,0.9359917167831356,1.0,1.0,1.0,0.7349999999999999,0.6833609440562142,0.7866390559437856,1.7040000000000002,1.6658260961737823,1.742173903826218,0.704,0.6658260961737821,0.7421739038262178,0.7950000000000002,0.6400828321686429,0.9499171678313574,0.5977337110481586,German credit; class 1 follows configured positive mapping.
credit_g,ada,sigmoid,capacity_limited_mondrian,10,0.7795,0.7648581892437368,0.7941418107562631,0.8935714285714285,0.873613584109775,0.913529273033082,0.5133333333333334,0.469022110776915,0.5576445558897518,1.1,1.1,1.1,0.1,0.1,0.1,1.5345,1.4068619233056914,1.6621380766943086,0.5977337110481586,German credit; class 1 follows configured positive mapping.
credit_g,ada,sigmoid,class_conditional_rejector,10,0.9744999999999999,0.9631415787482003,0.9858584212517996,1.0,1.0,1.0,0.915,0.8771385958273347,0.9528614041726654,1.7485000000000004,1.6645136251791073,1.8324863748208935,0.7485,0.664513625179107,0.8324863748208932,0.255,0.14141578748200379,0.3685842125179962,0.5977337110481586,German credit; class 1 follows configured positive mapping.
credit_g,ada,sigmoid,class_weighted_threshold,10,0.4175,0.37299054282764416,0.4620094571723558,0.18285714285714286,0.11322522169705677,0.2524890640172289,0.9649999999999999,0.9478176231541129,0.9821823768458868,1.0,1.0,1.0,0.0,0.0,0.0,0.677,0.6483649135189402,0.7056350864810599,0.5977337110481586,German credit; class 1 follows configured positive mapping.
credit_g,ada,sigmoid,confidence_rejector,10,0.9970000000000001,0.9943866666666668,0.9996133333333335,1.0,1.0,1.0,0.99,0.9812888888888889,0.9987111111111111,1.9329999999999998,1.8957771969531219,1.9702228030468778,0.933,0.8957771969531221,0.970222803046878,0.03,0.0038666666666666606,0.05613333333333334,0.5977337110481586,German credit; class 1 follows configured positive mapping.
credit_g,ada,sigmoid,cost_controlled_mondrian,10,0.9914999999999999,0.9866437508758759,0.996356249124124,0.9935714285714287,0.987504761904762,0.9996380952380953,0.9866666666666667,0.9749389744200182,0.9983943589133152,1.9024999999999999,1.8599016145324208,1.945098385467579,0.9025000000000001,0.8599016145324211,0.9450983854675791,0.0445,0.010038601950072376,0.07896139804992762,0.5977337110481586,German credit; class 1 follows configured positive mapping.
credit_g,ada,sigmoid,cost_tuned_threshold,10,0.42400000000000004,0.3853538008193418,0.4626461991806583,0.19142857142857145,0.13156413197482636,0.25129301088231654,0.9666666666666666,0.9505158344058805,0.9828174989274526,1.0,1.0,1.0,0.0,0.0,0.0,0.666,0.6307321008406921,0.701267899159308,0.5977337110481586,German credit; class 1 follows configured positive mapping.
credit_g,ada,sigmoid,marginal_cp,10,0.917,0.9039988308218069,0.9300011691781932,1.0,1.0,1.0,0.7233333333333334,0.6799961027393562,0.7666705639273106,1.4404999999999997,1.4060695812785649,1.4749304187214345,0.4405,0.40606958127856513,0.4749304187214349,0.8300000000000001,0.6999883082180685,0.9600116917819317,0.5977337110481586,German credit; class 1 follows configured positive mapping.
credit_g,ada,sigmoid,mondrian_cp,10,0.898,0.8811394424765965,0.9148605575234036,0.8935714285714285,0.873613584109775,0.913529273033082,0.9083333333333332,0.8843530430726284,0.932313623594038,1.5294999999999999,1.4728358082893416,1.5861641917106581,0.5295000000000001,0.4728358082893419,0.5861641917106583,0.34950000000000003,0.27370981330013766,0.4252901866998624,0.5977337110481586,German credit; class 1 follows configured positive mapping.
credit_g,ada,sigmoid,raps_cp,10,0.9205,0.9050082832168643,0.9359917167831356,1.0,1.0,1.0,0.7349999999999999,0.6833609440562142,0.7866390559437856,1.7040000000000002,1.6658260961737823,1.742173903826218,0.704,0.6658260961737821,0.7421739038262178,0.7950000000000002,0.6400828321686429,0.9499171678313574,0.5977337110481586,German credit; class 1 follows configured positive mapping.
credit_g,ada,sigmoid,risk_controlled_rejector,10,0.9185000000000001,0.9057600000000001,0.9312400000000001,1.0,1.0,1.0,0.7283333333333333,0.6858666666666666,0.7707999999999999,1.445,1.4091558682937113,1.4808441317062888,0.44499999999999995,0.40915586829371114,0.48084413170628876,0.8150000000000001,0.6876000000000001,0.9424,0.5977337110481586,German credit; class 1 follows configured positive mapping.
credit_g,et,isotonic,aps_cp,10,0.9075000000000001,0.8963501818649611,0.9186498181350391,0.945,0.9317924264151207,0.9582075735848792,0.8200000000000001,0.7925392670918664,0.8474607329081337,1.5459999999999998,1.5098062767872658,1.5821937232127339,0.579,0.5455330039856843,0.6124669960143156,0.5395,0.451149498775238,0.6278505012247619,0.650611620795107,German credit; class 1 follows configured positive mapping.
credit_g,et,isotonic,capacity_limited_mondrian,10,0.7849999999999999,0.7706861838305316,0.7993138161694683,0.8942857142857144,0.8576115332375225,0.9309598953339062,0.53,0.4647029730508727,0.5952970269491273,1.1,1.1,1.1,0.1,0.1,0.1,1.484,1.3089188561456906,1.6590811438543094,0.650611620795107,German credit; class 1 follows configured positive mapping.
credit_g,et,isotonic,class_conditional_rejector,10,0.974,0.9637946070901486,0.9842053929098513,0.9871428571428572,0.9736498136677096,1.0006359006180048,0.9433333333333334,0.9140343298530396,0.9726323368136272,1.7380000000000002,1.67894285855584,1.7970571414441605,0.738,0.6789428585558397,0.7970571414441603,0.179,0.09419491734309528,0.2638050826569047,0.650611620795107,German credit; class 1 follows configured positive mapping.
credit_g,et,isotonic,class_weighted_threshold,10,0.4755,0.428264180728792,0.5227358192712079,0.27214285714285713,0.19052420459060998,0.3537615096951043,0.95,0.9132348796537523,0.9867651203462476,1.0,1.0,1.0,0.0,0.0,0.0,0.6595,0.597185389977773,0.7218146100222269,0.650611620795107,German credit; class 1 follows configured positive mapping.
credit_g,et,isotonic,confidence_rejector,10,0.983,0.9728575391984434,0.9931424608015565,0.9871428571428572,0.972267971522382,1.0020177427633326,0.9733333333333333,0.9593887516607017,0.9872779150059648,1.798,1.7523788041464157,1.8436211958535844,0.798,0.7523788041464156,0.8436211958535845,0.089,0.048651707457302344,0.12934829254269764,0.650611620795107,German credit; class 1 follows configured positive mapping.
credit_g,et,isotonic,cost_controlled_mondrian,10,0.998,0.9958331384703011,1.0001668615296988,0.9992857142857143,0.9978857142857144,1.0006857142857144,0.9950000000000001,0.9880277091636843,1.0019722908363158,1.964,1.9277179346416626,2.0002820653583373,0.9639999999999999,0.9277179346416624,1.0002820653583373,0.0155,-0.005286372672712498,0.036286372672712494,0.650611620795107,German credit; class 1 follows configured positive mapping.
credit_g,et,isotonic,cost_tuned_threshold,10,0.475,0.440738910959775,0.5092610890402249,0.2642857142857143,0.2121107948107192,0.3164606337607094,0.9666666666666666,0.9512674523208262,0.9820658810125069,1.0,1.0,1.0,0.0,0.0,0.0,0.615,0.5743303279799035,0.6556696720200965,0.650611620795107,German credit; class 1 follows configured positive mapping.
credit_g,et,isotonic,marginal_cp,10,0.9339999999999999,0.9153599523128888,0.9526400476871111,0.9814285714285715,0.965507097459955,0.9973500453971881,0.8233333333333333,0.7512360602217693,0.8954306064448972,1.5465,1.4612024603715519,1.631797539628448,0.5465,0.46120246037155194,0.6317975396284481,0.5429999999999999,0.3321433089091603,0.7538566910908395,0.650611620795107,German credit; class 1 follows configured positive mapping.
credit_g,et,isotonic,mondrian_cp,10,0.9365,0.9190271499494533,0.9539728500505467,0.9292857142857143,0.9041159793734123,0.9544554491980163,0.9533333333333334,0.9352433524763117,0.971423314190355,1.654,1.589740423627637,1.718259576372363,0.6539999999999999,0.5897404236276369,0.7182595763723629,0.1895,0.1355564620284423,0.2434435379715577,0.650611620795107,German credit; class 1 follows configured positive mapping.
credit_g,et,isotonic,raps_cp,10,0.9105000000000001,0.898681165690118,0.9223188343098822,0.9542857142857141,0.9407282645091357,0.9678431640622924,0.8083333333333332,0.7794213340302116,0.8372453326364548,1.5210000000000001,1.4756933235236425,1.5663066764763578,0.525,0.48396463314001775,0.5660353668599823,0.6050000000000001,0.519166818123111,0.6908331818768891,0.650611620795107,German credit; class 1 follows configured positive mapping.
credit_g,et,isotonic,risk_controlled_rejector,10,0.9254999999999999,0.9077604659963495,0.9432395340036502,0.9814285714285715,0.965507097459955,0.9973500453971881,0.795,0.7247603362026102,0.8652396637973899,1.5095,1.4190133333333335,1.5999866666666667,0.5095,0.4190133333333333,0.5999866666666667,0.6279999999999999,0.4230823358842223,0.8329176641157775,0.650611620795107,German credit; class 1 follows configured positive mapping.
credit_g,et,none,aps_cp,10,0.9175000000000001,0.9048271857023699,0.9301728142976303,0.975,0.9665870470239173,0.9834129529760827,0.7833333333333334,0.7541153784273362,0.8125512882393306,1.532,1.4758703389958177,1.5881296610041824,0.5469999999999999,0.49649433299123746,0.5975056670087624,0.651,0.5685944888574395,0.7334055111425606,0.5751765893037336,German credit; class 1 follows configured positive mapping.
credit_g,et,none,capacity_limited_mondrian,10,0.796,0.7789756827514941,0.813024317248506,0.9035714285714285,0.8797531349484354,0.9273897221944215,0.5449999999999999,0.5082187581356145,0.5817812418643854,1.1,1.1,1.1,0.1,0.1,0.1,1.4324999999999999,1.3259420543658156,1.5390579456341842,0.5751765893037336,German credit; class 1 follows configured positive mapping.
credit_g,et,none,class_conditional_rejector,10,0.9455,0.9258212139037434,0.9651787860962566,0.9892857142857142,0.972819587438962,1.0057518411324664,0.8433333333333332,0.7975999999999999,0.8890666666666664,1.576,1.4980531987685048,1.6539468012314953,0.5759999999999998,0.4980531987685047,0.6539468012314951,0.4774999999999999,0.3374346430332531,0.6175653569667467,0.5751765893037336,German credit; class 1 follows configured positive mapping.
credit_g,et,none,class_weighted_threshold,10,0.4725,0.41122496067366054,0.5337750393263394,0.2678571428571429,0.16824266376677954,0.36747162194750627,0.95,0.9192015713083193,0.9807984286916807,1.0,1.0,1.0,0.0,0.0,0.0,0.6625,0.6241740499864068,0.7008259500135932,0.5751765893037336,German credit; class 1 follows configured positive mapping.
credit_g,et,none,confidence_rejector,10,0.9970000000000001,0.9943866666666668,0.9996133333333335,1.0,1.0,1.0,0.99,0.9812888888888889,0.9987111111111111,1.9169999999999998,1.896277898004519,1.9377221019954807,0.9169999999999998,0.896277898004519,0.9377221019954807,0.030000000000000006,0.0038666666666666676,0.05613333333333334,0.5751765893037336,German credit; class 1 follows configured positive mapping.
credit_g,et,none,cost_controlled_mondrian,10,0.9945,0.9907897798807439,0.9982102201192562,0.9971428571428571,0.9948566667162595,0.9994290475694547,0.9883333333333333,0.9773901354347794,0.9992765312318872,1.892,1.8693584413571462,1.9146415586428536,0.892,0.8693584413571465,0.9146415586428536,0.037,0.004066556005584032,0.06993344399441596,0.5751765893037336,German credit; class 1 follows configured positive mapping.
credit_g,et,none,cost_tuned_threshold,10,0.4699999999999999,0.4152212044268546,0.5247787955731452,0.26071428571428573,0.17639729124961356,0.3450312801789579,0.9583333333333333,0.9399507731602095,0.976715893506457,1.0,1.0,1.0,0.0,0.0,0.0,0.6425000000000001,0.6051898613719483,0.6798101386280518,0.5751765893037336,German credit; class 1 follows configured positive mapping.
credit_g,et,none,marginal_cp,10,0.9020000000000001,0.888998830821807,0.9150011691781933,0.9964285714285716,0.9940952380952383,0.9987619047619049,0.6816666666666666,0.6410845505544166,0.7222487827789167,1.3780000000000001,1.3374301567937739,1.4185698432062264,0.378,0.3374301567937738,0.4185698432062262,0.9575000000000001,0.8350000000000002,1.08,0.5751765893037336,German credit; class 1 follows configured positive mapping.
credit_g,et,none,mondrian_cp,10,0.9035,0.8848456457272482,0.9221543542727517,0.9035714285714285,0.8797531349484354,0.9273897221944215,0.9033333333333333,0.8811242705630181,0.9255423961036485,1.4955,1.4519306993910213,1.5390693006089788,0.4955,0.45193069939102126,0.5390693006089787,0.3575,0.28697857535944604,0.4280214246405539,0.5751765893037336,German credit; class 1 follows configured positive mapping.
credit_g,et,none,raps_cp,10,0.9195,0.9090211769108676,0.9299788230891324,0.9828571428571429,0.976526968206226,0.9891873175080598,0.7716666666666667,0.7408489949686151,0.8024843383647183,1.5175,1.4646395190672234,1.5703604809327767,0.5175,0.4646395190672233,0.5703604809327766,0.6969999999999998,0.6041875669248276,0.7898124330751721,0.5751765893037336,German credit; class 1 follows configured positive mapping.
credit_g,et,none,risk_controlled_rejector,10,0.9,0.8880420365910876,0.9119579634089124,0.9964285714285716,0.9932980762600718,0.9995590665970713,0.675,0.637201280314321,0.7127987196856791,1.3700000000000003,1.335060407685391,1.4049395923146097,0.37,0.33506040768539064,0.40493959231460935,0.9775,0.8636600646131206,1.0913399353868796,0.5751765893037336,German credit; class 1 follows configured positive mapping.
credit_g,et,sigmoid,aps_cp,10,0.923,0.9094364475318759,0.9365635524681242,0.9985714285714286,0.9967047619047619,1.0004380952380951,0.7466666666666666,0.7020886673318898,0.7912446660014434,1.6605,1.6124577829172901,1.70854221708271,0.6605,0.6124577829172901,0.7085422170827098,0.761,0.6271320159427373,0.8948679840572628,0.5386996904024768,German credit; class 1 follows configured positive mapping.
credit_g,et,sigmoid,capacity_limited_mondrian,10,0.7925,0.7780194152972564,0.8069805847027436,0.9,0.8820469748757734,0.9179530251242266,0.5416666666666667,0.5119457840384956,0.5713875492948379,1.1,1.1,1.1,0.1,0.1,0.1,1.4449999999999998,1.3565101060384104,1.5334898939615893,0.5386996904024768,German credit; class 1 follows configured positive mapping.
credit_g,et,sigmoid,class_conditional_rejector,10,0.9649999999999999,0.9556456902386593,0.9743543097613404,0.9985714285714286,0.9957714285714285,1.0013714285714286,0.8866666666666667,0.8555617784001245,0.9177715549332089,1.643,1.5941483133465293,1.6918516866534707,0.643,0.5941483133465293,0.6918516866534707,0.341,0.24784786255210722,0.4341521374478928,0.5386996904024768,German credit; class 1 follows configured positive mapping.
credit_g,et,sigmoid,class_weighted_threshold,10,0.4675000000000001,0.411274412705009,0.5237255872949912,0.25857142857142856,0.16571062473639336,0.35143223240646376,0.9549999999999998,0.9188692292831636,0.9911307707168361,1.0,1.0,1.0,0.0,0.0,0.0,0.654,0.589508355063104,0.7184916449368961,0.5386996904024768,German credit; class 1 follows configured positive mapping.
credit_g,et,sigmoid,confidence_rejector,10,0.9964999999999999,0.9935599999999999,0.99944,1.0,1.0,1.0,0.9883333333333333,0.9785333333333333,0.9981333333333333,1.9010000000000002,1.878330180611414,1.9236698193885864,0.9010000000000001,0.8783301806114141,0.9236698193885862,0.035,0.005600000000000008,0.0644,0.5386996904024768,German credit; class 1 follows configured positive mapping.
credit_g,et,sigmoid,cost_controlled_mondrian,10,0.9904999999999999,0.9855566363228623,0.9954433636771376,0.9921428571428571,0.9853963354052834,0.9988893788804308,0.9866666666666667,0.9759977780092111,0.9973355553241223,1.8579999999999999,1.8331561463000066,1.8828438536999932,0.858,0.8331561463000068,0.8828438536999932,0.0455,0.014425430904927348,0.07657456909507265,0.5386996904024768,German credit; class 1 follows configured positive mapping.
credit_g,et,sigmoid,cost_tuned_threshold,10,0.438,0.416420211101846,0.459579788898154,0.20571428571428568,0.17442325043437062,0.23700532099420074,0.9799999999999999,0.9682723077533514,0.9917276922466484,1.0,1.0,1.0,0.0,0.0,0.0,0.616,0.5778820450589373,0.6541179549410627,0.5386996904024768,German credit; class 1 follows configured positive mapping.
credit_g,et,sigmoid,marginal_cp,10,0.9040000000000001,0.8893327030438463,0.918667296956154,1.0,1.0,1.0,0.68,0.631109010146154,0.7288909898538461,1.4024999999999999,1.367067582326036,1.4379324176739636,0.4025,0.3670675823260362,0.43793241767396385,0.9600000000000002,0.8133270304384617,1.1066729695615387,0.5386996904024768,German credit; class 1 follows configured positive mapping.
credit_g,et,sigmoid,mondrian_cp,10,0.9015000000000001,0.8853605507460068,0.9176394492539933,0.9,0.8820469748757734,0.9179530251242266,0.9049999999999999,0.884311111111111,0.9256888888888888,1.4845,1.4411270801331317,1.5278729198668681,0.4845,0.4411270801331317,0.5278729198668682,0.355,0.28680564376561485,0.4231943562343851,0.5386996904024768,German credit; class 1 follows configured positive mapping.
credit_g,et,sigmoid,raps_cp,10,0.923,0.9094364475318759,0.9365635524681242,0.9985714285714286,0.9967047619047619,1.0004380952380951,0.7466666666666666,0.7020886673318898,0.7912446660014434,1.6605,1.6124577829172901,1.70854221708271,0.6605,0.6124577829172901,0.7085422170827098,0.761,0.6271320159427373,0.8948679840572628,0.5386996904024768,German credit; class 1 follows configured positive mapping.
credit_g,et,sigmoid,risk_controlled_rejector,10,0.9039999999999999,0.8897759265093761,0.9182240734906237,1.0,1.0,1.0,0.68,0.6325864216979208,0.7274135783020793,1.4035,1.3698026272042858,1.4371973727957141,0.4035,0.3698026272042859,0.43719737279571413,0.9600000000000002,0.8177592650937622,1.1022407349062382,0.5386996904024768,German credit; class 1 follows configured positive mapping.
credit_g,gb,isotonic,aps_cp,10,0.9209999999999999,0.9074679540842241,0.9345320459157758,0.9642857142857142,0.9536440769847889,0.9749273515866395,0.8200000000000001,0.7881418576409751,0.851858142359025,1.6055,1.5440128634952353,1.6669871365047646,0.6144999999999999,0.5556011756389729,0.6733988243610269,0.5514999999999999,0.4593701541904638,0.643629845809536,0.7279720279720279,German credit; class 1 follows configured positive mapping.
credit_g,gb,isotonic,capacity_limited_mondrian,10,0.785,0.7680888859687548,0.8019111140312453,0.9071428571428571,0.8741445406874849,0.9401411735982294,0.5,0.43199891068410634,0.5680010893158937,1.1,1.1,1.1,0.1,0.1,0.1,1.5650000000000002,1.376549853335749,1.7534501466642514,0.7279720279720279,German credit; class 1 follows configured positive mapping.
credit_g,gb,isotonic,class_conditional_rejector,10,0.977,0.9692420965031352,0.9847579034968648,0.9842857142857143,0.9754806652291281,0.9930907633423005,0.96,0.9336858109908385,0.9863141890091615,1.8055000000000003,1.7359660246114657,1.875033975388535,0.8055,0.7359660246114654,0.8750339753885346,0.131,0.05439266179623087,0.20760733820376914,0.7279720279720279,German credit; class 1 follows configured positive mapping.
credit_g,gb,isotonic,class_weighted_threshold,10,0.39999999999999997,0.3479789102596093,0.4520210897403906,0.15571428571428572,0.07464849624534746,0.23678007518322397,0.97,0.9500403369730812,0.9899596630269187,1.0,1.0,1.0,0.0,0.0,0.0,0.6809999999999999,0.644835772125237,0.7171642278747629,0.7279720279720279,German credit; class 1 follows configured positive mapping.
credit_g,gb,isotonic,confidence_rejector,10,0.9869999999999999,0.9798133333333332,0.9941866666666666,0.9885714285714287,0.9815870014494507,0.9955558556934067,0.9833333333333332,0.9704494262501384,0.9962172404165279,1.8984999999999999,1.8401179856462624,1.9568820143537373,0.8985,0.8401179856462626,0.9568820143537373,0.05800000000000001,0.017430156793773827,0.0985698432062262,0.7279720279720279,German credit; class 1 follows configured positive mapping.
credit_g,gb,isotonic,cost_controlled_mondrian,10,0.9969999999999999,0.9911199999999999,1.00288,0.9957142857142858,0.9873142857142858,1.0041142857142857,1.0,1.0,1.0,1.989,1.9764498764946317,2.0015501235053685,0.9890000000000001,0.9764498764946317,1.0015501235053685,0.003,-0.002879999999999999,0.008879999999999999,0.7279720279720279,German credit; class 1 follows configured positive mapping.
credit_g,gb,isotonic,cost_tuned_threshold,10,0.40149999999999997,0.33169644676347454,0.4713035532365254,0.16,0.05029461676330049,0.2697053832366995,0.9649999999999999,0.9368358515261109,0.9931641484738888,1.0,1.0,1.0,0.0,0.0,0.0,0.693,0.6474490302579139,0.738550969742086,0.7279720279720279,German credit; class 1 follows configured positive mapping.
credit_g,gb,isotonic,marginal_cp,10,0.9294999999999998,0.9107088566961274,0.9482911433038721,0.9671428571428571,0.9522095238095237,0.9820761904761904,0.8416666666666666,0.7852437267561289,0.8980896065772043,1.548,1.4454121029447322,1.6505878970552679,0.548,0.44541210294473227,0.6505878970552679,0.49799999999999994,0.32967186489874406,0.6663281351012558,0.7279720279720279,German credit; class 1 follows configured positive mapping.
credit_g,gb,isotonic,mondrian_cp,10,0.9400000000000001,0.9217533930094753,0.9582466069905248,0.9321428571428572,0.9097379965590959,0.9545477177266184,0.9583333333333333,0.9329129662681551,0.9837537003985114,1.7149999999999999,1.6360574329725153,1.7939425670274844,0.715,0.6360574329725155,0.7939425670274844,0.17250000000000001,0.09281408740143171,0.2521859125985683,0.7279720279720279,German credit; class 1 follows configured positive mapping.
credit_g,gb,isotonic,raps_cp,10,0.9155,0.9012272458470304,0.9297727541529696,0.9657142857142855,0.9569092366576993,0.9745193347708717,0.7983333333333332,0.7571710288710952,0.8394956377955712,1.583,1.5190500459560585,1.6469499540439414,0.583,0.5190500459560585,0.6469499540439414,0.629,0.5048254103646358,0.7531745896353642,0.7279720279720279,German credit; class 1 follows configured positive mapping.
credit_g,gb,isotonic,risk_controlled_rejector,10,0.9274999999999999,0.9082155963996232,0.9467844036003765,0.9742857142857142,0.9669961479215347,0.9815752806498937,0.8183333333333334,0.7657838669254516,0.8708827997412151,1.5274999999999999,1.4365569152344904,1.6184430847655094,0.5275000000000001,0.4365569152344905,0.6184430847655097,0.5630000000000001,0.4022136180448661,0.723786381955134,0.7279720279720279,German credit; class 1 follows configured positive mapping.
credit_g,gb,none,aps_cp,10,0.9189999999999999,0.905002800280056,0.9329971997199439,0.9649999999999999,0.9570666666666665,0.9729333333333332,0.8116666666666665,0.7789818568902053,0.8443514764431278,1.5215,1.4697864896225799,1.5732135103774203,0.5325,0.48448444465013907,0.5805155553498609,0.584,0.4839226397008572,0.6840773602991428,0.6553398058252426,German credit; class 1 follows configured positive mapping.
credit_g,gb,none,capacity_limited_mondrian,10,0.793,0.777803854289839,0.8081961457101611,0.8964285714285714,0.8842147359221558,0.9086424069349869,0.5516666666666666,0.5102173133678649,0.5931160199654684,1.1,1.1,1.1,0.1,0.1,0.1,1.4175,1.2927300098403287,1.5422699901596713,0.6553398058252426,German credit; class 1 follows configured positive mapping.
credit_g,gb,none,class_conditional_rejector,10,0.9629999999999999,0.9551057432972514,0.9708942567027483,0.9949999999999999,0.9913552168179102,0.9986447831820896,0.8883333333333333,0.8625425224518212,0.9141241442148454,1.655,1.607302191990733,1.702697808009267,0.655,0.6073021919907331,0.702697808009267,0.3385,0.2613478614107886,0.41565213858921146,0.6553398058252426,German credit; class 1 follows configured positive mapping.
credit_g,gb,none,class_weighted_threshold,10,0.46499999999999997,0.40513883469968937,0.5248611653003106,0.25571428571428567,0.16120305181411204,0.3502255196144593,0.9533333333333334,0.9267501677701799,0.9799164988964868,1.0,1.0,1.0,0.0,0.0,0.0,0.661,0.6144617500209655,0.7075382499790346,0.6553398058252426,German credit; class 1 follows configured positive mapping.
credit_g,gb,none,confidence_rejector,10,0.9959999999999999,0.9901930463140204,1.0018069536859795,1.0,1.0,1.0,0.9866666666666666,0.9673101543800682,1.006023178953265,1.9395,1.9026734944488197,1.9763265055511803,0.9394999999999998,0.9026734944488195,0.9763265055511801,0.039999999999999994,-0.01806953685979519,0.09806953685979518,0.6553398058252426,German credit; class 1 follows configured positive mapping.
credit_g,gb,none,cost_controlled_mondrian,10,0.9914999999999999,0.9862225384890081,0.9967774615109918,0.9949999999999999,0.9913552168179102,0.9986447831820896,0.9833333333333332,0.9644732245398054,1.002193442126861,1.909,1.8778791059825646,1.9401208940174355,0.9090000000000001,0.8778791059825648,0.9401208940174355,0.053500000000000006,-0.002187804769087455,0.10918780476908746,0.6553398058252426,German credit; class 1 follows configured positive mapping.
credit_g,gb,none,cost_tuned_threshold,10,0.477,0.4239792728160853,0.5300207271839147,0.27999999999999997,0.19403194391713474,0.3659680560828652,0.9366666666666665,0.9033530725111937,0.9699802608221394,1.0,1.0,1.0,0.0,0.0,0.0,0.694,0.6268495367766452,0.7611504632233547,0.6553398058252426,German credit; class 1 follows configured positive mapping.
credit_g,gb,none,marginal_cp,10,0.913,0.9044565580706603,0.9215434419293398,0.9807142857142856,0.9760243437577626,0.9854042276708087,0.755,0.7343111111111111,0.7756888888888889,1.4134999999999998,1.3867193096097619,1.4402806903902377,0.4135,0.38671930960976214,0.4402806903902378,0.7484999999999999,0.684469166802235,0.8125308331977649,0.6553398058252426,German credit; class 1 follows configured positive mapping.
credit_g,gb,none,mondrian_cp,10,0.9045,0.8903022083094275,0.9186977916905724,0.9049999999999999,0.8882975051763715,0.9217024948236283,0.9033333333333331,0.8827882188679654,0.9238784477987008,1.5150000000000001,1.4756912619270361,1.554308738072964,0.515,0.47569126192703604,0.554308738072964,0.3565,0.2916576952222633,0.42134230477773665,0.6553398058252426,German credit; class 1 follows configured positive mapping.
credit_g,gb,none,raps_cp,10,0.9215,0.908928637482136,0.9340713625178639,0.9707142857142855,0.9622497190455842,0.9791788523829869,0.8066666666666666,0.7761777777777777,0.8371555555555555,1.5150000000000001,1.4663716315077073,1.563628368492293,0.515,0.46637163150770716,0.5636283684922929,0.6004999999999999,0.5067239052020422,0.6942760947979576,0.6553398058252426,German credit; class 1 follows configured positive mapping.
credit_g,gb,none,risk_controlled_rejector,10,0.9055000000000002,0.8975720214149859,0.9134279785850145,0.9764285714285714,0.9705072352430283,0.9823499076141146,0.74,0.7204,0.7595999999999999,1.393,1.3700308961138374,1.4159691038861626,0.39299999999999996,0.37003089611383727,0.41596910388616265,0.7965,0.7366201198694884,0.8563798801305116,0.6553398058252426,German credit; class 1 follows configured positive mapping.
credit_g,gb,sigmoid,aps_cp,10,0.9205000000000002,0.9085912189260755,0.9324087810739249,0.9864285714285714,0.9793666233183747,0.9934905195387682,0.7666666666666666,0.7395535519866022,0.793779781346731,1.654,1.6114128887520596,1.6965871112479403,0.654,0.6114128887520597,0.6965871112479404,0.7095,0.6249261324836882,0.7940738675163118,0.6513513513513514,German credit; class 1 follows configured positive mapping.
credit_g,gb,sigmoid,capacity_limited_mondrian,10,0.794,0.7820598976367686,0.8059401023632314,0.9114285714285714,0.8932106315523578,0.9296465113047849,0.52,0.4762272084057846,0.5637727915942154,1.1,1.1,1.1,0.1,0.1,0.1,1.502,1.37757301400241,1.62642698599759,0.6513513513513514,German credit; class 1 follows configured positive mapping.
credit_g,gb,sigmoid,class_conditional_rejector,10,0.969,0.9576087440942137,0.9803912559057862,0.9921428571428571,0.98247711006016,1.001808604225554,0.9149999999999998,0.8777701898281483,0.9522298101718514,1.7255000000000003,1.6613293286098187,1.7896706713901818,0.7254999999999999,0.6613293286098183,0.7896706713901815,0.2605,0.15044241729389518,0.37055758270610484,0.6513513513513514,German credit; class 1 follows configured positive mapping.
credit_g,gb,sigmoid,class_weighted_threshold,10,0.41949999999999993,0.3844247608703803,0.45457523912961956,0.18785714285714286,0.13135192185943328,0.24436236385485244,0.96,0.9404,0.9795999999999999,1.0,1.0,1.0,0.0,0.0,0.0,0.6885000000000001,0.6519760954989751,0.7250239045010252,0.6513513513513514,German credit; class 1 follows configured positive mapping.
credit_g,gb,sigmoid,confidence_rejector,10,0.9979999999999999,0.9963996667013816,0.9996003332986182,1.0,1.0,1.0,0.9933333333333332,0.9879988890046053,0.998667777662061,1.9739999999999998,1.9567267760199007,1.9912732239800988,0.974,0.956726776019901,0.991273223980099,0.02,0.003996667013816572,0.036003332986183426,0.6513513513513514,German credit; class 1 follows configured positive mapping.
credit_g,gb,sigmoid,cost_controlled_mondrian,10,0.9884999999999998,0.9819585050977963,0.9950414949022034,0.9892857142857142,0.9808727613096315,0.9976986672617969,0.9866666666666666,0.975997778009211,0.9973355553241222,1.9260000000000002,1.901345862641559,1.9506541373584414,0.9259999999999999,0.9013458626415587,0.9506541373584412,0.0475,0.0152856312252505,0.0797143687747495,0.6513513513513514,German credit; class 1 follows configured positive mapping.
credit_g,gb,sigmoid,cost_tuned_threshold,10,0.46449999999999997,0.41204075063018486,0.5169592493698151,0.25928571428571423,0.17590895226868433,0.34266247630274416,0.9433333333333331,0.9209117388040725,0.9657549278625938,1.0,1.0,1.0,0.0,0.0,0.0,0.6885,0.6579239301995099,0.7190760698004901,0.6513513513513514,German credit; class 1 follows configured positive mapping.
credit_g,gb,sigmoid,marginal_cp,10,0.9025000000000001,0.8877275857686626,0.9172724142313375,0.9985714285714286,0.9957714285714285,1.0013714285714286,0.6783333333333333,0.6313594188490655,0.7253072478176011,1.4095,1.3761719944257753,1.4428280055742246,0.4095,0.37617199442577526,0.4428280055742247,0.9659999999999999,0.824505435361558,1.1074945646384418,0.6513513513513514,German credit; class 1 follows configured positive mapping.
credit_g,gb,sigmoid,mondrian_cp,10,0.9114999999999999,0.8954933333333333,0.9275066666666665,0.9114285714285714,0.8932106315523578,0.9296465113047849,0.9116666666666665,0.8812361670217055,0.9420971663116275,1.5550000000000002,1.4975400854701493,1.612459914529851,0.5549999999999999,0.497540085470149,0.6124599145298509,0.327,0.2342680843626221,0.41973191563737794,0.6513513513513514,German credit; class 1 follows configured positive mapping.
credit_g,gb,sigmoid,raps_cp,10,0.9205000000000002,0.9085912189260755,0.9324087810739249,0.9864285714285714,0.9793666233183747,0.9934905195387682,0.7666666666666666,0.7395535519866022,0.793779781346731,1.654,1.6114128887520596,1.6965871112479403,0.654,0.6114128887520597,0.6965871112479404,0.7095,0.6249261324836882,0.7940738675163118,0.6513513513513514,German credit; class 1 follows configured positive mapping.
credit_g,gb,sigmoid,risk_controlled_rejector,10,0.8985,0.8795617834935693,0.9174382165064306,0.9971428571428571,0.9934095238095237,1.0008761904761905,0.6683333333333332,0.6118683808034893,0.7247982858631772,1.3935000000000002,1.3502354694928977,1.4367645305071026,0.39349999999999996,0.3502354694928975,0.4367645305071024,0.9969999999999999,0.8256808509113926,1.1683191490886071,0.6513513513513514,German credit; class 1 follows configured positive mapping.
credit_g,gnb,isotonic,aps_cp,10,0.9180000000000001,0.904998830821807,0.9310011691781933,0.9721428571428572,0.9622543677626625,0.9820313465230519,0.7916666666666666,0.761158339529779,0.8221749938035543,1.5735,1.5261378392947844,1.6208621607052154,0.5895,0.5467715504610804,0.6322284495389197,0.623,0.5424092743135622,0.7035907256864378,0.631578947368421,German credit; class 1 follows configured positive mapping.
credit_g,gnb,isotonic,capacity_limited_mondrian,10,0.771,0.7573111464646921,0.7846888535353079,0.9400000000000001,0.9183917711147916,0.9616082288852085,0.3766666666666667,0.32695796459420867,0.42637536873912474,1.1,1.1,1.1,0.1,0.1,0.1,1.9119999999999997,1.7711827939805962,2.052817206019403,0.631578947368421,German credit; class 1 follows configured positive mapping.
credit_g,gnb,isotonic,class_conditional_rejector,10,0.9639999999999999,0.9496266666666665,0.9783733333333332,0.9928571428571429,0.9865961525201434,0.9991181331941423,0.8966666666666665,0.8542698580283262,0.9390634753050068,1.6905000000000001,1.6221891650045341,1.758810834995466,0.6905,0.622189165004534,0.758810834995466,0.315,0.18673184685546024,0.44326815314453977,0.631578947368421,German credit; class 1 follows configured positive mapping.
credit_g,gnb,isotonic,class_weighted_threshold,10,0.43499999999999994,0.37277878889710425,0.49722121110289563,0.20857142857142857,0.11173837636300131,0.3054044807798558,0.9633333333333332,0.9405966658250391,0.9860700008416272,1.0,1.0,1.0,0.0,0.0,0.0,0.6639999999999999,0.6246153239049612,0.7033846760950386,0.631578947368421,German credit; class 1 follows configured positive mapping.
credit_g,gnb,isotonic,confidence_rejector,10,0.9884999999999999,0.9838687006862724,0.9931312993137275,0.9928571428571429,0.9865961525201434,0.9991181331941423,0.9783333333333333,0.9685333333333332,0.9881333333333333,1.89,1.845019530164007,1.9349804698359927,0.89,0.8450195301640071,0.9349804698359929,0.07,0.04137236766106333,0.09862763233893668,0.631578947368421,German credit; class 1 follows configured positive mapping.
credit_g,gnb,isotonic,cost_controlled_mondrian,10,0.9955,0.991512525165527,0.9994874748344731,0.9971428571428571,0.9928657864942316,1.0014199277914826,0.9916666666666668,0.9816276071465034,1.0017057261868303,1.9739999999999998,1.9467551383029955,2.001244861697004,0.974,0.9467551383029957,1.0012448616970042,0.027000000000000003,-0.002910967145105074,0.05691096714510508,0.631578947368421,German credit; class 1 follows configured positive mapping.
credit_g,gnb,isotonic,cost_tuned_threshold,10,0.43499999999999994,0.37277878889710425,0.49722121110289563,0.20857142857142857,0.11173837636300131,0.3054044807798558,0.9633333333333332,0.9405966658250391,0.9860700008416272,1.0,1.0,1.0,0.0,0.0,0.0,0.6639999999999999,0.6246153239049612,0.7033846760950386,0.631578947368421,German credit; class 1 follows configured positive mapping.
credit_g,gnb,isotonic,marginal_cp,10,0.9335000000000001,0.9228594883163973,0.9441405116836029,0.9835714285714285,0.9749538754255395,0.9921889817173176,0.8166666666666667,0.7774062194449477,0.8559271138883856,1.527,1.4847803079120654,1.5692196920879344,0.5269999999999999,0.4847803079120654,0.5692196920879344,0.5615,0.44621813460526893,0.6767818653947311,0.631578947368421,German credit; class 1 follows configured positive mapping.
credit_g,gnb,isotonic,mondrian_cp,10,0.945,0.927776269600087,0.9622237303999129,0.9485714285714286,0.9268025414973395,0.9703403156455177,0.9366666666666665,0.9134143629177983,0.9599189704155348,1.6934999999999998,1.6162372905816351,1.7707627094183644,0.6935,0.6162372905816353,0.7707627094183647,0.22599999999999998,0.15350060352741624,0.2984993964725837,0.631578947368421,German credit; class 1 follows configured positive mapping.
credit_g,gnb,isotonic,raps_cp,10,0.9145000000000001,0.900004684281542,0.9289953157184582,0.9778571428571429,0.9677508192042126,0.9879634665100732,0.7666666666666666,0.7274062194449477,0.8059271138883856,1.552,1.5011993945792856,1.6028006054207145,0.552,0.5011993945792858,0.6028006054207143,0.7155,0.5966054493352291,0.834394550664771,0.631578947368421,German credit; class 1 follows configured positive mapping.
credit_g,gnb,isotonic,risk_controlled_rejector,10,0.9335000000000001,0.9228594883163973,0.9441405116836029,0.9835714285714285,0.9749538754255395,0.9921889817173176,0.8166666666666667,0.7774062194449477,0.8559271138883856,1.5269999999999997,1.4834613254935591,1.5705386745064402,0.5269999999999999,0.48346132549355936,0.5705386745064405,0.5615,0.44621813460526893,0.6767818653947311,0.631578947368421,German credit; class 1 follows configured positive mapping.
credit_g,gnb,none,aps_cp,10,0.9244999999999999,0.912955209929246,0.9360447900707538,0.9321428571428572,0.9206643748583583,0.943621339427356,0.9066666666666666,0.8842450721374061,0.9290882611959271,1.6349999999999998,1.586371631507707,1.6836283684922926,0.645,0.6016135505024899,0.6883864494975102,0.318,0.2506210900124445,0.38537890998755553,0.5914634146341463,German credit; class 1 follows configured positive mapping.
credit_g,gnb,none,capacity_limited_mondrian,10,0.748,0.7321844745757706,0.7638155254242294,0.805,0.7675472742424979,0.8424527257575022,0.615,0.5499485711528046,0.6800514288471954,1.1,1.1,1.1,0.1,0.1,0.1,1.2914999999999999,1.1165941737835916,1.4664058262164081,0.5914634146341463,German credit; class 1 follows configured positive mapping.
credit_g,gnb,none,class_conditional_rejector,10,0.9594999999999999,0.9460748345758173,0.9729251654241825,0.9992857142857143,0.9978857142857144,1.0006857142857144,0.8666666666666666,0.8223019604184131,0.9110313729149201,1.6460000000000001,1.5856806660808955,1.7063193339191047,0.6459999999999999,0.5856806660808953,0.7063193339191045,0.4005000000000001,0.2673221224577196,0.5336778775422806,0.5914634146341463,German credit; class 1 follows configured positive mapping.
credit_g,gnb,none,class_weighted_threshold,10,0.46349999999999997,0.41042194385205455,0.5165780561479454,0.25357142857142856,0.1721451155980141,0.334997741544843,0.9533333333333334,0.93733000034715,0.9693366663195168,1.0,1.0,1.0,0.0,0.0,0.0,0.6625000000000001,0.6307527726494984,0.6942472273505018,0.5914634146341463,German credit; class 1 follows configured positive mapping.
credit_g,gnb,none,confidence_rejector,10,0.9975000000000002,0.9953086533820503,0.99969134661795,0.9992857142857143,0.9978857142857144,1.0006857142857144,0.9933333333333334,0.9879988890046055,0.9986677776620613,1.9815,1.968844037856497,1.994155962143503,0.9814999999999999,0.9688440378564971,0.9941559621435028,0.0205,0.004072206478044592,0.03692779352195541,0.5914634146341463,German credit; class 1 follows configured positive mapping.
credit_g,gnb,none,cost_controlled_mondrian,10,0.9919999999999998,0.9873342667600185,0.9966657332399811,0.9957142857142858,0.9914372150656603,0.9999913563629113,0.9833333333333332,0.9704494262501384,0.9962172404165279,1.9354999999999998,1.898184141589816,1.9728158584101836,0.9355,0.8981841415898162,0.9728158584101838,0.053000000000000005,0.014508740386073797,0.0914912596139262,0.5914634146341463,German credit; class 1 follows configured positive mapping.
credit_g,gnb,none,cost_tuned_threshold,10,0.476,0.4201447760326355,0.5318552239673644,0.2757142857142857,0.18770832632011236,0.363720245108459,0.9433333333333331,0.9170191443241716,0.9696475223424946,1.0,1.0,1.0,0.0,0.0,0.0,0.6769999999999999,0.6255108667343832,0.7284891332656167,0.5914634146341463,German credit; class 1 follows configured positive mapping.
credit_g,gnb,none,marginal_cp,10,0.9165000000000001,0.9023323043510951,0.9306676956489051,0.9357142857142856,0.9244754641074128,0.9469531073211584,0.8716666666666667,0.8375616654042256,0.9057716679291078,1.534,1.4970476607265821,1.570952339273418,0.534,0.4970476607265822,0.5709523392734178,0.43000000000000005,0.32573242114636025,0.5342675788536398,0.5914634146341463,German credit; class 1 follows configured positive mapping.
credit_g,gnb,none,mondrian_cp,10,0.9235,0.9122738776854061,0.9347261223145938,0.9321428571428572,0.9169134995289151,0.9473722147567992,0.9033333333333333,0.8785985325382921,0.9280681341283745,1.574,1.531187968461606,1.616812031538394,0.574,0.5311879684616059,0.616812031538394,0.3375,0.2654368594757194,0.40956314052428067,0.5914634146341463,German credit; class 1 follows configured positive mapping.
credit_g,gnb,none,raps_cp,10,0.922,0.910386092628041,0.933613907371959,0.9321428571428572,0.9201086466485113,0.944177067637203,0.8983333333333334,0.873766880246167,0.9228997864204999,1.6219999999999999,1.5697905312972615,1.6742094687027382,0.6219999999999999,0.5697905312972614,0.6742094687027383,0.35250000000000004,0.2776762173874881,0.42732378261251197,0.5914634146341463,German credit; class 1 follows configured positive mapping.
credit_g,gnb,none,risk_controlled_rejector,10,0.9155000000000001,0.9013022083094276,0.9296977916905725,0.9349999999999999,0.9238682635875818,0.9461317364124181,0.8699999999999999,0.8356352463082258,0.9043647536917739,1.5305,1.4897922999366895,1.5712077000633105,0.5304999999999999,0.48979229993668943,0.5712077000633103,0.43550000000000005,0.3304529187036171,0.540547081296383,0.5914634146341463,German credit; class 1 follows configured positive mapping.
credit_g,gnb,sigmoid,aps_cp,10,0.9305,0.9205433629059696,0.9404566370940304,0.9885714285714287,0.9815870014494507,0.9955558556934067,0.7949999999999999,0.7653590123621336,0.8246409876378663,1.6700000000000004,1.6227517572343224,1.7172482427656783,0.67,0.6227517572343221,0.717248242765678,0.6230000000000001,0.5341586772823468,0.7118413227176534,0.601762114537445,German credit; class 1 follows configured positive mapping.
credit_g,gnb,sigmoid,capacity_limited_mondrian,10,0.7735,0.7598697379172502,0.7871302620827497,0.9271428571428573,0.909458714842794,0.9448269994429206,0.4149999999999999,0.36742415282343455,0.4625758471765653,1.1,1.1,1.1,0.1,0.1,0.1,1.8059999999999998,1.6688404504074015,1.9431595495925982,0.601762114537445,German credit; class 1 follows configured positive mapping.
credit_g,gnb,sigmoid,class_conditional_rejector,10,0.9555,0.9392682492215617,0.9717317507784383,0.9978571428571428,0.9936571428571428,1.0020571428571428,0.8566666666666667,0.8064831811139251,0.9068501522194082,1.658,1.5731521455780997,1.7428478544219002,0.6579999999999999,0.5731521455780996,0.7428478544219003,0.43150000000000005,0.27998828120131003,0.5830117187986901,0.601762114537445,German credit; class 1 follows configured positive mapping.
credit_g,gnb,sigmoid,class_weighted_threshold,10,0.46950000000000003,0.4140926723658725,0.5249073276341276,0.2664285714285714,0.17661372484591187,0.35624341801123094,0.9433333333333331,0.9170191443241716,0.9696475223424946,1.0,1.0,1.0,0.0,0.0,0.0,0.6835,0.6564024142116764,0.7105975857883235,0.601762114537445,German credit; class 1 follows configured positive mapping.
credit_g,gnb,sigmoid,confidence_rejector,10,0.9984999999999999,0.997003025272981,0.9999969747270189,1.0,1.0,1.0,0.9949999999999999,0.9900100842432702,0.9999899157567296,1.9795000000000003,1.9579573301974382,2.0010426698025623,0.9795,0.9579573301974379,1.001042669802562,0.015000000000000003,3.025272981092321e-05,0.029969747270189084,0.601762114537445,German credit; class 1 follows configured positive mapping.
credit_g,gnb,sigmoid,cost_controlled_mondrian,10,0.9935,0.9891051494779559,0.9978948505220442,0.9957142857142858,0.9914372150656603,0.9999913563629113,0.9883333333333333,0.9773901354347794,0.9992765312318872,1.9485,1.9156038394675339,1.981396160532466,0.9485000000000001,0.9156038394675341,0.9813961605324661,0.038,0.005098974011269637,0.07090102598873035,0.601762114537445,German credit; class 1 follows configured positive mapping.
credit_g,gnb,sigmoid,cost_tuned_threshold,10,0.47300000000000003,0.4177517907781418,0.5282482092218583,0.275,0.18323738354984764,0.3667626164501524,0.9349999999999999,0.9014558591894791,0.9685441408105208,1.0,1.0,1.0,0.0,0.0,0.0,0.7024999999999999,0.6524602535755603,0.7525397464244395,0.601762114537445,German credit; class 1 follows configured positive mapping.
credit_g,gnb,sigmoid,marginal_cp,10,0.9090000000000001,0.8961142524901003,0.9218857475098999,1.0,1.0,1.0,0.6966666666666667,0.6537141749670007,0.7396191583663326,1.4514999999999998,1.427626499116291,1.4753735008837086,0.45149999999999996,0.42762649911629114,0.4753735008837088,0.9099999999999999,0.7811425249010019,1.0388574750989978,0.601762114537445,German credit; class 1 follows configured positive mapping.
credit_g,gnb,sigmoid,mondrian_cp,10,0.9180000000000001,0.9028742397803543,0.933125760219646,0.9271428571428573,0.909458714842794,0.9448269994429206,0.8966666666666667,0.8714570663005903,0.9218762670327432,1.5675,1.5216443302911793,1.6133556697088205,0.5674999999999999,0.5216443302911793,0.6133556697088205,0.361,0.2831765085451557,0.4388234914548443,0.601762114537445,German credit; class 1 follows configured positive mapping.
credit_g,gnb,sigmoid,raps_cp,10,0.9305,0.9205433629059696,0.9404566370940304,0.9885714285714287,0.9815870014494507,0.9955558556934067,0.7949999999999999,0.7653590123621336,0.8246409876378663,1.6700000000000004,1.6227517572343224,1.7172482427656783,0.67,0.6227517572343221,0.717248242765678,0.6230000000000001,0.5341586772823468,0.7118413227176534,0.601762114537445,German credit; class 1 follows configured positive mapping.
credit_g,gnb,sigmoid,risk_controlled_rejector,10,0.9055000000000002,0.8945238055572781,0.9164761944427223,1.0,1.0,1.0,0.6849999999999999,0.6484126851909261,0.7215873148090738,1.4425000000000001,1.4207208611536433,1.464279138846357,0.4425,0.42072086115364316,0.46427913884635685,0.945,0.8352380555727785,1.0547619444272214,0.601762114537445,German credit; class 1 follows configured positive mapping.
credit_g,hgb,isotonic,aps_cp,10,0.9344999999999999,0.9241235116194778,0.944876488380522,0.9742857142857142,0.9632029950044788,0.9853684335669496,0.8416666666666666,0.812754667363545,0.8705786659697882,1.6065,1.5456128033892913,1.6673871966107088,0.6155,0.5544308046375079,0.6765691953624922,0.4885,0.40485738433337015,0.5721426156666298,0.6897001303780965,German credit; class 1 follows configured positive mapping.
credit_g,hgb,isotonic,capacity_limited_mondrian,10,0.7859999999999999,0.7712601281477001,0.8007398718522998,0.9207142857142857,0.8897274784856889,0.9517010929428825,0.4716666666666667,0.40109020082383634,0.542243132509497,1.1,1.1,1.1,0.1,0.1,0.1,1.6405,1.4448353925150943,1.8361646074849058,0.6897001303780965,German credit; class 1 follows configured positive mapping.
credit_g,hgb,isotonic,class_conditional_rejector,10,0.9860000000000001,0.9742400000000001,0.9977600000000001,0.9957142857142858,0.9909552008349325,1.000473370593639,0.9633333333333335,0.9279486327264747,0.9987180339401923,1.827,1.751552021159536,1.902447978840464,0.8270000000000002,0.7515520211595361,0.9024479788404642,0.11299999999999999,0.0061125900772219105,0.21988740992277805,0.6897001303780965,German credit; class 1 follows configured positive mapping.
credit_g,hgb,isotonic,class_weighted_threshold,10,0.4095,0.3594773167008761,0.4595226832991238,0.16857142857142857,0.08822340778407844,0.2489194493587787,0.9716666666666667,0.9472940347779029,0.9960392985554305,1.0,1.0,1.0,0.0,0.0,0.0,0.667,0.6300649916143987,0.7039350083856014,0.6897001303780965,German credit; class 1 follows configured positive mapping.
credit_g,hgb,isotonic,confidence_rejector,10,0.9955,0.9920894998737559,0.9989105001262442,0.9978571428571428,0.9948690182130074,1.000845267501278,0.9899999999999999,0.9788954686148422,1.0011045313851574,1.911,1.8801200633276411,1.941879936672359,0.9110000000000001,0.8801200633276414,0.9418799366723589,0.0315,-0.001298699838730058,0.06429869983873006,0.6897001303780965,German credit; class 1 follows configured positive mapping.
credit_g,hgb,isotonic,cost_controlled_mondrian,10,0.9974999999999999,0.9941526627497864,1.0008473372502134,0.9964285714285716,0.9916466610711238,1.0012104817860195,1.0,1.0,1.0,1.9789999999999999,1.9628110380540045,1.9951889619459953,0.9789999999999999,0.9628110380540044,0.9951889619459954,0.0025,-0.000847337250213469,0.005847337250213469,0.6897001303780965,German credit; class 1 follows configured positive mapping.
credit_g,hgb,isotonic,cost_tuned_threshold,10,0.4069999999999999,0.3468330012936216,0.46716699870637823,0.16357142857142856,0.06906825990027295,0.2580745972425842,0.975,0.9515193539113435,0.9984806460886565,1.0,1.0,1.0,0.0,0.0,0.0,0.6605000000000001,0.6247020428888278,0.6962979571111724,0.6897001303780965,German credit; class 1 follows configured positive mapping.
credit_g,hgb,isotonic,marginal_cp,10,0.9350000000000002,0.9169888429639357,0.9530111570360646,0.9799999999999999,0.9598953847200311,1.0001046152799686,0.8300000000000001,0.769608372749401,0.8903916272505992,1.5539999999999998,1.487955141170733,1.6200448588292666,0.554,0.48795514117073324,0.6200448588292669,0.524,0.34792212127079175,0.7000778787292083,0.6897001303780965,German credit; class 1 follows configured positive mapping.
credit_g,hgb,isotonic,mondrian_cp,10,0.9675,0.9536214714196514,0.9813785285803487,0.9692857142857143,0.9498139113103575,0.9887575172610711,0.9633333333333335,0.9279486327264747,0.9987180339401923,1.7670000000000001,1.694406463709838,1.8395935362901623,0.767,0.6944064637098377,0.8395935362901623,0.1315,0.029539698139150486,0.23346030186084954,0.6897001303780965,German credit; class 1 follows configured positive mapping.
credit_g,hgb,isotonic,raps_cp,10,0.9279999999999999,0.9175466666666666,0.9384533333333333,0.9771428571428572,0.9651903585663159,0.9890953557193986,0.8133333333333332,0.779315356967162,0.8473513096995045,1.573,1.5170226379090022,1.6289773620909977,0.5730000000000001,0.5170226379090024,0.6289773620909977,0.5760000000000001,0.4768223645281974,0.6751776354718028,0.6897001303780965,German credit; class 1 follows configured positive mapping.
credit_g,hgb,isotonic,risk_controlled_rejector,10,0.9330000000000002,0.9155179914705942,0.9504820085294061,0.9799999999999999,0.9598953847200311,1.0001046152799686,0.8233333333333333,0.7632566580459953,0.8834100086206712,1.5385,1.4677398979336205,1.6092601020663795,0.5385000000000001,0.4677398979336206,0.6092601020663796,0.5439999999999999,0.36933380458078835,0.7186661954192115,0.6897001303780965,German credit; class 1 follows configured positive mapping.
credit_g,hgb,none,aps_cp,10,0.914,0.9029898309630496,0.9250101690369504,0.9642857142857142,0.9542768293439348,0.9742945992274936,0.7966666666666666,0.7655617784001244,0.8277715549332089,1.4915,1.4442280487204329,1.5387719512795672,0.5115000000000001,0.46745326673734927,0.5555467332626509,0.6115000000000002,0.5234204649825576,0.6995795350174427,0.6129032258064516,German credit; class 1 follows configured positive mapping.
credit_g,hgb,none,capacity_limited_mondrian,10,0.7895,0.7709949748566625,0.8080050251433375,0.8885714285714286,0.8695350890540156,0.9076077680888416,0.5583333333333333,0.5166557643892788,0.6000109022773878,1.1,1.1,1.1,0.1,0.1,0.1,1.403,1.2769202079809951,1.529079792019005,0.6129032258064516,German credit; class 1 follows configured positive mapping.
credit_g,hgb,none,class_conditional_rejector,10,0.969,0.9586905738924678,0.9793094261075321,0.9935714285714285,0.9878750359507528,0.9992678211921043,0.9116666666666665,0.8800888888888887,0.9432444444444443,1.709,1.6313549683924764,1.7866450316075237,0.709,0.6313549683924764,0.7866450316075235,0.2695,0.17464902706526061,0.3643509729347394,0.6129032258064516,German credit; class 1 follows configured positive mapping.
credit_g,hgb,none,class_weighted_threshold,10,0.453,0.39959824222618384,0.5064017577738161,0.24071428571428571,0.15575916030484777,0.32566941112372366,0.9483333333333333,0.9201691848594443,0.9764974818072222,1.0,1.0,1.0,0.0,0.0,0.0,0.6865,0.6306973393704804,0.7423026606295196,0.6129032258064516,German credit; class 1 follows configured positive mapping.
credit_g,hgb,none,confidence_rejector,10,0.9995,0.9985200000000001,1.00048,1.0,1.0,1.0,0.9983333333333334,0.9950666666666668,1.0016,1.968,1.935066556005584,2.0009334439944158,0.968,0.935066556005584,1.000933443994416,0.005,-0.004799999999999998,0.014799999999999997,0.6129032258064516,German credit; class 1 follows configured positive mapping.
credit_g,hgb,none,cost_controlled_mondrian,10,0.992,0.98808,0.99592,0.9935714285714285,0.9878750359507528,0.9992678211921043,0.9883333333333333,0.9798288392417904,0.9968378274248761,1.9130000000000003,1.8699047545803744,1.956095245419626,0.9129999999999999,0.8699047545803742,0.9560952454196257,0.0395,0.01507852584302086,0.06392147415697914,0.6129032258064516,German credit; class 1 follows configured positive mapping.
credit_g,hgb,none,cost_tuned_threshold,10,0.4755000000000001,0.41925164239434787,0.5317483576056523,0.27214285714285713,0.18299975122134837,0.3612859630643659,0.9499999999999998,0.9242321858336104,0.9757678141663892,1.0,1.0,1.0,0.0,0.0,0.0,0.6595000000000001,0.6150817409916448,0.7039182590083554,0.6129032258064516,German credit; class 1 follows configured positive mapping.
credit_g,hgb,none,marginal_cp,10,0.907,0.8935153519388405,0.9204846480611596,0.9778571428571429,0.9665314591642654,0.9891828265500203,0.7416666666666667,0.711158339529779,0.7721749938035544,1.4129999999999998,1.3758633011698669,1.4501366988301327,0.413,0.375863301169867,0.45013669883013296,0.7905,0.6967352852436839,0.8842647147563161,0.6129032258064516,German credit; class 1 follows configured positive mapping.
credit_g,hgb,none,mondrian_cp,10,0.9015000000000002,0.8883478628690579,0.9146521371309425,0.8985714285714286,0.8771047619047619,0.9200380952380952,0.9083333333333332,0.8848526872446767,0.9318139794219897,1.5115000000000003,1.4743963607654933,1.5486036392345073,0.5115,0.474396360765493,0.548603639234507,0.34600000000000003,0.28147527054600613,0.41052472945399393,0.6129032258064516,German credit; class 1 follows configured positive mapping.
credit_g,hgb,none,raps_cp,10,0.917,0.9063444557988707,0.9276555442011294,0.975,0.9656085144945009,0.984391485505499,0.7816666666666667,0.7518661032450313,0.8114672300883021,1.4759999999999998,1.4348399999999997,1.5171599999999998,0.4760000000000001,0.4348400000000001,0.5171600000000001,0.6725,0.5833942189180622,0.7616057810819378,0.6129032258064516,German credit; class 1 follows configured positive mapping.
credit_g,hgb,none,risk_controlled_rejector,10,0.9055,0.893325365166325,0.917674634833675,0.9771428571428572,0.966338742700253,0.9879469715854614,0.7383333333333335,0.7116388940918033,0.7650277725748638,1.4100000000000001,1.3733900074357348,1.4466099925642655,0.41,0.37339000743573475,0.4466099925642652,0.8009999999999999,0.7189058654145538,0.8830941345854461,0.6129032258064516,German credit; class 1 follows configured positive mapping.
credit_g,hgb,sigmoid,aps_cp,10,0.9215,0.9025055201001273,0.9404944798998727,0.9871428571428572,0.9799737877781799,0.9943119265075345,0.7683333333333333,0.7129282526731361,0.8237384139935305,1.6315000000000002,1.5682067000210749,1.6947932999789255,0.6315,0.5682067000210747,0.6947932999789252,0.7040000000000001,0.5359345238704074,0.8720654761295927,0.5692307692307692,German credit; class 1 follows configured positive mapping.
credit_g,hgb,sigmoid,capacity_limited_mondrian,10,0.7855000000000001,0.775760073009628,0.7952399269903722,0.9164285714285715,0.8974093998144109,0.935447743042732,0.4800000000000001,0.4393157536479467,0.5206842463520535,1.1,1.1,1.1,0.1,0.1,0.1,1.6185000000000003,1.505537079633281,1.7314629203667196,0.5692307692307692,German credit; class 1 follows configured positive mapping.
credit_g,hgb,sigmoid,class_conditional_rejector,10,0.9684999999999999,0.9551066666666665,0.9818933333333333,0.9914285714285714,0.9859863496600492,0.9968707931970937,0.915,0.865951628813493,0.9640483711865071,1.7399999999999998,1.645514807744517,1.8344851922554826,0.74,0.6455148077445172,0.8344851922554828,0.261,0.11557058283215951,0.40642941716784053,0.5692307692307692,German credit; class 1 follows configured positive mapping.
credit_g,hgb,sigmoid,class_weighted_threshold,10,0.449,0.40046388469511707,0.49753611530488295,0.23214285714285712,0.1537970425343749,0.3104886717513393,0.9549999999999998,0.9265843809251423,0.9834156190748574,1.0,1.0,1.0,0.0,0.0,0.0,0.6725000000000001,0.6174636948107081,0.7275363051892921,0.5692307692307692,German credit; class 1 follows configured positive mapping.
credit_g,hgb,sigmoid,confidence_rejector,10,1.0,1.0,1.0,1.0,1.0,1.0,1.0,1.0,1.0,2.0,2.0,2.0,1.0,1.0,1.0,0.0,0.0,0.0,0.5692307692307692,German credit; class 1 follows configured positive mapping.
credit_g,hgb,sigmoid,cost_controlled_mondrian,10,0.9924999999999999,0.9885664124375945,0.9964335875624054,0.9914285714285714,0.9859863496600492,0.9968707931970937,0.9949999999999999,0.9880277091636841,1.0019722908363156,1.9255,1.8959389227380177,1.9550610772619823,0.9255000000000001,0.8959389227380178,0.9550610772619824,0.021,0.0005578692130416354,0.04144213078695837,0.5692307692307692,German credit; class 1 follows configured positive mapping.
credit_g,hgb,sigmoid,cost_tuned_threshold,10,0.42800000000000005,0.3719274026125259,0.4840725973874742,0.1957142857142857,0.11001517382986897,0.28141339759870243,0.97,0.9525777777777777,0.9874222222222222,1.0,1.0,1.0,0.0,0.0,0.0,0.6529999999999999,0.614122549237665,0.6918774507623349,0.5692307692307692,German credit; class 1 follows configured positive mapping.
credit_g,hgb,sigmoid,marginal_cp,10,0.909,0.8954679540842242,0.9225320459157759,1.0,1.0,1.0,0.6966666666666668,0.6515598469474139,0.7417734863859197,1.4250000000000003,1.3930935116316447,1.4569064883683558,0.425,0.3930935116316446,0.4569064883683554,0.9100000000000001,0.7746795408422413,1.045320459157759,0.5692307692307692,German credit; class 1 follows configured positive mapping.
credit_g,hgb,sigmoid,mondrian_cp,10,0.9135,0.8998697379172502,0.9271302620827497,0.9164285714285715,0.8974093998144109,0.935447743042732,0.9066666666666666,0.8704867049526235,0.9428466283807098,1.5525,1.4986396105142605,1.6063603894857394,0.5525,0.49863961051426053,0.6063603894857394,0.3385,0.2342626168572693,0.44273738314273076,0.5692307692307692,German credit; class 1 follows configured positive mapping.
credit_g,hgb,sigmoid,raps_cp,10,0.9215,0.9025055201001273,0.9404944798998727,0.9871428571428572,0.9799737877781799,0.9943119265075345,0.7683333333333333,0.7129282526731361,0.8237384139935305,1.6315000000000002,1.5682067000210749,1.6947932999789255,0.6315,0.5682067000210747,0.6947932999789252,0.7040000000000001,0.5359345238704074,0.8720654761295927,0.5692307692307692,German credit; class 1 follows configured positive mapping.
credit_g,hgb,sigmoid,risk_controlled_rejector,10,0.9065,0.8934292506378215,0.9195707493621784,1.0,1.0,1.0,0.6883333333333334,0.6447641687927385,0.7319024978739282,1.4195,1.386720827073006,1.452279172926994,0.41950000000000004,0.38672082707300603,0.45227917292699404,0.9350000000000002,0.8042925063782155,1.065707493621785,0.5692307692307692,German credit; class 1 follows configured positive mapping.
credit_g,logreg,isotonic,aps_cp,10,0.9189999999999999,0.9011196619470188,0.9368803380529811,0.9714285714285713,0.9628236632684313,0.9800334795887113,0.7966666666666666,0.7449473100209014,0.8483860233124318,1.5985,1.5381939358125754,1.6588060641874247,0.6195,0.5617169232771779,0.6772830767228222,0.615,0.45899144183019247,0.7710085581698075,0.656808803301238,German credit; class 1 follows configured positive mapping.
credit_g,logreg,isotonic,capacity_limited_mondrian,10,0.7615,0.7405296283082801,0.7824703716917198,0.93,0.8888485723212427,0.9711514276787574,0.3683333333333333,0.31977084209209283,0.41689582457457375,1.1,1.1,1.1,0.1,0.1,0.1,1.9440000000000002,1.8173830560750701,2.0706169439249305,0.656808803301238,German credit; class 1 follows configured positive mapping.
credit_g,logreg,isotonic,class_conditional_rejector,10,0.9785,0.9709019271449195,0.9860980728550806,0.9921428571428571,0.9877403326145641,0.9965453816711501,0.9466666666666667,0.9229099158392378,0.9704234174940956,1.779,1.7251881731297745,1.8328118268702254,0.779,0.7251881731297747,0.8328118268702254,0.1655,0.09434288151483994,0.23665711848516008,0.656808803301238,German credit; class 1 follows configured positive mapping.
credit_g,logreg,isotonic,class_weighted_threshold,10,0.39099999999999996,0.34079950597852643,0.4412004940214735,0.14357142857142857,0.062353997492188507,0.22478885965066864,0.9683333333333332,0.9437668802461667,0.9928997864204996,1.0,1.0,1.0,0.0,0.0,0.0,0.6945,0.6628807590223927,0.7261192409776073,0.656808803301238,German credit; class 1 follows configured positive mapping.
credit_g,logreg,isotonic,confidence_rejector,10,0.9875,0.9800151263649055,0.9949848736350946,0.9942857142857143,0.9907935007247253,0.9977779278467034,0.9716666666666667,0.9493245346243228,0.9940087987090106,1.8694999999999997,1.8159934359167025,1.923006564083297,0.8694999999999998,0.8159934359167025,0.9230065640832972,0.089,0.021548277017311615,0.1564517229826884,0.656808803301238,German credit; class 1 follows configured positive mapping.
credit_g,logreg,isotonic,cost_controlled_mondrian,10,0.9974999999999999,0.9948663291355557,1.0001336708644442,0.9971428571428571,0.9934095238095237,1.0008761904761905,0.9983333333333334,0.9950666666666668,1.0016,1.984,1.9679434111828058,2.000056588817194,0.984,0.9679434111828058,1.0000565888171942,0.007000000000000001,-0.0027124982482480894,0.01671249824824809,0.656808803301238,German credit; class 1 follows configured positive mapping.
credit_g,logreg,isotonic,cost_tuned_threshold,10,0.4425,0.3937565605554051,0.4912434394445949,0.22214285714285714,0.14533542116025047,0.29895029312546384,0.9566666666666667,0.9332112821733697,0.9801220511599636,1.0,1.0,1.0,0.0,0.0,0.0,0.6744999999999999,0.6276042721680439,0.7213957278319558,0.656808803301238,German credit; class 1 follows configured positive mapping.
credit_g,logreg,isotonic,marginal_cp,10,0.9285,0.9179602530074642,0.9390397469925358,0.985,0.9720589370177287,0.9979410629822713,0.7966666666666666,0.7590093685856116,0.8343239647477216,1.525,1.4738477132041543,1.5761522867958455,0.525,0.47384771320415436,0.5761522867958456,0.6205,0.5116023459083409,0.7293976540916592,0.656808803301238,German credit; class 1 follows configured positive mapping.
credit_g,logreg,isotonic,mondrian_cp,10,0.9515,0.9312545714350677,0.9717454285649323,0.9542857142857143,0.9277882510947679,0.9807831774766607,0.945,0.9211188022716976,0.9688811977283023,1.7269999999999999,1.6656910106283116,1.7883089893716881,0.727,0.6656910106283118,0.7883089893716881,0.197,0.12202021487242196,0.27197978512757803,0.656808803301238,German credit; class 1 follows configured positive mapping.
credit_g,logreg,isotonic,raps_cp,10,0.925,0.9098883562185388,0.9401116437814613,0.9835714285714285,0.9780300689308108,0.9891127882120463,0.7883333333333334,0.7408572782900894,0.8358093883765775,1.5869999999999997,1.526638222542922,1.6473617774570775,0.587,0.5266382225429223,0.6473617774570777,0.6465,0.5036525100753332,0.7893474899246667,0.656808803301238,German credit; class 1 follows configured positive mapping.
credit_g,logreg,isotonic,risk_controlled_rejector,10,0.9275,0.917672815481759,0.9373271845182409,0.9835714285714285,0.9710407550948041,0.9961021020480529,0.7966666666666666,0.7590093685856116,0.8343239647477216,1.523,1.4721993945792855,1.5738006054207143,0.523,0.47219939457928567,0.5738006054207143,0.6214999999999999,0.5130579825180499,0.72994201748195,0.656808803301238,German credit; class 1 follows configured positive mapping.
credit_g,logreg,none,aps_cp,10,0.9209999999999999,0.9079496768877804,0.9340503231122195,0.9657142857142856,0.9569092366576994,0.9745193347708718,0.8166666666666667,0.7891197146047555,0.8442136187285778,1.5755000000000001,1.5244218250565318,1.6265781749434685,0.5835,0.5371167841659172,0.6298832158340828,0.5700000000000001,0.485318321540804,0.6546816784591961,0.6401826484018265,German credit; class 1 follows configured positive mapping.
credit_g,logreg,none,capacity_limited_mondrian,10,0.767,0.7439844844603568,0.7900155155396432,0.9014285714285715,0.8720026569237604,0.9308544859333825,0.4533333333333334,0.4092905034492589,0.49737616321740796,1.1,1.1,1.1,0.1,0.1,0.1,1.709,1.577886563787095,1.8401134362129052,0.6401826484018265,German credit; class 1 follows configured positive mapping.
credit_g,logreg,none,class_conditional_rejector,10,0.961,0.9472334124296057,0.9747665875703942,0.9914285714285714,0.9852375384865747,0.9976196043705682,0.89,0.8489097710692646,0.9310902289307355,1.674,1.610576171319886,1.7374238286801138,0.674,0.6105761713198861,0.737423828680114,0.33599999999999997,0.21189417848733552,0.46010582151266444,0.6401826484018265,German credit; class 1 follows configured positive mapping.
credit_g,logreg,none,class_weighted_threshold,10,0.41899999999999993,0.3610997731725801,0.4769002268274198,0.18857142857142856,0.0973813706338076,0.27976148650904953,0.9566666666666667,0.9308069883437841,0.9825263449895493,1.0,1.0,1.0,0.0,0.0,0.0,0.6980000000000001,0.6503648757043013,0.7456351242956988,0.6401826484018265,German credit; class 1 follows configured positive mapping.
credit_g,logreg,none,confidence_rejector,10,0.9974999999999999,0.9948663291355557,1.0001336708644442,1.0,1.0,1.0,0.9916666666666666,0.9828877637851859,1.0004455695481471,1.9575,1.9275872490956336,1.9874127509043664,0.9574999999999999,0.9275872490956336,0.9874127509043662,0.025,-0.0013367086444419293,0.05133670864444193,0.6401826484018265,German credit; class 1 follows configured positive mapping.
credit_g,logreg,none,cost_controlled_mondrian,10,0.991,0.986199000104145,0.995800999895855,0.9914285714285714,0.9852375384865747,0.9976196043705682,0.99,0.9812888888888889,0.9987111111111111,1.9295000000000002,1.8934051810427655,1.965594818957235,0.9295,0.8934051810427652,0.9655948189572348,0.036,0.009997661643613667,0.06200233835638633,0.6401826484018265,German credit; class 1 follows configured positive mapping.
credit_g,logreg,none,cost_tuned_threshold,10,0.4285,0.3650887913868709,0.4919112086131291,0.20785714285714288,0.10475760088165419,0.31095668483263156,0.9433333333333334,0.9071533716192902,0.9795132950473765,1.0,1.0,1.0,0.0,0.0,0.0,0.7245,0.6617587362433799,0.7872412637566202,0.6401826484018265,German credit; class 1 follows configured positive mapping.
credit_g,logreg,none,marginal_cp,10,0.9100000000000001,0.8940634870676035,0.9259365129323968,0.9835714285714285,0.9784380952380952,0.9887047619047619,0.7383333333333334,0.6934240915227662,0.7832425751439006,1.4535,1.4028498092577903,1.5041501907422097,0.4535,0.40284980925779035,0.5041501907422097,0.7965000000000001,0.6595331425327848,0.9334668574672154,0.6401826484018265,German credit; class 1 follows configured positive mapping.
credit_g,logreg,none,mondrian_cp,10,0.905,0.8827482684818562,0.9272517315181439,0.9085714285714286,0.8757186255454056,0.9414242315974516,0.8966666666666665,0.8629990392509654,0.9303342940823676,1.5475,1.4949838247140306,1.6000161752859696,0.5475000000000001,0.4949838247140307,0.6000161752859695,0.374,0.27718534638002595,0.47081465361997404,0.6401826484018265,German credit; class 1 follows configured positive mapping.
credit_g,logreg,none,raps_cp,10,0.9215,0.9110619903983354,0.9319380096016646,0.9678571428571429,0.9594441898810602,0.9762700958332255,0.8133333333333332,0.7876577119997764,0.8390089546668901,1.564,1.5149173142091386,1.6130826857908616,0.564,0.5149173142091383,0.6130826857908616,0.5825,0.5042873766937559,0.6607126233062441,0.6401826484018265,German credit; class 1 follows configured positive mapping.
credit_g,logreg,none,risk_controlled_rejector,10,0.9080000000000001,0.8910133333333334,0.9249866666666668,0.9835714285714285,0.9784380952380952,0.9887047619047619,0.7316666666666667,0.6823771515919949,0.7809561817413385,1.4440000000000002,1.391901018990558,1.4960989810094423,0.44399999999999995,0.39190101899055774,0.49609898100944216,0.8165000000000001,0.6666739140054563,0.966326085994544,0.6401826484018265,German credit; class 1 follows configured positive mapping.
credit_g,logreg,sigmoid,aps_cp,10,0.925,0.9124328824130414,0.9375671175869587,0.9957142857142858,0.9926187692432874,0.9988098021852841,0.76,0.719490991704481,0.800509008295519,1.6855,1.643756907956725,1.727243092043275,0.6855,0.6437569079567249,0.7272430920432751,0.7230000000000001,0.6012256067785825,0.8447743932214177,0.6420959147424512,German credit; class 1 follows configured positive mapping.
credit_g,logreg,sigmoid,capacity_limited_mondrian,10,0.768,0.7467189766327943,0.7892810233672057,0.905,0.8802138927802062,0.9297861072197938,0.44833333333333325,0.39000912663988774,0.5066575400267788,1.1,1.1,1.1,0.1,0.1,0.1,1.7214999999999996,1.5501132818577947,1.8928867181422044,0.6420959147424512,German credit; class 1 follows configured positive mapping.
credit_g,logreg,sigmoid,class_conditional_rejector,10,0.9684999999999999,0.9555935657734428,0.981406434226557,0.9957142857142858,0.9926187692432874,0.9988098021852841,0.905,0.8628134595216571,0.9471865404783429,1.7265000000000001,1.6444156149644364,1.8085843850355638,0.7265,0.6444156149644364,0.8085843850355636,0.288,0.16135440455963562,0.41464559544036433,0.6420959147424512,German credit; class 1 follows configured positive mapping.
credit_g,logreg,sigmoid,class_weighted_threshold,10,0.44000000000000006,0.38582846175752855,0.49417153824247156,0.22285714285714286,0.1345645988155686,0.31114968689871714,0.9466666666666667,0.9187775033214036,0.9745558300119297,1.0,1.0,1.0,0.0,0.0,0.0,0.704,0.6684008264765099,0.73959917352349,0.6420959147424512,German credit; class 1 follows configured positive mapping.
credit_g,logreg,sigmoid,confidence_rejector,10,0.9969999999999999,0.994006050545962,0.9999939494540377,1.0,1.0,1.0,0.9899999999999999,0.9800201684865405,0.9999798315134593,1.9654999999999998,1.9407745484256491,1.9902254515743505,0.9654999999999999,0.9407745484256493,0.9902254515743505,0.03,6.050545962184642e-05,0.059939494540378155,0.6420959147424512,German credit; class 1 follows configured positive mapping.
credit_g,logreg,sigmoid,cost_controlled_mondrian,10,0.9904999999999999,0.984574803331909,0.9964251966680908,0.9914285714285714,0.9845700001487785,0.9982871427083644,0.9883333333333333,0.9785333333333333,0.9981333333333333,1.9294999999999998,1.8918425444890978,1.9671574555109017,0.9295,0.891842544489098,0.9671574555109019,0.040999999999999995,0.010642840126988892,0.0713571598730111,0.6420959147424512,German credit; class 1 follows configured positive mapping.
credit_g,logreg,sigmoid,cost_tuned_threshold,10,0.42299999999999993,0.36645363200581893,0.47954636799418093,0.1957142857142857,0.10454811265041782,0.2868804587781536,0.9533333333333334,0.9254441699880703,0.9812224966785964,1.0,1.0,1.0,0.0,0.0,0.0,0.703,0.6627205296294336,0.7432794703705663,0.6420959147424512,German credit; class 1 follows configured positive mapping.
credit_g,logreg,sigmoid,marginal_cp,10,0.914,0.9024229038375094,0.9255770961624906,1.0,1.0,1.0,0.7133333333333333,0.6747430127916978,0.7519236538749687,1.471,1.4393352309340492,1.502664769065951,0.471,0.4393352309340491,0.5026647690659508,0.86,0.7442290383750936,0.9757709616249064,0.6420959147424512,German credit; class 1 follows configured positive mapping.
credit_g,logreg,sigmoid,mondrian_cp,10,0.906,0.8880006963097643,0.9239993036902358,0.905,0.8802138927802062,0.9297861072197938,0.9083333333333332,0.8782161547728431,0.9384505118938233,1.5630000000000002,1.515342479199093,1.6106575208009073,0.563,0.5153424791990929,0.610657520800907,0.3415,0.2527446005398357,0.43025539946016433,0.6420959147424512,German credit; class 1 follows configured positive mapping.
credit_g,logreg,sigmoid,raps_cp,10,0.925,0.9124328824130414,0.9375671175869587,0.9957142857142858,0.9926187692432874,0.9988098021852841,0.76,0.719490991704481,0.800509008295519,1.6855,1.643756907956725,1.727243092043275,0.6855,0.6437569079567249,0.7272430920432751,0.7230000000000001,0.6012256067785825,0.8447743932214177,0.6420959147424512,German credit; class 1 follows configured positive mapping.
credit_g,logreg,sigmoid,risk_controlled_rejector,10,0.9145,0.9025019464541582,0.9264980535458418,1.0,1.0,1.0,0.715,0.675006488180527,0.7549935118194729,1.4760000000000002,1.443800541067348,1.5081994589326524,0.476,0.4438005410673478,0.5081994589326522,0.8550000000000001,0.7350194645415813,0.9749805354584189,0.6420959147424512,German credit; class 1 follows configured positive mapping.
credit_g,rf,isotonic,aps_cp,10,0.9129999999999999,0.9031782463661296,0.9228217536338702,0.9507142857142856,0.9450178930936098,0.9564106783349614,0.825,0.8015193539113434,0.8484806460886565,1.5375,1.4865515183957583,1.588448481604242,0.5655,0.5146521533286698,0.6163478466713302,0.523,0.4570456844980305,0.5889543155019695,0.6730615507593924,German credit; class 1 follows configured positive mapping.
credit_g,rf,isotonic,capacity_limited_mondrian,10,0.8009999999999999,0.7878681625217353,0.8141318374782646,0.9107142857142858,0.8852178807389434,0.9362106906896283,0.5450000000000002,0.48002151923164915,0.6099784807683512,1.1,1.1,1.1,0.1,0.1,0.1,1.4275,1.2456827798156744,1.6093172201843255,0.6730615507593924,German credit; class 1 follows configured positive mapping.
credit_g,rf,isotonic,class_conditional_rejector,10,0.9694999999999998,0.9577718022602693,0.9812281977397304,0.9928571428571429,0.9877450656537613,0.9979692200605245,0.9149999999999998,0.8750064881805268,0.9549935118194728,1.6925000000000001,1.6169241293651062,1.768075870634894,0.6925,0.6169241293651061,0.7680758706348939,0.25999999999999995,0.14076890413058246,0.37923109586941744,0.6730615507593924,German credit; class 1 follows configured positive mapping.
credit_g,rf,isotonic,class_weighted_threshold,10,0.433,0.41097966192609914,0.45502033807390085,0.2007142857142857,0.16788469201862413,0.23354387940994728,0.975,0.9638422091659551,0.9861577908340449,1.0,1.0,1.0,0.0,0.0,0.0,0.6345,0.6012681886005459,0.667731811399454,0.6730615507593924,German credit; class 1 follows configured positive mapping.
credit_g,rf,isotonic,confidence_rejector,10,0.9879999999999999,0.9824949154815247,0.9935050845184751,0.9935714285714285,0.9882711141153483,0.9988717430275088,0.9749999999999999,0.9559833730970648,0.9940166269029349,1.8295,1.7935236318305103,1.8654763681694895,0.8295,0.7935236318305104,0.8654763681694896,0.0795,0.023747081192501192,0.13525291880749882,0.6730615507593924,German credit; class 1 follows configured positive mapping.
credit_g,rf,isotonic,cost_controlled_mondrian,10,0.9984999999999999,0.997003025272981,0.9999969747270189,0.9985714285714286,0.9967047619047619,1.0004380952380951,0.9983333333333334,0.9950666666666668,1.0016,1.9814999999999998,1.9631338947454222,1.9998661052545774,0.9814999999999999,0.9631338947454223,0.9998661052545775,0.006,-0.003668450410139846,0.015668450410139846,0.6730615507593924,German credit; class 1 follows configured positive mapping.
credit_g,rf,isotonic,cost_tuned_threshold,10,0.44799999999999995,0.3871452351906607,0.5088547648093392,0.22428571428571428,0.13052867603139323,0.31804275254003533,0.97,0.9494548855346323,0.9905451144653676,1.0,1.0,1.0,0.0,0.0,0.0,0.633,0.5919334393940764,0.6740665606059236,0.6730615507593924,German credit; class 1 follows configured positive mapping.
credit_g,rf,isotonic,marginal_cp,10,0.9325000000000001,0.9201686037557245,0.9448313962442757,0.9735714285714285,0.9582280984968399,0.9889147586460172,0.8366666666666667,0.7786788603707535,0.8946544729625798,1.5140000000000002,1.434871110487032,1.5931288895129685,0.514,0.43487111048703164,0.5931288895129684,0.5085000000000001,0.342008604026114,0.6749913959738861,0.6730615507593924,German credit; class 1 follows configured positive mapping.
credit_g,rf,isotonic,mondrian_cp,10,0.9410000000000001,0.9235424247579073,0.9584575752420929,0.9399999999999998,0.914593439167543,0.9654065608324567,0.9433333333333331,0.928562925814527,0.9581037408521392,1.6255,1.579107582516105,1.671892417483895,0.6255,0.5791075825161051,0.6718924174838948,0.21200000000000002,0.1676358282694996,0.25636417173050047,0.6730615507593924,German credit; class 1 follows configured positive mapping.
credit_g,rf,isotonic,raps_cp,10,0.9189999999999999,0.9075154480569186,0.9304845519430812,0.9657142857142856,0.9561961159555791,0.9752324554729922,0.8099999999999999,0.7827995642736425,0.8372004357263574,1.5130000000000001,1.4584319979800944,1.5675680020199059,0.514,0.46044658907014213,0.5675534109298579,0.5935,0.5105877784106053,0.6764122215893947,0.6730615507593924,German credit; class 1 follows configured positive mapping.
credit_g,rf,isotonic,risk_controlled_rejector,10,0.9280000000000002,0.9152474420866507,0.9407525579133497,0.9735714285714285,0.9582280984968399,0.9889147586460172,0.8216666666666667,0.7669940337492421,0.8763392995840912,1.492,1.4076693692132634,1.5763306307867366,0.492,0.40766936921326336,0.5763306307867366,0.5535,0.396020576158873,0.710979423841127,0.6730615507593924,German credit; class 1 follows configured positive mapping.
credit_g,rf,none,aps_cp,10,0.9199999999999999,0.9095671033105214,0.9304328966894785,0.9764285714285716,0.9701502135399372,0.982706929317206,0.7883333333333333,0.7634789822971043,0.8131876843695623,1.529,1.4847176854966029,1.573282314503397,0.538,0.49830764753199375,0.5776923524680063,0.6425000000000001,0.569802903924725,0.7151970960752752,0.6390476190476191,German credit; class 1 follows configured positive mapping.
credit_g,rf,none,capacity_limited_mondrian,10,0.7975000000000001,0.7847432588626859,0.8102567411373143,0.9014285714285715,0.8772878727366666,0.9255692701204763,0.5549999999999999,0.5093055721040218,0.600694427895978,1.1,1.1,1.1,0.1,0.1,0.1,1.404,1.2776277006443086,1.5303722993556912,0.6390476190476191,German credit; class 1 follows configured positive mapping.
credit_g,rf,none,class_conditional_rejector,10,0.961,0.9494229038375094,0.9725770961624906,0.99,0.9762828574404142,1.0037171425595859,0.8933333333333333,0.8558654277257699,0.9308012389408967,1.6425,1.5762865119480933,1.7087134880519068,0.6425,0.5762865119480932,0.7087134880519067,0.327,0.21799705528952187,0.4360029447104782,0.6390476190476191,German credit; class 1 follows configured positive mapping.
credit_g,rf,none,class_weighted_threshold,10,0.42750000000000005,0.38490161453242105,0.47009838546757904,0.19142857142857145,0.1257693840372483,0.2570877588198946,0.9783333333333332,0.9654034941718919,0.9912631724947745,1.0,1.0,1.0,0.0,0.0,0.0,0.631,0.6089022615536239,0.6530977384463761,0.6390476190476191,German credit; class 1 follows configured positive mapping.
credit_g,rf,none,confidence_rejector,10,0.9964999999999999,0.9935599999999999,0.99944,1.0,1.0,1.0,0.9883333333333333,0.9785333333333333,0.9981333333333333,1.9129999999999998,1.8798405173609585,1.9461594826390411,0.9129999999999999,0.8798405173609585,0.9461594826390414,0.035,0.005600000000000008,0.0644,0.6390476190476191,German credit; class 1 follows configured positive mapping.
credit_g,rf,none,cost_controlled_mondrian,10,0.9909999999999999,0.9848364656603895,0.9971635343396102,0.9928571428571429,0.9845091557411437,1.0012051299731421,0.9866666666666666,0.9739681492067812,0.999365184126552,1.8845000000000003,1.8516233084930307,1.9173766915069699,0.8844999999999998,0.8516233084930303,0.9173766915069694,0.045,0.00786904855035956,0.08213095144964044,0.6390476190476191,German credit; class 1 follows configured positive mapping.
credit_g,rf,none,cost_tuned_threshold,10,0.43099999999999994,0.38010285928135706,0.4818971407186428,0.2007142857142857,0.12114932972094515,0.28027924170762625,0.9683333333333332,0.949822222222222,0.9868444444444443,1.0,1.0,1.0,0.0,0.0,0.0,0.6544999999999999,0.6268797586300673,0.6821202413699324,0.6390476190476191,German credit; class 1 follows configured positive mapping.
credit_g,rf,none,marginal_cp,10,0.901,0.8847452557352904,0.9172547442647097,0.9907142857142857,0.9855809523809523,0.995847619047619,0.6916666666666667,0.6467046525208415,0.7366286808124918,1.3595000000000002,1.3140369654432187,1.4049630345567816,0.3595,0.31403696544321846,0.4049630345567815,0.9315,0.794019897035567,1.068980102964433,0.6390476190476191,German credit; class 1 follows configured positive mapping.
credit_g,rf,none,mondrian_cp,10,0.9060000000000002,0.8880600805154788,0.9239399194845217,0.9014285714285715,0.8772878727366666,0.9255692701204763,0.9166666666666666,0.8943510849985769,0.9389822483347564,1.525,1.4757393598634094,1.5742606401365904,0.525,0.47573935986340954,0.5742606401365905,0.319,0.25057444402044576,0.38742555597955425,0.6390476190476191,German credit; class 1 follows configured positive mapping.
credit_g,rf,none,raps_cp,10,0.9235,0.9147285285663629,0.9322714714336371,0.9814285714285716,0.9758285714285716,0.9870285714285717,0.7883333333333333,0.7634789822971043,0.8131876843695623,1.5234999999999999,1.4808565474610174,1.5661434525389824,0.5235000000000001,0.4808565474610177,0.5661434525389825,0.648,0.5729348715373702,0.7230651284626298,0.6390476190476191,German credit; class 1 follows configured positive mapping.
credit_g,rf,none,risk_controlled_rejector,10,0.9,0.8834073912037116,0.9165926087962885,0.9907142857142857,0.9855809523809523,0.995847619047619,0.6883333333333334,0.6418669854944782,0.7347996811721885,1.3575,1.3104497927741015,1.4045502072258984,0.35750000000000004,0.31044979277410145,0.40455020722589863,0.9415000000000001,0.7996344923292958,1.0833655076707043,0.6390476190476191,German credit; class 1 follows configured positive mapping.
credit_g,rf,sigmoid,aps_cp,10,0.9235,0.9070982101247727,0.9399017898752273,0.9978571428571428,0.9948690182130074,1.000845267501278,0.75,0.6971019615757276,0.8028980384242724,1.6525000000000003,1.6003713280003757,1.7046286719996249,0.6525000000000001,0.6003713280003755,0.7046286719996246,0.7515000000000001,0.5923891873218193,0.9106108126781808,0.6861598440545809,German credit; class 1 follows configured positive mapping.
credit_g,rf,sigmoid,capacity_limited_mondrian,10,0.8065,0.7926368578197037,0.8203631421802963,0.9057142857142857,0.8842476190476191,0.9271809523809523,0.575,0.5287382380655044,0.6212617619344956,1.1,1.1,1.1,0.1,0.1,0.1,1.341,1.209756406971193,1.472243593028807,0.6861598440545809,German credit; class 1 follows configured positive mapping.
credit_g,rf,sigmoid,class_conditional_rejector,10,0.9629999999999999,0.9512945710601162,0.9747054289398835,0.9978571428571428,0.99571860753283,0.9999956781814555,0.8816666666666666,0.8450793518575928,0.9182539814757404,1.623,1.566058710938371,1.679941289061629,0.623,0.5660587109383709,0.6799412890616291,0.3565,0.24607845198211237,0.4669215480178876,0.6861598440545809,German credit; class 1 follows configured positive mapping.
credit_g,rf,sigmoid,class_weighted_threshold,10,0.45149999999999996,0.40971602593231593,0.493283974067684,0.22999999999999998,0.16615699812125928,0.2938430018787407,0.9683333333333332,0.9511509564874462,0.9855157101792201,1.0,1.0,1.0,0.0,0.0,0.0,0.634,0.5906923275978853,0.6773076724021148,0.6861598440545809,German credit; class 1 follows configured positive mapping.
credit_g,rf,sigmoid,confidence_rejector,10,0.9974999999999999,0.9948663291355557,1.0001336708644442,1.0,1.0,1.0,0.9916666666666666,0.9828877637851859,1.0004455695481471,1.9329999999999998,1.907857274964272,1.9581427250357277,0.933,0.907857274964272,0.9581427250357281,0.025,-0.0013367086444419293,0.05133670864444193,0.6861598440545809,German credit; class 1 follows configured positive mapping.
credit_g,rf,sigmoid,cost_controlled_mondrian,10,0.9934999999999998,0.9905599999999998,0.9964399999999999,0.9964285714285716,0.9940952380952383,0.9987619047619049,0.9866666666666667,0.9759977780092111,0.9973355553241223,1.8950000000000002,1.87260486163869,1.9173951383613104,0.8949999999999999,0.8726048616386898,0.91739513836131,0.0425,0.011124691236579047,0.07387530876342097,0.6861598440545809,German credit; class 1 follows configured positive mapping.
credit_g,rf,sigmoid,cost_tuned_threshold,10,0.4565,0.4107655000148806,0.5022344999851195,0.23857142857142857,0.16868975079471168,0.3084531063481455,0.9649999999999999,0.9526325996024793,0.9773674003975205,1.0,1.0,1.0,0.0,0.0,0.0,0.6380000000000001,0.6131132306458054,0.6628867693541949,0.6861598440545809,German credit; class 1 follows configured positive mapping.
credit_g,rf,sigmoid,marginal_cp,10,0.9039999999999999,0.8910317036156975,0.9169682963843023,1.0,1.0,1.0,0.6799999999999999,0.6367723453856585,0.7232276546143414,1.3865,1.3592062229314692,1.413793777068531,0.38649999999999995,0.359206222931469,0.41379377706853093,0.9599999999999997,0.8303170361569756,1.0896829638430239,0.6861598440545809,German credit; class 1 follows configured positive mapping.
credit_g,rf,sigmoid,mondrian_cp,10,0.9120000000000001,0.8957190172286807,0.9282809827713195,0.9057142857142857,0.8842476190476191,0.9271809523809523,0.9266666666666665,0.912722084994035,0.9406112483392981,1.5130000000000001,1.4776595579478067,1.5483404420521936,0.5130000000000001,0.4776595579478067,0.5483404420521936,0.28600000000000003,0.23916461167023384,0.3328353883297662,0.6861598440545809,German credit; class 1 follows configured positive mapping.
credit_g,rf,sigmoid,raps_cp,10,0.9235,0.9070982101247727,0.9399017898752273,0.9978571428571428,0.9948690182130074,1.000845267501278,0.75,0.6971019615757276,0.8028980384242724,1.6525000000000003,1.6003713280003757,1.7046286719996249,0.6525000000000001,0.6003713280003755,0.7046286719996246,0.7515000000000001,0.5923891873218193,0.9106108126781808,0.6861598440545809,German credit; class 1 follows configured positive mapping.
credit_g,rf,sigmoid,risk_controlled_rejector,10,0.9055,0.8931513086613285,0.9178486913386714,1.0,1.0,1.0,0.685,0.6438376955377622,0.726162304462238,1.3864999999999998,1.358245693740206,1.4147543062597936,0.38649999999999995,0.35824569374020615,0.41475430625979376,0.945,0.821513086613286,1.0684869133867139,0.6861598440545809,German credit; class 1 follows configured positive mapping.
uci_default,ada,isotonic,aps_cp,10,0.8994333333333333,0.8980353085538854,0.9008313581127813,0.9748983522362508,0.9726448034361149,0.9771519010363866,0.6336850037678975,0.625846298969058,0.641523708566737,1.3239666666666665,1.3167448127410144,1.3311885205923186,0.3396666666666667,0.3308996571254208,0.34843367620791255,0.8164666666666666,0.7988934168270403,0.8340399165062928,0.8285556925175064,UCI credit default; class 1 = default; false negative is missed default.
uci_default,ada,isotonic,capacity_limited_mondrian,10,0.8387333333333334,0.8359481607407693,0.8415185059258976,0.9133319066980526,0.906938739654543,0.9197250737415623,0.5760361718161267,0.5631387795682031,0.5889335640640502,1.1,1.1,1.1,0.1,0.1,0.1,1.0051666666666665,0.9809440891973042,1.0293892441360288,0.8285556925175064,UCI credit default; class 1 = default; false negative is missed default.
uci_default,ada,isotonic,class_conditional_rejector,10,0.9574,0.9512172202344229,0.9635827797655772,0.9997218061202654,0.9994713154517466,0.9999722967887842,0.8083647324792766,0.7798608781449008,0.8368685868136525,1.5496500000000002,1.4998915795033547,1.5994084204966457,0.54965,0.4998915795033545,0.5994084204966454,0.42405,0.3611319675533082,0.4869680324466918,0.8285556925175064,UCI credit default; class 1 = default; false negative is missed default.
uci_default,ada,isotonic,class_weighted_threshold,10,0.40313333333333334,0.369823910756605,0.4364427559100617,0.25148726728011983,0.20343910505090051,0.29953542950933915,0.9371514694800303,0.9182977933291933,0.9560051456308672,1.0,1.0,1.0,0.0,0.0,0.0,0.7219666666666666,0.7144363406330317,0.7294969927003015,0.8285556925175064,UCI credit default; class 1 = default; false negative is missed default.
uci_default,ada,isotonic,confidence_rejector,10,0.9994166666666666,0.9990784093316517,0.9997549240016815,0.9997004065910551,0.9994193914513533,0.9999814217307569,0.9984174830444612,0.9971065303776357,0.9997284357112867,1.9893833333333333,1.9834471309433523,1.9953195357233142,0.9893833333333333,0.9834471309433523,0.9953195357233142,0.0037333333333333337,0.0008560281469128061,0.006610638519753862,0.8285556925175064,UCI credit default; class 1 = default; false negative is missed default.
uci_default,ada,isotonic,cost_controlled_mondrian,10,0.9942333333333334,0.9923428014465844,0.9961238652200824,0.9940295313503104,0.9917106611619582,0.9963484015386626,0.9949510173323286,0.9929444732283479,0.9969575614363093,1.9498666666666669,1.9392241717025276,1.9605091616308061,0.9498666666666666,0.9392241717025274,0.9605091616308059,0.015816666666666666,0.010906405558726667,0.020726927774606666,0.8285556925175064,UCI credit default; class 1 = default; false negative is missed default.
uci_default,ada,isotonic,cost_tuned_threshold,10,0.40175,0.36516206136470314,0.43833793863529685,0.2496897068264498,0.19739264139082818,0.30198677226207143,0.937226827430294,0.9180887827992884,0.9563648720612995,1.0,1.0,1.0,0.0,0.0,0.0,0.7232000000000001,0.7149368039662999,0.7314631960337002,0.8285556925175064,UCI credit default; class 1 = default; false negative is missed default.
uci_default,ada,isotonic,marginal_cp,10,0.9043333333333333,0.8996213247186144,0.9090453419480522,0.9938797346458378,0.9906127186218022,0.9971467506698733,0.5889977392614921,0.5666939851861806,0.6113014933368036,1.2561499999999999,1.2373703787242856,1.2749296212757142,0.25615,0.23737037872428574,0.27492962127571424,0.9137666666666668,0.8652514131539065,0.9622819201794272,0.8285556925175064,UCI credit default; class 1 = default; false negative is missed default.
uci_default,ada,isotonic,mondrian_cp,10,0.9195833333333333,0.9132564765863936,0.925910190080273,0.9133319066980526,0.906938739654543,0.9197250737415623,0.9415975885455914,0.9259923185132929,0.9572028585778899,1.6354833333333336,1.5964679582006922,1.674498708465975,0.6354833333333332,0.5964679582006917,0.6744987084659747,0.19666666666666666,0.1613221988193867,0.23201113451394662,0.8285556925175064,UCI credit default; class 1 = default; false negative is missed default.
uci_default,ada,isotonic,raps_cp,10,0.8996666666666666,0.8975008997879745,0.9018324335453587,0.982987374277766,0.9813351861175451,0.9846395624379868,0.6062547098718916,0.5946074933839299,0.6179019263598532,1.2972833333333333,1.2886008457765994,1.3059658208900673,0.29741666666666666,0.2886389456401272,0.3061943876932061,0.8837166666666667,0.858741673641791,0.9086916596915424,0.8285556925175064,UCI credit default; class 1 = default; false negative is missed default.
uci_default,ada,isotonic,risk_controlled_rejector,10,0.9043333333333333,0.8996213247186144,0.9090453419480522,0.9938797346458378,0.9906127186218022,0.9971467506698733,0.5889977392614921,0.5666939851861806,0.6113014933368036,1.2561499999999999,1.2373703787242856,1.2749296212757142,0.25615,0.23737037872428574,0.27492962127571424,0.9137666666666668,0.8652514131539065,0.9622819201794272,0.8285556925175064,UCI credit default; class 1 = default; false negative is missed default.
uci_default,ada,none,aps_cp,10,0.8991999999999999,0.8960404204374084,0.9023595795625914,0.9787074684356944,0.9772488111945443,0.9801661256768446,0.6192162773172571,0.606115906477719,0.6323166481567953,1.38855,1.3705400904904212,1.4065599095095787,0.38855,0.3705400904904214,0.4065599095095786,0.85875,0.8297028097149347,0.8877971902850653,0.8048594829948543,UCI credit default; class 1 = default; false negative is missed default.
uci_default,ada,none,capacity_limited_mondrian,10,0.8355333333333335,0.8319805506923846,0.8390861159742823,0.9031029317355019,0.8969991931294846,0.9092066703415193,0.59758854559156,0.5898665162529361,0.605310574930184,1.1,1.1,1.1,0.1,0.1,0.1,0.9654666666666667,0.9518525244263979,0.9790808089069355,0.8048594829948543,UCI credit default; class 1 = default; false negative is missed default.
uci_default,ada,none,class_conditional_rejector,10,0.9501833333333334,0.9474104269470375,0.9529562397196293,0.9997004065910551,0.999303976091271,1.0000968370908392,0.7758100979653353,0.7622851163959157,0.7893350795347549,1.4964666666666666,1.4771752674751764,1.5157580658581569,0.4964666666666667,0.4771752674751764,0.515758065858157,0.49606666666666666,0.46637950545279727,0.525753827880536,0.8048594829948543,UCI credit default; class 1 = default; false negative is missed default.
uci_default,ada,none,class_weighted_threshold,10,0.4044499999999999,0.38292687502495604,0.4259731249750438,0.2523004493901134,0.22161364250684829,0.28298725627337856,0.940241145440844,0.9288553427526928,0.9516269481289953,1.0,1.0,1.0,0.0,0.0,0.0,0.7145,0.7066069449498504,0.7223930550501496,0.8048594829948543,UCI credit default; class 1 = default; false negative is missed default.
uci_default,ada,none,confidence_rejector,10,0.9998666666666667,0.9997493897442002,0.9999839435891331,1.0,1.0,1.0,0.9993971363978901,0.9988668714884712,0.999927401307309,1.9975,1.9951054345480435,1.9998945654519567,0.9974999999999999,0.9951054345480435,0.9998945654519564,0.0013333333333333335,0.00016056410866848608,0.002506102557998181,0.8048594829948543,UCI credit default; class 1 = default; false negative is missed default.
uci_default,ada,none,cost_controlled_mondrian,10,0.98995,0.9882785998920104,0.9916214001079896,0.9890648405735073,0.9869431767294092,0.9911865044176054,0.9930670685757349,0.9908130394012733,0.9953210977501965,1.9310500000000002,1.9231140914201554,1.9389859085798449,0.9310499999999999,0.9231140914201551,0.9389859085798448,0.02385,0.01877772927368938,0.02892227072631062,0.8048594829948543,UCI credit default; class 1 = default; false negative is missed default.
uci_default,ada,none,cost_tuned_threshold,10,0.39416666666666667,0.37556807468491427,0.41276525864841906,0.23813396105285686,0.21183492693133207,0.2644329951743817,0.9436322532027128,0.93419064142287,0.9530738649825556,1.0,1.0,1.0,0.0,0.0,0.0,0.7180333333333333,0.7093328726218197,0.726733794044847,0.8048594829948543,UCI credit default; class 1 = default; false negative is missed default.
uci_default,ada,none,marginal_cp,10,0.90195,0.8998267783505156,0.9040732216494844,0.9864968970682645,0.9851122107442342,0.9878815833922948,0.6042200452147701,0.5920486222447955,0.6163914681847448,1.24865,1.2412701845886112,1.256029815411389,0.24865000000000004,0.24127018458861116,0.2560298154113889,0.8858499999999999,0.8596433398635733,0.9120566601364265,0.8048594829948543,UCI credit default; class 1 = default; false negative is missed default.
uci_default,ada,none,mondrian_cp,10,0.9043333333333333,0.9004488834223278,0.9082177832443389,0.9031029317355019,0.8969991931294846,0.9092066703415193,0.9086661642803315,0.9009165606540861,0.916415767906577,1.5473833333333333,1.5363784369573144,1.5583882297093523,0.5473833333333334,0.5363784369573146,0.5583882297093523,0.27746666666666664,0.26291022992319585,0.29202310341013743,0.8048594829948543,UCI credit default; class 1 = default; false negative is missed default.
uci_default,ada,none,raps_cp,10,0.8991999999999999,0.8960404204374084,0.9023595795625914,0.9787074684356944,0.9772488111945443,0.9801661256768446,0.6192162773172571,0.606115906477719,0.6323166481567953,1.38855,1.3705400904904212,1.4065599095095787,0.38855,0.3705400904904214,0.4065599095095786,0.85875,0.8297028097149347,0.8877971902850653,0.8048594829948543,UCI credit default; class 1 = default; false negative is missed default.
uci_default,ada,none,risk_controlled_rejector,10,0.9052666666666667,0.9020382626042662,0.9084950707290671,0.9869034881232613,0.9857492276429567,0.988057748603566,0.6177844762622458,0.6016844768085922,0.6338844757158993,1.2638500000000001,1.2482284514622894,1.2794715485377108,0.26385000000000003,0.2482284514622894,0.27947154853771067,0.8555333333333334,0.8203469945589499,0.8907196721077169,0.8048594829948543,UCI credit default; class 1 = default; false negative is missed default.
uci_default,ada,sigmoid,aps_cp,10,0.8987999999999999,0.8966332479105158,0.9009667520894841,0.9839075540338111,0.9823409303452428,0.9854741777223794,0.5990957045968349,0.5877014956850803,0.6104899135085895,1.3215333333333334,1.3114531624157153,1.3316135042509516,0.3252,0.31464027016806506,0.3357597298319349,0.8964666666666666,0.8716390544039728,0.9212942789293604,0.808391778243313,UCI credit default; class 1 = default; false negative is missed default.
uci_default,ada,sigmoid,capacity_limited_mondrian,10,0.8344000000000001,0.8310240229653816,0.8377759770346187,0.9031885298523432,0.8972462813994392,0.9091307783052472,0.5921627731725698,0.583805189341193,0.6005203570039467,1.1,1.1,1.1,0.1,0.1,0.1,0.9773999999999999,0.9622770463333071,0.9925229536666927,0.808391778243313,UCI credit default; class 1 = default; false negative is missed default.
uci_default,ada,sigmoid,class_conditional_rejector,10,0.9499666666666666,0.945943432196127,0.9539899011372063,0.9996148084742135,0.9993296503817206,0.9998999665667063,0.7751318764129616,0.756215307009587,0.7940484458163362,1.4935333333333332,1.4684541726605878,1.5186124940060786,0.49353333333333343,0.468454172660588,0.5186124940060789,0.49763333333333326,0.4559592125328433,0.5393074541338232,0.808391778243313,UCI credit default; class 1 = default; false negative is missed default.
uci_default,ada,sigmoid,class_weighted_threshold,10,0.3952666666666667,0.37148142482261043,0.419051908510723,0.23941793280547827,0.20576308593890547,0.27307277967205107,0.9440844009042954,0.9325237703740685,0.9556450314345222,1.0,1.0,1.0,0.0,0.0,0.0,0.7160333333333333,0.7081373045268015,0.7239293621398651,0.808391778243313,UCI credit default; class 1 = default; false negative is missed default.
uci_default,ada,sigmoid,confidence_rejector,10,0.9999333333333332,0.9998611046156766,1.0000055620509898,1.0,1.0,1.0,0.999698568198945,0.9993719877121781,1.000025148685712,1.9979666666666667,1.9960244111876735,1.9999089221456599,0.9979666666666667,0.9960244111876735,0.9999089221456599,0.0006666666666666668,-5.562050989962029e-05,0.0013889538432329538,0.808391778243313,UCI credit default; class 1 = default; false negative is missed default.
uci_default,ada,sigmoid,cost_controlled_mondrian,10,0.9900833333333333,0.9886717620173003,0.9914949046493663,0.9890862401027176,0.9874319828268955,0.9907404973785398,0.9935945742275811,0.9918296931060181,0.9953594553491442,1.930766666666667,1.9215705890164865,1.9399627443168475,0.9307666666666666,0.9215705890164863,0.939962744316847,0.022666666666666665,0.01834252998697078,0.02699080334636255,0.808391778243313,UCI credit default; class 1 = default; false negative is missed default.
uci_default,ada,sigmoid,cost_tuned_threshold,10,0.39521666666666666,0.36994543221099396,0.42048790112233936,0.24010271774020975,0.20444797704225445,0.27575745843816507,0.9414468726450641,0.9296429582491544,0.9532507870409738,1.0,1.0,1.0,0.0,0.0,0.0,0.7213333333333333,0.7136111224940132,0.7290555441726534,0.808391778243313,UCI credit default; class 1 = default; false negative is missed default.
uci_default,ada,sigmoid,marginal_cp,10,0.9011166666666666,0.898316697345847,0.9039166359874862,0.9940081318211,0.9930254735588565,0.9949907900833436,0.5740015071590053,0.5617600841160552,0.5862429302019555,1.24445,1.2356632603807896,1.2532367396192106,0.24444999999999997,0.23566326038078952,0.2532367396192104,0.9468333333333334,0.9197625831943658,0.9739040834723011,0.808391778243313,UCI credit default; class 1 = default; false negative is missed default.
uci_default,ada,sigmoid,mondrian_cp,10,0.9043833333333333,0.9001414017851752,0.9086252648814914,0.9031885298523432,0.8972462813994392,0.9091307783052472,0.9085908063300678,0.9047452036988747,0.912436408961261,1.54895,1.536286166045792,1.561613833954208,0.5489499999999999,0.5362861660457919,0.5616138339542079,0.27756666666666663,0.2703363788490258,0.2847969544843075,0.808391778243313,UCI credit default; class 1 = default; false negative is missed default.
uci_default,ada,sigmoid,raps_cp,10,0.8993,0.8967697445988474,0.9018302554011526,0.9859833083672159,0.9846102463559923,0.9873563703784396,0.5940467219291634,0.5822181908031652,0.6058752530551617,1.315233333333333,1.303360529086174,1.327106137580492,0.31523333333333337,0.30336052908617434,0.3271061375804924,0.9087500000000001,0.8828718848884161,0.9346281151115841,0.808391778243313,UCI credit default; class 1 = default; false negative is missed default.
uci_default,ada,sigmoid,risk_controlled_rejector,10,0.9026166666666666,0.8995191461847646,0.9057141871485687,0.9942649261716243,0.9933789217531979,0.9951509305900508,0.5798794272795781,0.5664569909443746,0.5933018636147815,1.2503666666666668,1.238787542846427,1.2619457904869067,0.2503666666666666,0.23878754284642684,0.2619457904869064,0.9336333333333332,0.9038878942464894,0.963378772420177,0.808391778243313,UCI credit default; class 1 = default; false negative is missed default.
uci_default,et,isotonic,aps_cp,10,0.8996833333333332,0.8977932718802856,0.9015733947863808,0.9692060774662957,0.9666984800368642,0.9717136748957272,0.654860587792012,0.6442965109575081,0.6654246646265158,1.3324666666666667,1.3203135934364802,1.3446197398968531,0.3534333333333334,0.339291588275387,0.36757507839127973,0.7684333333333333,0.7436632674442779,0.7932033992223887,0.823949592032289,UCI credit default; class 1 = default; false negative is missed default.
uci_default,et,isotonic,capacity_limited_mondrian,10,0.8393166666666667,0.8357162625123982,0.8429170708209353,0.9065482559383694,0.900952334007868,0.9121441778688708,0.6025621703089676,0.5935047455088635,0.6116195951090718,1.1,1.1,1.1,0.1,0.1,0.1,0.9517833333333334,0.9338995440795407,0.9696671225871262,0.823949592032289,UCI credit default; class 1 = default; false negative is missed default.
uci_default,et,isotonic,class_conditional_rejector,10,0.9595833333333335,0.9546021575833873,0.9645645090832796,0.9995506098865825,0.9991999675446207,0.9999012522285443,0.8188394875659382,0.7961927678372497,0.8414862072946266,1.5468,1.5106000923703518,1.5829999076296482,0.5468,0.5106000923703518,0.5829999076296482,0.4010166666666667,0.3509638317922766,0.4510695015410568,0.823949592032289,UCI credit default; class 1 = default; false negative is missed default.
uci_default,et,isotonic,class_weighted_threshold,10,0.42015,0.3977981875797703,0.44250181242022973,0.2744061630644126,0.242547515905627,0.30626481022319824,0.9333835719668425,0.92157524329987,0.9451919006338151,1.0,1.0,1.0,0.0,0.0,0.0,0.7124500000000001,0.7041491163909283,0.720750883609072,0.823949592032289,UCI credit default; class 1 = default; false negative is missed default.
uci_default,et,isotonic,confidence_rejector,10,0.9994,0.9990654434296483,0.9997345565703516,0.9995934089450031,0.9992599094590758,0.9999269084309305,0.9987189148455162,0.9977330075505345,0.9997048221404979,1.9882833333333334,1.9829711511958565,1.9935955154708103,0.9882833333333334,0.9829711511958565,0.9935955154708103,0.00315,0.0009611166497532006,0.0053388833502467994,0.823949592032289,UCI credit default; class 1 = default; false negative is missed default.
uci_default,et,isotonic,cost_controlled_mondrian,10,0.9937833333333336,0.9923519102996938,0.9952147563669733,0.9934089450032099,0.9916685459455649,0.9951493440608549,0.9951017332328561,0.9929641670455494,0.9972392994201629,1.9456166666666668,1.9339471454899506,1.957286187843383,0.9456166666666667,0.9339471454899505,0.9572861878433828,0.015966666666666667,0.011060669349197735,0.0208726639841356,0.823949592032289,UCI credit default; class 1 = default; false negative is missed default.
uci_default,et,isotonic,cost_tuned_threshold,10,0.43920000000000003,0.409559940407584,0.4688400595924161,0.3025251444468222,0.26000737396122087,0.34504291493242356,0.9204973624717407,0.9043711121635265,0.936623612779955,1.0,1.0,1.0,0.0,0.0,0.0,0.71905,0.7112272521609675,0.7268727478390324,0.823949592032289,UCI credit default; class 1 = default; false negative is missed default.
uci_default,et,isotonic,marginal_cp,10,0.9046,0.9021684840475208,0.9070315159524791,0.9939225337042584,0.9912440085222554,0.9966010588862615,0.5900527505651847,0.5794360304045261,0.6006694707258433,1.2441166666666665,1.2325773159756455,1.2556560173576876,0.24411666666666662,0.23257731597564546,0.2556560173576878,0.9113999999999999,0.888680798457779,0.9341192015422207,0.823949592032289,UCI credit default; class 1 = default; false negative is missed default.
uci_default,et,isotonic,mondrian_cp,10,0.9098833333333334,0.9051115518713437,0.914655114795323,0.9065482559383694,0.900952334007868,0.9121441778688708,0.9216277317256969,0.9035193062108967,0.9397361572404971,1.573983333333333,1.5327791547791987,1.6151875118874675,0.5739833333333333,0.5327791547791989,0.6151875118874677,0.24611666666666668,0.2073825134267948,0.28485081990653854,0.823949592032289,UCI credit default; class 1 = default; false negative is missed default.
uci_default,et,isotonic,raps_cp,10,0.9007499999999998,0.8980534880784222,0.9034465119215774,0.9790712604322707,0.9769864461752958,0.9811560746892455,0.6249434815373022,0.6137595898392544,0.63612737323535,1.2989833333333334,1.2889933548758867,1.30897331179078,0.2992166666666667,0.28934757822263857,0.3090857551106948,0.8453833333333332,0.8211018411171016,0.8696648255495647,0.823949592032289,UCI credit default; class 1 = default; false negative is missed default.
uci_default,et,isotonic,risk_controlled_rejector,10,0.9081333333333331,0.9021401300389007,0.9141265366277656,0.9950139096939866,0.9925183455511263,0.997509473836847,0.6021853805576488,0.577610383869756,0.6267603772455416,1.2623333333333333,1.2302135842759983,1.2944530823906684,0.2623333333333333,0.2302135842759983,0.2944530823906683,0.8837166666666667,0.8290917429377034,0.93834159039563,0.823949592032289,UCI credit default; class 1 = default; false negative is missed default.
uci_default,et,none,aps_cp,10,0.8998166666666668,0.8973016161775189,0.9023317171558147,0.9713460303873314,0.9695301647733267,0.9731618960013361,0.6479276563677467,0.6397045698249924,0.6561507429105011,1.325533333333333,1.317606431626697,1.333460235039969,0.34713333333333335,0.3397677746568117,0.354498892009855,0.7844833333333334,0.7658089396826089,0.803157726984058,0.8103115070916178,UCI credit default; class 1 = default; false negative is missed default.
uci_default,et,none,capacity_limited_mondrian,10,0.8344999999999999,0.8312830750055754,0.8377169249944244,0.8968970682644981,0.8919568772173037,0.9018372593116926,0.6147701582516956,0.6052645799143284,0.6242757365890628,1.1,1.1,1.1,0.1,0.1,0.1,0.9322999999999999,0.9131159655680453,0.9514840344319545,0.8103115070916178,UCI credit default; class 1 = default; false negative is missed default.
uci_default,et,none,class_conditional_rejector,10,0.9504333333333334,0.9468994904350667,0.9539671762316,0.9987588273057995,0.997879466353398,0.9996381882582009,0.7802562170308969,0.7651658981309661,0.7953465359308276,1.4801166666666665,1.461671258497734,1.498562074835599,0.4801166666666667,0.46167125849773427,0.4985620748355991,0.48696666666666666,0.45345329878214985,0.5204800345511835,0.8103115070916178,UCI credit default; class 1 = default; false negative is missed default.
uci_default,et,none,class_weighted_threshold,10,0.4429333333333333,0.4144004465905492,0.4714662200761174,0.30669805264284183,0.26601510305941767,0.347381002226266,0.9226827430293895,0.9076568139047357,0.9377086721540432,1.0,1.0,1.0,0.0,0.0,0.0,0.7109666666666666,0.7009857897018076,0.7209475436315257,0.8103115070916178,UCI credit default; class 1 = default; false negative is missed default.
uci_default,et,none,confidence_rejector,10,0.9999333333333332,0.9998462222222221,1.0000204444444443,1.0,1.0,1.0,0.999698568198945,0.999304697312233,1.000092439085657,1.9969333333333334,1.9943763217288077,1.9994903449378592,0.9969333333333333,0.9943763217288076,0.999490344937859,0.0006666666666666668,-0.00020444444444444438,0.0015377777777777779,0.8103115070916178,UCI credit default; class 1 = default; false negative is missed default.
uci_default,et,none,cost_controlled_mondrian,10,0.9903833333333333,0.9892933017107316,0.991473364955935,0.9903702118553392,0.9889025370708244,0.9918378866398541,0.9904295403165035,0.987977219549399,0.9928818610836081,1.9177333333333333,1.910360791603675,1.9251058750629917,0.9177333333333333,0.9103607916036748,0.9251058750629918,0.028666666666666663,0.023509424030825465,0.03382390930250786,0.8103115070916178,UCI credit default; class 1 = default; false negative is missed default.
uci_default,et,none,cost_tuned_threshold,10,0.43343333333333334,0.40526555617003934,0.46160111049662733,0.29304515300663386,0.2521554351930744,0.33393487082019335,0.9278070836473248,0.9108992840864155,0.944714883208234,1.0,1.0,1.0,0.0,0.0,0.0,0.7102666666666666,0.7021995945495221,0.7183337387838111,0.8103115070916178,UCI credit default; class 1 = default; false negative is missed default.
uci_default,et,none,marginal_cp,10,0.89975,0.8976094261182548,0.9018905738817453,0.9918895784292745,0.9907720579781025,0.9930070988804465,0.5752825923134891,0.5685026052206381,0.5820625794063401,1.2246333333333335,1.2173524519052115,1.2319142147614555,0.22463333333333332,0.21735245190521144,0.2319142147614552,0.94565,0.9301139212265668,0.9611860787734332,0.8103115070916178,UCI credit default; class 1 = default; false negative is missed default.
uci_default,et,none,mondrian_cp,10,0.8979333333333333,0.8948727225333236,0.9009939441333429,0.8968970682644981,0.8919568772173037,0.9018372593116926,0.9015825169555388,0.8953853055622172,0.9077797283488604,1.5088166666666667,1.4994828561788636,1.5181504771544698,0.5088166666666667,0.4994828561788636,0.5181504771544697,0.29796666666666666,0.2865863659568034,0.3093469673765299,0.8103115070916178,UCI credit default; class 1 = default; false negative is missed default.
uci_default,et,none,raps_cp,10,0.9005333333333334,0.8978675340669979,0.9031991325996689,0.9824951851059277,0.9806875731014519,0.9843027971104035,0.6119065561416729,0.602111615945725,0.6217014963376207,1.2861166666666666,1.277711452996598,1.294521880336735,0.28615,0.2777469872275284,0.29455301277247165,0.87195,0.8501449055210814,0.8937550944789187,0.8103115070916178,UCI credit default; class 1 = default; false negative is missed default.
uci_default,et,none,risk_controlled_rejector,10,0.9002333333333332,0.8980289316312386,0.9024377350354278,0.9919537770169056,0.9908776920592455,0.9930298619745657,0.5772418990203466,0.5701310567433777,0.5843527412973155,1.2264833333333334,1.2193349705958136,1.233631696070853,0.22648333333333331,0.21933497059581358,0.23363169607085305,0.9412666666666668,0.9249917878592062,0.9575415454741274,0.8103115070916178,UCI credit default; class 1 = default; false negative is missed default.
uci_default,et,sigmoid,aps_cp,10,0.9006666666666666,0.8978376503476374,0.9034956829856958,0.9801840359512092,0.9783028734799661,0.9820651984224522,0.6206480783722683,0.6110602342941536,0.6302359224503831,1.3044833333333332,1.2954287196972487,1.3135379469694177,0.31018333333333337,0.3020366613657046,0.3183300053009621,0.8496333333333332,0.8287576662695476,0.8705090003971189,0.8264252922215348,UCI credit default; class 1 = default; false negative is missed default.
uci_default,et,sigmoid,capacity_limited_mondrian,10,0.8352333333333333,0.8321212439315897,0.8383454227350768,0.8981168414294887,0.8931621702578381,0.9030715126011393,0.6137905048982668,0.6048054939058465,0.6227755158906871,1.1,1.1,1.1,0.1,0.1,0.1,0.9335166666666666,0.9156775259175535,0.9513558074157796,0.8264252922215348,UCI credit default; class 1 = default; false negative is missed default.
uci_default,et,sigmoid,class_conditional_rejector,10,0.9496,0.945336836600265,0.953863163399735,0.998694628718168,0.9977747452191108,0.9996145122172253,0.7767143933685003,0.7578095524296306,0.7956192343073701,1.4794333333333334,1.4554313865357489,1.5034352801309179,0.4794333333333333,0.4554313865357489,0.5034352801309178,0.49485,0.453011197542691,0.536688802457309,0.8264252922215348,UCI credit default; class 1 = default; false negative is missed default.
uci_default,et,sigmoid,class_weighted_threshold,10,0.4303166666666667,0.4078369016872265,0.45279643164610683,0.2888722448106142,0.25667406392259573,0.32107042569863264,0.9284099472494349,0.9155977868087918,0.9412221076900781,1.0,1.0,1.0,0.0,0.0,0.0,0.7121833333333333,0.701397456035384,0.7229692106312826,0.8264252922215348,UCI credit default; class 1 = default; false negative is missed default.
uci_default,et,sigmoid,confidence_rejector,10,0.9999833333333333,0.9999506666666667,1.000016,1.0,1.0,1.0,0.9999246420497363,0.9997769404672193,1.0000723436322532,1.9985666666666666,1.9969008445991894,2.000232488734144,0.9985666666666667,0.9969008445991896,1.0002324887341438,0.0001666666666666667,-0.00015999999999999999,0.0004933333333333334,0.8264252922215348,UCI credit default; class 1 = default; false negative is missed default.
uci_default,et,sigmoid,cost_controlled_mondrian,10,0.9903833333333333,0.9898279999999999,0.9909386666666666,0.989942221271132,0.9893169707916541,0.9905674717506098,0.9919366993217785,0.9889334338106004,0.9949399648329567,1.9220166666666667,1.913527040552664,1.9305062927806693,0.9220166666666666,0.913527040552664,0.9305062927806692,0.025666666666666664,0.019290387709991908,0.03204294562334142,0.8264252922215348,UCI credit default; class 1 = default; false negative is missed default.
uci_default,et,sigmoid,cost_tuned_threshold,10,0.43019999999999997,0.40787290221267125,0.4525270977873287,0.2896854269206078,0.25668807055698534,0.3226827832842302,0.9250188394875659,0.9092851734160771,0.9407525055590548,1.0,1.0,1.0,0.0,0.0,0.0,0.71905,0.7076207066396889,0.730479293360311,0.8264252922215348,UCI credit default; class 1 = default; false negative is missed default.
uci_default,et,sigmoid,marginal_cp,10,0.9003333333333334,0.8986464339203186,0.9020202327463482,0.9924673657179541,0.9913301658937436,0.9936045655421647,0.5758854559155991,0.5701998508786388,0.5815710609525595,1.225,1.2181251518714868,1.2318748481285133,0.225,0.21812515187148665,0.23187484812851336,0.9438666666666666,0.9310718932430001,0.9566614400903332,0.8264252922215348,UCI credit default; class 1 = default; false negative is missed default.
uci_default,et,sigmoid,mondrian_cp,10,0.8989833333333334,0.8960371090578442,0.9019295576088225,0.8981168414294887,0.8931621702578381,0.9030715126011393,0.9020346646571212,0.8945097719322573,0.9095595573819851,1.5118833333333332,1.5017632196829687,1.5220034469836978,0.5118833333333332,0.5017632196829687,0.5220034469836978,0.29601666666666665,0.2818018113020477,0.3102315220312856,0.8264252922215348,UCI credit default; class 1 = default; false negative is missed default.
uci_default,et,sigmoid,raps_cp,10,0.9006000000000001,0.8980681518583562,0.9031318481416439,0.9830943719238178,0.9813638846162688,0.9848248592313668,0.6100979653353429,0.5999931426803274,0.6202027879903583,1.2916333333333332,1.2818221121032982,1.3014445545633682,0.2916333333333333,0.2818221121032982,0.3014445545633684,0.8755,0.8532005764122549,0.897799423587745,0.8264252922215348,UCI credit default; class 1 = default; false negative is missed default.
uci_default,et,sigmoid,risk_controlled_rejector,10,0.9013,0.8995674686185657,0.9030325313814342,0.992766959126899,0.9916042621911081,0.99392965606269,0.5792012057272042,0.5732882210901452,0.5851141903642633,1.2293833333333333,1.2218377104471336,1.236928956219533,0.22938333333333333,0.22183771044713363,0.23692895621953303,0.9362999999999999,0.9230125391402734,0.9495874608597265,0.8264252922215348,UCI credit default; class 1 = default; false negative is missed default.
uci_default,gb,isotonic,aps_cp,10,0.9,0.8976213322537787,0.9023786677462213,0.9722234110849561,0.9702563051070436,0.9741905170628686,0.6456669178598341,0.6384821471509607,0.6528516885687075,1.31315,1.3042836825214958,1.3220163174785042,0.3319833333333333,0.32336631357124346,0.34060035309542314,0.7891333333333334,0.7724982754608836,0.8057683912057831,0.8301764290755116,UCI credit default; class 1 = default; false negative is missed default.
uci_default,gb,isotonic,capacity_limited_mondrian,10,0.8426333333333333,0.838814514460927,0.8464521522057397,0.9111491547185961,0.9034563374777904,0.9188419719594019,0.6013564431047475,0.589843717687011,0.6128691685224839,1.1,1.1,1.1,0.1,0.1,0.1,0.9508666666666666,0.930710877428771,0.9710224559045623,0.8301764290755116,UCI credit default; class 1 = default; false negative is missed default.
uci_default,gb,isotonic,class_conditional_rejector,10,0.9543999999999999,0.9479207542581936,0.9608792457418063,0.999636208003424,0.9993857173349052,0.9998866986719428,0.7951017332328559,0.7661729539185804,0.8240305125471314,1.5066333333333335,1.4636684545520386,1.5495982121146283,0.5066333333333333,0.4636684545520385,0.5495982121146281,0.45344999999999996,0.38939022985398325,0.5175097701460166,0.8301764290755116,UCI credit default; class 1 = default; false negative is missed default.
uci_default,gb,isotonic,class_weighted_threshold,10,0.42424999999999996,0.397572522223909,0.45092747777609093,0.28044083030173333,0.24229500364026268,0.318586656963204,0.9306706857573473,0.9165344791056815,0.9448068924090132,1.0,1.0,1.0,0.0,0.0,0.0,0.7137500000000001,0.7064799642027136,0.7210200357972866,0.8301764290755116,UCI credit default; class 1 = default; false negative is missed default.
uci_default,gb,isotonic,confidence_rejector,10,0.9996,0.9994370300338206,0.9997629699661795,0.999764605178686,0.999572397852298,0.9999568125050741,0.9990203466465711,0.9985255524687917,0.9995151408243506,1.9884833333333334,1.9818299727269912,1.9951366939396755,0.9884833333333333,0.9818299727269912,0.9951366939396753,0.00235,0.001281500902673449,0.003418499097326551,0.8301764290755116,UCI credit default; class 1 = default; false negative is missed default.
uci_default,gb,isotonic,cost_controlled_mondrian,10,0.9943166666666666,0.9925666694321009,0.9960666639012323,0.9936657393537344,0.9913169270276055,0.9960145516798632,0.996608892238131,0.9947634432034451,0.9984543412728168,1.9578333333333333,1.9481970665494142,1.9674696001172525,0.9578333333333333,0.9481970665494142,0.9674696001172525,0.012433333333333334,0.008496371265826506,0.016370295400840163,0.8301764290755116,UCI credit default; class 1 = default; false negative is missed default.
uci_default,gb,isotonic,cost_tuned_threshold,10,0.43551666666666666,0.39439873281299326,0.47663460052034007,0.2959340894500321,0.2369686446894663,0.35489953421059783,0.9270535041446873,0.9050015704874493,0.9491054378019254,1.0,1.0,1.0,0.0,0.0,0.0,0.7096833333333333,0.701540446324446,0.7178262203422207,0.8301764290755116,UCI credit default; class 1 = default; false negative is missed default.
uci_default,gb,isotonic,marginal_cp,10,0.9043500000000002,0.8992795996748987,0.9094204003251017,0.9897068264498182,0.9863803704965854,0.993033282403051,0.6037678975131877,0.5852533472005561,0.6222824478258193,1.2371833333333335,1.2197541402140257,1.2546125264526413,0.2371833333333333,0.2197541402140256,0.25461252645264104,0.8843500000000001,0.8430493056890336,0.9256506943109666,0.8301764290755116,UCI credit default; class 1 = default; false negative is missed default.
uci_default,gb,isotonic,mondrian_cp,10,0.9157666666666667,0.910008678231908,0.9215246551014254,0.9111491547185961,0.9034563374777904,0.9188419719594019,0.9320271288620949,0.9168765330903919,0.947177724633798,1.5904166666666668,1.5539957097603017,1.626837623573032,0.5904166666666667,0.5539957097603015,0.6268376235730319,0.21953333333333336,0.18761184285481136,0.25145482381185535,0.8301764290755116,UCI credit default; class 1 = default; false negative is missed default.
uci_default,gb,isotonic,raps_cp,10,0.8999,0.8968413268106886,0.9029586731893114,0.9811470147656751,0.9796406281745786,0.9826534013567716,0.6137905048982668,0.6024983349358997,0.625082674860634,1.2795166666666666,1.2691929375839737,1.2898403957493596,0.27961666666666674,0.2692842585814474,0.2899490747518861,0.8687999999999999,0.8434398362197133,0.8941601637802865,0.8301764290755116,UCI credit default; class 1 = default; false negative is missed default.
uci_default,gb,isotonic,risk_controlled_rejector,10,0.9040666666666667,0.8990092026849931,0.9091241306483403,0.9893430344532421,0.9859419936802086,0.9927440752262756,0.6037678975131877,0.5852533472005561,0.6222824478258193,1.2364000000000002,1.218990222778175,1.2538097772218253,0.2364,0.2189902227781749,0.2538097772218251,0.8846333333333334,0.8433816921412907,0.9258849745253761,0.8301764290755116,UCI credit default; class 1 = default; false negative is missed default.
uci_default,gb,none,aps_cp,10,0.8998000000000002,0.897538464020261,0.9020615359797393,0.9747485555317784,0.9729878341951236,0.9765092768684333,0.6358703843255463,0.6291673428880723,0.6425734257630203,1.307,1.300341731586095,1.3136582684139049,0.3222333333333333,0.31574275172763366,0.32872391493903297,0.8124333333333335,0.7963145997127644,0.8285520669539025,0.8161135256156986,UCI credit default; class 1 = default; false negative is missed default.
uci_default,gb,none,capacity_limited_mondrian,10,0.8368500000000001,0.8338114536532687,0.8398885463467315,0.8978172480205435,0.8927088138509837,0.9029256821901034,0.6221552373775434,0.6146684521608984,0.6296420225941884,1.1,1.1,1.1,0.1,0.1,0.1,0.91525,0.9012278124582221,0.9292721875417779,0.8161135256156986,UCI credit default; class 1 = default; false negative is missed default.
uci_default,gb,none,class_conditional_rejector,10,0.9439499999999998,0.9411407299748734,0.9467592700251263,0.9995934089450031,0.9992483862350904,0.9999384316549159,0.7480030143180105,0.7359448386841136,0.7600611899519074,1.4381666666666666,1.4224339743382304,1.4538993589951028,0.4381666666666666,0.42243397433823043,0.45389935899510275,0.55765,0.5308476486299623,0.5844523513700377,0.8161135256156986,UCI credit default; class 1 = default; false negative is missed default.
uci_default,gb,none,class_weighted_threshold,10,0.45714999999999995,0.4316733297047409,0.48262667029525896,0.3257650331692703,0.2892547388175954,0.3622753275209452,0.919819140919367,0.9059003183291847,0.9337379635095493,1.0,1.0,1.0,0.0,0.0,0.0,0.70245,0.6943062976205878,0.7105937023794122,0.8161135256156986,UCI credit default; class 1 = default; false negative is missed default.
uci_default,gb,none,confidence_rejector,10,0.9999499999999999,0.9999001008424326,0.9999998991575672,1.0,1.0,1.0,0.9997739261492088,0.9995483082551592,0.9999995440432584,1.9989333333333335,1.9982924595471037,1.9995742071195632,0.9989333333333332,0.9982924595471034,0.999574207119563,0.0005,1.0084243270306941e-06,0.0009989915756729692,0.8161135256156986,UCI credit default; class 1 = default; false negative is missed default.
uci_default,gb,none,cost_controlled_mondrian,10,0.9902833333333334,0.989275831570323,0.9912908350963439,0.9895570297453457,0.9879991645039857,0.9911148949867056,0.9928409947249437,0.9907725865353584,0.994909402914529,1.9218333333333333,1.9163847526822728,1.9272819139843937,0.9218333333333334,0.9163847526822728,0.927281913984394,0.023966666666666664,0.019999821877637616,0.02793351145569571,0.8161135256156986,UCI credit default; class 1 = default; false negative is missed default.
uci_default,gb,none,cost_tuned_threshold,10,0.4124333333333333,0.39085490708835713,0.4340117595783095,0.26188743847635354,0.23120867134450396,0.2925662056082031,0.9425772418990203,0.9309747521887185,0.954179731609322,1.0,1.0,1.0,0.0,0.0,0.0,0.7018666666666667,0.6913424780999575,0.712390855233376,0.8161135256156986,UCI credit default; class 1 = default; false negative is missed default.
uci_default,gb,none,marginal_cp,10,0.8987833333333333,0.8960798829454031,0.9014867837212635,0.9899208217419219,0.988476709687525,0.9913649337963187,0.5778447626224568,0.5684882562880276,0.587201268956886,1.2145999999999997,1.2065959333669272,1.2226040666330722,0.21459999999999999,0.20659593336692736,0.2226040666330726,0.9415166666666666,0.9203719443832115,0.9626613889501217,0.8161135256156986,UCI credit default; class 1 = default; false negative is missed default.
uci_default,gb,none,mondrian_cp,10,0.8995,0.8965583872736033,0.9024416127263967,0.8978172480205435,0.8927088138509837,0.9029256821901034,0.90542577241899,0.8998981888298904,0.9109533560080897,1.5062,1.498338282548708,1.514061717451292,0.5062,0.4983382825487079,0.514061717451292,0.28875,0.2798857154271958,0.2976142845728042,0.8161135256156986,UCI credit default; class 1 = default; false negative is missed default.
uci_default,gb,none,raps_cp,10,0.8995833333333334,0.8969617329833446,0.9022049336833222,0.9820029959340895,0.9805903587377881,0.9834156331303908,0.6093443858327054,0.6011852194579658,0.6175035522074451,1.2765833333333334,1.2663689693368894,1.2867976973297774,0.27658333333333335,0.2663689693368893,0.2867976973297774,0.8780166666666667,0.8592842044106567,0.8967491289226767,0.8161135256156986,UCI credit default; class 1 = default; false negative is missed default.
uci_default,gb,none,risk_controlled_rejector,10,0.8997333333333334,0.8971495672620508,0.902317099404616,0.9903060132677082,0.9888787840311959,0.9917332425042205,0.5807837226827431,0.571716000260071,0.5898514451054153,1.2179166666666668,1.2100654455302235,1.22576788780311,0.21791666666666668,0.2100654455302234,0.22576788780310994,0.9347166666666666,0.9142810882255697,0.9551522451077635,0.8161135256156986,UCI credit default; class 1 = default; false negative is missed default.
uci_default,gb,sigmoid,aps_cp,10,0.8994,0.8968855388717596,0.9019144611282404,0.980890220415151,0.9789559314811352,0.9828245093491667,0.6124340617935192,0.6034603886995487,0.6214077348874898,1.2922166666666668,1.2813589592011192,1.3030743741322144,0.29465,0.28402449188665946,0.3052755081133406,0.8702333333333332,0.8504711429164267,0.8899955237502397,0.8127803057583396,UCI credit default; class 1 = default; false negative is missed default.
uci_default,gb,sigmoid,capacity_limited_mondrian,10,0.8372666666666667,0.8331749357461483,0.8413583975871851,0.8994436122405307,0.8930751207270986,0.9058121037539628,0.6183119819140919,0.6120523074494281,0.6245716563787557,1.1,1.1,1.1,0.1,0.1,0.1,0.9224833333333333,0.911597226911061,0.9333694397556056,0.8127803057583396,UCI credit default; class 1 = default; false negative is missed default.
uci_default,gb,sigmoid,class_conditional_rejector,10,0.94465,0.941921056741403,0.947378943258597,0.9993152150652687,0.9989626270116654,0.9996678031188719,0.7521477015825169,0.739681808575516,0.7646135945895177,1.4414833333333332,1.4271611988469197,1.4558054678197467,0.44148333333333334,0.4271611988469199,0.4558054678197468,0.5487,0.5211698911618211,0.5762301088381788,0.8127803057583396,UCI credit default; class 1 = default; false negative is missed default.
uci_default,gb,sigmoid,class_weighted_threshold,10,0.45746666666666674,0.4410225119605105,0.473910821372823,0.3271132035095228,0.3039219560577835,0.35030445096126206,0.9165033911077618,0.9080678619040206,0.924938920311503,1.0,1.0,1.0,0.0,0.0,0.0,0.7087333333333332,0.699722068876493,0.7177445977901734,0.8127803057583396,UCI credit default; class 1 = default; false negative is missed default.
uci_default,gb,sigmoid,confidence_rejector,10,0.9998999999999999,0.9997889546861484,1.0000110453138515,0.9999786004707897,0.9999366573935374,1.000020543548042,0.9996232102486813,0.9991692964798721,1.0000771240174904,1.9987833333333334,1.9972472279325,2.0003194387341665,0.9987833333333335,0.9972472279325002,1.0003194387341667,0.0008500000000000001,-0.0001603222563758529,0.001860322256375853,0.8127803057583396,UCI credit default; class 1 = default; false negative is missed default.
uci_default,gb,sigmoid,cost_controlled_mondrian,10,0.9896833333333334,0.9884950466945956,0.9908716199720711,0.9888936443398245,0.9872855832485952,0.9905017054310539,0.9924642049736248,0.990702760819533,0.9942256491277165,1.921816666666667,1.9149298511758224,1.9287034821575115,0.9218166666666668,0.9149298511758222,0.9287034821575115,0.025316666666666664,0.0216203900683372,0.02901294326499613,0.8127803057583396,UCI credit default; class 1 = default; false negative is missed default.
uci_default,gb,sigmoid,cost_tuned_threshold,10,0.44086666666666663,0.4226868000439504,0.4590465332893829,0.3028675369141879,0.27645730525825163,0.32927776857012414,0.9268274302938961,0.9150968494791135,0.9385580111086788,1.0,1.0,1.0,0.0,0.0,0.0,0.7047833333333333,0.6946321027906422,0.7149345638760244,0.8127803057583396,UCI credit default; class 1 = default; false negative is missed default.
uci_default,gb,sigmoid,marginal_cp,10,0.8990499999999999,0.8962348273434085,0.9018651726565913,0.991675583137171,0.9898287642518631,0.9935224020224789,0.5728711379050491,0.56257007755317,0.5831721982569281,1.2155666666666667,1.2067711401269359,1.2243621932063975,0.21556666666666663,0.2067711401269357,0.22436219320639755,0.9511499999999999,0.9281767436116161,0.9741232563883838,0.8127803057583396,UCI credit default; class 1 = default; false negative is missed default.
uci_default,gb,sigmoid,mondrian_cp,10,0.9004166666666669,0.8963113244981031,0.9045220088352306,0.8994436122405307,0.8930751207270986,0.9058121037539628,0.9038432554634515,0.8980211562565737,0.9096653546703292,1.5091166666666667,1.503045771758364,1.5151875615749693,0.5091166666666667,0.5030457717583641,0.5151875615749693,0.2909833333333333,0.28116756318248315,0.3007991034841835,0.8127803057583396,UCI credit default; class 1 = default; false negative is missed default.
uci_default,gb,sigmoid,raps_cp,10,0.8996333333333334,0.8969129410595139,0.9023537256071529,0.9821955916969826,0.9805134471083139,0.9838777362856512,0.6088922381311228,0.5990356241096269,0.6187488521526188,1.2876,1.274577489794614,1.300622510205386,0.28759999999999997,0.27457748979461394,0.300622510205386,0.8788666666666668,0.8568154541348477,0.9009178791984859,0.8127803057583396,UCI credit default; class 1 = default; false negative is missed default.
uci_default,gb,sigmoid,risk_controlled_rejector,10,0.9000833333333335,0.8974585689817707,0.9027080976848962,0.9919965760753262,0.9901982878679508,0.9937948642827016,0.5764129615674454,0.5668751796077726,0.5859507435271182,1.2193333333333332,1.2110427475671959,1.2276239190994704,0.21933333333333332,0.211042747567196,0.22762391909947066,0.9430666666666667,0.9218130617564635,0.96432027157687,0.8127803057583396,UCI credit default; class 1 = default; false negative is missed default.
uci_default,gnb,isotonic,aps_cp,10,0.9007833333333334,0.8979698458792436,0.9035968207874232,0.981682002995934,0.9786676730930814,0.9846963328987866,0.6159005275056518,0.6067423676680672,0.6250586873432364,1.3568500000000001,1.3459394148372972,1.367760585162703,0.36091666666666666,0.35021579150919463,0.3716175418241387,0.8602333333333334,0.8403966466277167,0.8800700200389501,0.8116939364773821,UCI credit default; class 1 = default; false negative is missed default.
uci_default,gnb,isotonic,capacity_limited_mondrian,10,0.8388666666666665,0.8356553489032277,0.8420779844301054,0.9235180826021827,0.9154054245011837,0.9316307407031817,0.5407686510926903,0.5239076530332262,0.5576296491521545,1.1,1.1,1.1,0.1,0.1,0.1,1.0752333333333333,1.0436837591083492,1.1067829075583173,0.8116939364773821,UCI credit default; class 1 = default; false negative is missed default.
uci_default,gnb,isotonic,class_conditional_rejector,10,0.9883166666666667,0.9816311283068565,0.995002205026477,1.0,1.0,1.0,0.9471740768651093,0.91694556883281,0.9774025848974087,1.8815000000000002,1.8153186626582263,1.947681337341774,0.8815,0.8153186626582261,0.9476813373417738,0.11683333333333334,0.04997794973523122,0.18368871693143546,0.8116939364773821,UCI credit default; class 1 = default; false negative is missed default.
uci_default,gnb,isotonic,class_weighted_threshold,10,0.26548333333333335,0.2320922594991113,0.2988744071675554,0.0635994008131821,0.01573980308997485,0.11145899853638935,0.9764129615674454,0.9586559111726886,0.9941700119622022,1.0,1.0,1.0,0.0,0.0,0.0,0.7814666666666666,0.7757089665256746,0.7872243668076587,0.8116939364773821,UCI credit default; class 1 = default; false negative is missed default.
uci_default,gnb,isotonic,confidence_rejector,10,1.0,1.0,1.0,1.0,1.0,1.0,1.0,1.0,1.0,2.0,2.0,2.0,1.0,1.0,1.0,0.0,0.0,0.0,0.8116939364773821,UCI credit default; class 1 = default; false negative is missed default.
uci_default,gnb,isotonic,cost_controlled_mondrian,10,0.9979166666666666,0.9964547547610604,0.9993785785722727,0.9973250588487055,0.9954480052570862,0.9992021124403248,1.0,1.0,1.0,1.9927,1.9878065861546637,1.9975934138453362,0.9926999999999999,0.9878065861546637,0.9975934138453362,0.0020833333333333337,0.0006214214277271556,0.003545245238939512,0.8116939364773821,UCI credit default; class 1 = default; false negative is missed default.
uci_default,gnb,isotonic,cost_tuned_threshold,10,0.26548333333333335,0.2320922594991113,0.2988744071675554,0.0635994008131821,0.01573980308997485,0.11145899853638935,0.9764129615674454,0.9586559111726886,0.9941700119622022,1.0,1.0,1.0,0.0,0.0,0.0,0.7814666666666666,0.7757089665256746,0.7872243668076587,0.8116939364773821,UCI credit default; class 1 = default; false negative is missed default.
uci_default,gnb,isotonic,marginal_cp,10,0.9061166666666667,0.9036150407163972,0.9086182926169362,0.9968114701476566,0.9937436303892649,0.9998793099060482,0.5867370007535795,0.5735975541619269,0.599876447345232,1.2752666666666665,1.2637403573004844,1.2867929760328487,0.27526666666666666,0.2637403573004845,0.2867929760328488,0.9164833333333334,0.8887121214613336,0.9442545452053333,0.8116939364773821,UCI credit default; class 1 = default; false negative is missed default.
uci_default,gnb,isotonic,mondrian_cp,10,0.9244666666666668,0.9190074768565653,0.9299258564767683,0.9235180826021827,0.9154054245011837,0.9316307407031817,0.9278070836473248,0.9086731558213422,0.9469410114733073,1.6926666666666665,1.6574474817713378,1.7278858515619953,0.6926666666666667,0.6574474817713378,0.7278858515619955,0.2192333333333333,0.17985759344124516,0.2586090732254215,0.8116939364773821,UCI credit default; class 1 = default; false negative is missed default.
uci_default,gnb,isotonic,raps_cp,10,0.9011666666666667,0.8986636429150345,0.9036696904182988,0.9838647549753905,0.9812355785678389,0.9864939313829421,0.6099472494348154,0.6011092571479043,0.6187852417217264,1.3511333333333333,1.3397305504457988,1.3625361162208678,0.35113333333333335,0.339730550445799,0.36253611622086773,0.8752333333333334,0.8560296918525242,0.8944369748141426,0.8116939364773821,UCI credit default; class 1 = default; false negative is missed default.
uci_default,gnb,isotonic,risk_controlled_rejector,10,0.9073166666666668,0.903578287345274,0.9110550459880595,0.9968328696768669,0.9937584424321684,0.9999072969215654,0.5920874152223059,0.5741051898522838,0.610069640592328,1.2821166666666666,1.2642000232406696,1.3000333100926635,0.2821166666666666,0.26420002324066966,0.3000333100926636,0.9046333333333335,0.8657528694992868,0.9435137971673803,0.8116939364773821,UCI credit default; class 1 = default; false negative is missed default.
uci_default,gnb,none,aps_cp,10,0.9005833333333333,0.8963505797714011,0.9048160868952655,0.9016263642199871,0.8955123064407492,0.907740421999225,0.8969103240391861,0.8824942998410357,0.9113263482373366,1.6258500000000002,1.604985999497037,1.6467140005029635,0.6350166666666667,0.6155462828396753,0.6544870504936581,0.28578333333333333,0.2597464971854333,0.31182016948123337,0.8078158899294208,UCI credit default; class 1 = default; false negative is missed default.
uci_default,gnb,none,capacity_limited_mondrian,10,0.7395833333333333,0.706830494952892,0.7723361717137746,0.7509308795206506,0.6994328780661542,0.8024288809751471,0.6996232102486812,0.6654560459198813,0.7337903745774812,1.1,1.1,1.1,0.1,0.1,0.1,0.8583166666666667,0.8210526217651836,0.8955807115681499,0.8078158899294208,UCI credit default; class 1 = default; false negative is missed default.
uci_default,gnb,none,class_conditional_rejector,10,0.9773999999999999,0.9713804630669054,0.9834195369330945,0.9989300235394822,0.9987424483956389,0.9991175986833256,0.9015825169555388,0.8746770340854295,0.9284879998256481,1.7838,1.7319613678659356,1.8356386321340645,0.7838,0.7319613678659356,0.8356386321340645,0.2185,0.15892635250754278,0.2780736474924572,0.8078158899294208,UCI credit default; class 1 = default; false negative is missed default.
uci_default,gnb,none,class_weighted_threshold,10,0.31353333333333333,0.2832322417048698,0.34383442496179684,0.13286967686710893,0.08898304106101433,0.17675631267320352,0.9497362471740768,0.9317338134171037,0.9677386809310499,1.0,1.0,1.0,0.0,0.0,0.0,0.7865166666666668,0.7768410509648173,0.7961922823685162,0.8078158899294208,UCI credit default; class 1 = default; false negative is missed default.
uci_default,gnb,none,confidence_rejector,10,0.9965166666666667,0.9959690735492682,0.9970642597840652,0.9989300235394822,0.9987424483956389,0.9991175986833256,0.9880180859080634,0.9858669549128909,0.9901692169032359,1.9697833333333332,1.9675117273750673,1.9720549392915991,0.9697833333333333,0.9675117273750673,0.9720549392915994,0.027333333333333338,0.022519015797759542,0.032147650868907134,0.8078158899294208,UCI credit default; class 1 = default; false negative is missed default.
uci_default,gnb,none,cost_controlled_mondrian,10,0.99145,0.990222836231964,0.992677163768036,0.9900064198587633,0.9886522797444213,0.9913605599731052,0.9965335342878673,0.9929008893422189,1.0001661792335157,1.9658333333333335,1.9579907627670958,1.9736759038995713,0.9658333333333333,0.9579907627670955,0.9736759038995711,0.01545,0.007503789035561792,0.02339621096443821,0.8078158899294208,UCI credit default; class 1 = default; false negative is missed default.
uci_default,gnb,none,cost_tuned_threshold,10,0.31655,0.28722069945145867,0.3458793005485413,0.1371495827091804,0.09453205641189921,0.1797671090064616,0.9483044461190655,0.9303679080054464,0.9662409842326846,1.0,1.0,1.0,0.0,0.0,0.0,0.78635,0.7761990731457664,0.7965009268542336,0.8078158899294208,UCI credit default; class 1 = default; false negative is missed default.
uci_default,gnb,none,marginal_cp,10,0.9004666666666667,0.8960201051930928,0.9049132281402407,0.9001711962336829,0.8931440790012297,0.9071983134661361,0.901507159005275,0.8852509612264774,0.9177633567840726,1.6089666666666667,1.5866111757942176,1.6313221575391157,0.6089666666666667,0.5866111757942177,0.6313221575391156,0.2955833333333334,0.2625452439608725,0.32862142270579436,0.8078158899294208,UCI credit default; class 1 = default; false negative is missed default.
uci_default,gnb,none,mondrian_cp,10,0.9002500000000001,0.8962651278348185,0.9042348721651817,0.899935801412369,0.8944784713816554,0.9053931314430825,0.9013564431047476,0.8939896030300523,0.908723283179443,1.606883333333333,1.5966973554115906,1.6170693112550754,0.6068833333333334,0.5966973554115911,0.6170693112550758,0.2961,0.2807664338439576,0.31143356615604234,0.8078158899294208,UCI credit default; class 1 = default; false negative is missed default.
uci_default,gnb,none,raps_cp,10,0.9005166666666666,0.8962835769740569,0.9047497563592763,0.90119837363578,0.8952220615658352,0.9071746857057249,0.8981160512434062,0.8831976227120701,0.9130344797747423,1.6167666666666665,1.5923426097504432,1.6411907235828898,0.6167666666666667,0.5923426097504434,0.64119072358289,0.30228333333333335,0.2712352156464069,0.3333314510202598,0.8078158899294208,UCI credit default; class 1 = default; false negative is missed default.
uci_default,gnb,none,risk_controlled_rejector,10,0.9014500000000002,0.8971544609933068,0.9057455390066936,0.9010057778728868,0.8942189438441633,0.9077926119016103,0.9030143180105501,0.8878393430840883,0.9181892929370119,1.6125666666666665,1.5914051987673377,1.6337281345659953,0.6125666666666667,0.591405198767338,0.6337281345659954,0.29159999999999997,0.2608294873364084,0.3223705126635915,0.8078158899294208,UCI credit default; class 1 = default; false negative is missed default.
uci_default,gnb,sigmoid,aps_cp,10,0.9000833333333332,0.8974549576437805,0.902711709022886,0.9888080462229831,0.9849198880218558,0.9926962044241104,0.5876412961567444,0.5706448432156822,0.6046377490978067,1.3810666666666667,1.361277495860764,1.4008558374725693,0.39316666666666666,0.37020158954057353,0.4161317437927598,0.9088166666666668,0.8748088536435205,0.9428244796898132,0.8050309300925166,UCI credit default; class 1 = default; false negative is missed default.
uci_default,gnb,sigmoid,capacity_limited_mondrian,10,0.82875,0.8261754051739121,0.8313245948260879,0.9000855981168415,0.8948740500414681,0.9052971461922149,0.5775433308214016,0.5668126078301462,0.5882740538126571,1.1,1.1,1.1,0.1,0.1,0.1,1.01215,0.9915361254095785,1.0327638745904217,0.8050309300925166,UCI credit default; class 1 = default; false negative is missed default.
uci_default,gnb,sigmoid,class_conditional_rejector,10,0.9817666666666666,0.974346194471116,0.9891871388622171,1.0,1.0,1.0,0.9175584024114544,0.884006907932703,0.9511098968902058,1.8199333333333332,1.752227465577336,1.8876392010893304,0.8199333333333334,0.7522274655773361,0.8876392010893307,0.18233333333333332,0.10812861137782817,0.25653805528883844,0.8050309300925166,UCI credit default; class 1 = default; false negative is missed default.
uci_default,gnb,sigmoid,class_weighted_threshold,10,0.29545000000000005,0.25819907928157526,0.33270092071842483,0.10693344746415578,0.05276668630463066,0.1611002086236809,0.9593067068575734,0.9365512872040951,0.9820621265110516,1.0,1.0,1.0,0.0,0.0,0.0,0.78555,0.7737908015705277,0.7973091984294722,0.8050309300925166,UCI credit default; class 1 = default; false negative is missed default.
uci_default,gnb,sigmoid,confidence_rejector,10,1.0,1.0,1.0,1.0,1.0,1.0,1.0,1.0,1.0,2.0,2.0,2.0,1.0,1.0,1.0,0.0,0.0,0.0,0.8050309300925166,UCI credit default; class 1 = default; false negative is missed default.
uci_default,gnb,sigmoid,cost_controlled_mondrian,10,0.99185,0.9907210684828696,0.9929789315171305,0.9897710250374493,0.9884158027363172,0.9911262473385813,0.9991710625470986,0.9975463451394121,1.000795779954785,1.9703000000000004,1.965234430840115,1.9753655691598857,0.9702999999999999,0.9652344308401147,0.9753655691598851,0.0098,0.006013295931327125,0.013586704068672874,0.8050309300925166,UCI credit default; class 1 = default; false negative is missed default.
uci_default,gnb,sigmoid,cost_tuned_threshold,10,0.29746666666666666,0.26159909640681106,0.33333423692652225,0.10956558955702973,0.05772187987862477,0.1614092992354347,0.959155990957046,0.9384381857558921,0.9798737961581998,1.0,1.0,1.0,0.0,0.0,0.0,0.7838333333333333,0.7748188063468451,0.7928478603198215,0.8050309300925166,UCI credit default; class 1 = default; false negative is missed default.
uci_default,gnb,sigmoid,marginal_cp,10,0.9008666666666667,0.8989299131657129,0.9028034201676205,1.0,1.0,1.0,0.5517709118311982,0.5430139253913167,0.5605278982710797,1.2518833333333335,1.2471806316091996,1.2565860350574674,0.25188333333333335,0.24718063160919934,0.25658603505746735,0.9913333333333334,0.9719657983237955,1.0107008683428713,0.8050309300925166,UCI credit default; class 1 = default; false negative is missed default.
uci_default,gnb,sigmoid,mondrian_cp,10,0.9006000000000001,0.8966255704718697,0.9045744295281304,0.9000855981168415,0.8948740500414681,0.9052971461922149,0.9024114544084402,0.8943177610759518,0.9105051477409285,1.6088999999999998,1.5974728698309137,1.6203271301690858,0.6088999999999999,0.597472869830914,0.6203271301690858,0.29364999999999997,0.27638519021996644,0.3109148097800335,0.8050309300925166,UCI credit default; class 1 = default; false negative is missed default.
uci_default,gnb,sigmoid,raps_cp,10,0.8996666666666666,0.8963303281694662,0.903003005163867,0.9957200941579286,0.9900928398426285,1.0013473484732287,0.5614167294649585,0.537841985741693,0.584991473188224,1.3594499999999998,1.3422302593314719,1.3766697406685278,0.35945,0.342230259331472,0.376669740668528,0.9733333333333333,0.9244957258854395,1.022170940781227,0.8050309300925166,UCI credit default; class 1 = default; false negative is missed default.
uci_default,gnb,sigmoid,risk_controlled_rejector,10,0.9010333333333336,0.8990601897488628,0.9030064769178043,1.0,1.0,1.0,0.5525244913338357,0.5436029679677281,0.5614460146999434,1.25285,1.2477735233906349,1.2579264766093652,0.25284999999999996,0.24777352339063474,0.2579264766093652,0.9896666666666667,0.9699352308219588,1.0093981025113747,0.8050309300925166,UCI credit default; class 1 = default; false negative is missed default.
uci_default,hgb,isotonic,aps_cp,10,0.9004166666666666,0.8979934301308241,0.9028399032025092,0.9708110421570725,0.9682268584010726,0.9733952259130724,0.6525244913338357,0.6448104706908208,0.6602385119768507,1.3254833333333336,1.3188858077627639,1.3320808589039033,0.34465,0.3388894896102327,0.35041051038976734,0.7755,0.7588191604557434,0.7921808395442566,0.8172055948262897,UCI credit default; class 1 = default; false negative is missed default.
uci_default,hgb,isotonic,capacity_limited_mondrian,10,0.8410666666666667,0.8360282282254504,0.8461051051078831,0.9094585919109781,0.9004833722746796,0.9184338115472767,0.6002260738507913,0.5898816893630775,0.6105704583385051,1.1,1.1,1.1,0.1,0.1,0.1,0.9546833333333333,0.9377963938127936,0.9715702728538731,0.8172055948262897,UCI credit default; class 1 = default; false negative is missed default.
uci_default,hgb,isotonic,class_conditional_rejector,10,0.9576833333333333,0.9502325240840547,0.965134142582612,0.9994864112989514,0.999219670328158,0.9997531522697449,0.8104747550866616,0.7768121490863186,0.8441373610870045,1.5332333333333332,1.4799684503779853,1.5864982162886812,0.5332333333333332,0.4799684503779853,0.5864982162886812,0.4195666666666667,0.3451130466470552,0.4940202866862782,0.8172055948262897,UCI credit default; class 1 = default; false negative is missed default.
uci_default,hgb,isotonic,class_weighted_threshold,10,0.4349333333333333,0.405532115416173,0.46433455125049355,0.29462871816820024,0.2526987944632967,0.3365586418731038,0.9290128108515449,0.9139488584704403,0.9440767632326494,1.0,1.0,1.0,0.0,0.0,0.0,0.7063666666666667,0.6996342330047324,0.713099100328601,0.8172055948262897,UCI credit default; class 1 = default; false negative is missed default.
uci_default,hgb,isotonic,confidence_rejector,10,0.9994833333333334,0.9992376688024617,0.9997289978642051,0.9995292103573721,0.9992116225020966,0.9998467982126475,0.9993217784476263,0.9986449247654775,0.999998632129775,1.9919166666666666,1.9865790559513608,1.9972542773819724,0.9919166666666668,0.9865790559513609,0.9972542773819727,0.0018666666666666669,0.00042801407345640307,0.003305319259876931,0.8172055948262897,UCI credit default; class 1 = default; false negative is missed default.
uci_default,hgb,isotonic,cost_controlled_mondrian,10,0.9940166666666667,0.9923678357452538,0.9956654975880795,0.9928739567729512,0.9906659725451297,0.9950819410007727,0.9980406932931425,0.9967530607491576,0.9993283258371274,1.961716666666667,1.9519640814924557,1.9714692518408783,0.9617166666666666,0.9519640814924553,0.9714692518408778,0.009883333333333334,0.007077864414979069,0.0126888022516876,0.8172055948262897,UCI credit default; class 1 = default; false negative is missed default.
uci_default,hgb,isotonic,cost_tuned_threshold,10,0.4121666666666667,0.3774655698611452,0.44686776347218815,0.26280761823239884,0.2132865388511223,0.3123286976136754,0.9381311228334589,0.9203258143092142,0.9559364313577036,1.0,1.0,1.0,0.0,0.0,0.0,0.7109833333333334,0.7039515303437759,0.7180151363228909,0.8172055948262897,UCI credit default; class 1 = default; false negative is missed default.
uci_default,hgb,isotonic,marginal_cp,10,0.9050833333333334,0.9019123475458853,0.9082543191207814,0.9922533704258507,0.989357036349459,0.9951497045022424,0.5981160512434063,0.5825749091043874,0.6136571933824252,1.2453333333333334,1.2345135906559432,1.2561530760107236,0.24533333333333335,0.23451359065594318,0.2561530760107235,0.8948666666666666,0.8614296280654424,0.9283037052678907,0.8172055948262897,UCI credit default; class 1 = default; false negative is missed default.
uci_default,hgb,isotonic,mondrian_cp,10,0.9107166666666668,0.9026157358224237,0.91881759751091,0.9094585919109781,0.9004833722746796,0.9184338115472767,0.9151469480030144,0.903765084541764,0.9265288114642649,1.5540833333333333,1.521141240927131,1.5870254257395355,0.5540833333333334,0.5211412409271312,0.5870254257395355,0.2581833333333333,0.2301335280797236,0.28623313858694305,0.8172055948262897,UCI credit default; class 1 = default; false negative is missed default.
uci_default,hgb,isotonic,raps_cp,10,0.9005666666666666,0.896976898738544,0.9041564345947892,0.9799914401883159,0.9775850379929385,0.9823978423836932,0.6208741522230594,0.6087994035643226,0.6329489008817962,1.2894166666666667,1.2779269280241181,1.3009064053092152,0.28951666666666664,0.2779860119809395,0.3010473213523938,0.8538833333333333,0.8265919000272346,0.8811747666394321,0.8172055948262897,UCI credit default; class 1 = default; false negative is missed default.
uci_default,hgb,isotonic,risk_controlled_rejector,10,0.9066666666666666,0.9028849130725104,0.9104484202608228,0.9922533704258507,0.989357036349459,0.9951497045022424,0.6052750565184628,0.5915321934831882,0.6190179195537374,1.2514166666666664,1.236022284582507,1.2668110487508257,0.2514166666666667,0.23602228458250732,0.266811048750826,0.8790333333333333,0.8485592335868597,0.909507433079807,0.8172055948262897,UCI credit default; class 1 = default; false negative is missed default.
uci_default,hgb,none,aps_cp,10,0.9005166666666666,0.8982189046959494,0.9028144286373838,0.9719880162636423,0.9701916312662242,0.9737844012610604,0.6488319517709118,0.6420526797534298,0.6556112237883938,1.3166833333333332,1.308645378587639,1.3247212880790273,0.33691666666666664,0.32877919812165907,0.3450541352116742,0.7822166666666666,0.7653942636718944,0.7990390696614387,0.8187365990433779,UCI credit default; class 1 = default; false negative is missed default.
uci_default,hgb,none,capacity_limited_mondrian,10,0.8366166666666667,0.8335526292994575,0.8396807040338758,0.8984164348384336,0.8925824591905247,0.9042504104863425,0.6189902034664657,0.608494726753822,0.6294856801791094,1.1,1.1,1.1,0.1,0.1,0.1,0.9217833333333335,0.9019587332255861,0.941607933441081,0.8187365990433779,UCI credit default; class 1 = default; false negative is missed default.
uci_default,hgb,none,class_conditional_rejector,10,0.9487666666666668,0.946678837573808,0.9508544957595255,0.9990798202439548,0.998595301548409,0.9995643389395006,0.7715900527505652,0.76178657848973,0.7813935270114005,1.4627000000000001,1.4500485542991726,1.4753514457008277,0.4627,0.45004855429917245,0.47535144570082755,0.5058833333333332,0.48431002604840645,0.52745664061826,0.8187365990433779,UCI credit default; class 1 = default; false negative is missed default.
uci_default,hgb,none,class_weighted_threshold,10,0.44608333333333333,0.42240315423303465,0.469763512433632,0.30995078108281615,0.27665003211474454,0.34325153005088777,0.9254709871891486,0.9141676604374126,0.9367743139408845,1.0,1.0,1.0,0.0,0.0,0.0,0.7022666666666667,0.6914957775875072,0.7130375557458262,0.8187365990433779,UCI credit default; class 1 = default; false negative is missed default.
uci_default,hgb,none,confidence_rejector,10,0.9999666666666667,0.9999013333333333,1.000032,1.0,1.0,1.0,0.9998492840994725,0.9995538809344385,1.0001446872645063,1.9988499999999998,1.9979475350901112,1.9997524649098883,0.99885,0.9979475350901114,0.9997524649098887,0.0003333333333333334,-0.00031999999999999997,0.0009866666666666667,0.8187365990433779,UCI credit default; class 1 = default; false negative is missed default.
uci_default,hgb,none,cost_controlled_mondrian,10,0.9902833333333334,0.9890417612315404,0.9915249054351264,0.9896640273913974,0.9878757126442249,0.9914523421385698,0.9924642049736248,0.9899634349967915,0.994964974950458,1.918633333333333,1.9108381056194614,1.9264285610472045,0.9186333333333334,0.9108381056194619,0.926428561047205,0.024716666666666665,0.01966815454750879,0.02976517878582454,0.8187365990433779,UCI credit default; class 1 = default; false negative is missed default.
uci_default,hgb,none,cost_tuned_threshold,10,0.4160666666666667,0.3871879373556793,0.4449453959776541,0.26798630430130543,0.22676906188220056,0.30920354672041034,0.937528259231349,0.9224938632265308,0.9525626552361671,1.0,1.0,1.0,0.0,0.0,0.0,0.7082833333333333,0.7005113741097629,0.7160552925569036,0.8187365990433779,UCI credit default; class 1 = default; false negative is missed default.
uci_default,hgb,none,marginal_cp,10,0.8994499999999999,0.897038633490229,0.9018613665097707,0.9908838005563878,0.9890372462924344,0.9927303548203412,0.577467972871138,0.5695474396449212,0.5853885060973549,1.2210666666666667,1.2130109197754524,1.229122413557881,0.22106666666666666,0.2130109197754524,0.22912241355788093,0.9415999999999999,0.9238317354564692,0.9593682645435305,0.8187365990433779,UCI credit default; class 1 = default; false negative is missed default.
uci_default,hgb,none,mondrian_cp,10,0.8993333333333334,0.8956336740897654,0.9030329925769015,0.8984164348384336,0.8925824591905247,0.9042504104863425,0.9025621703089675,0.89578629593004,0.9093380446878949,1.50525,1.495847364054902,1.514652635945098,0.50525,0.495847364054902,0.514652635945098,0.29461666666666664,0.28223967806026634,0.30699365527306693,0.8187365990433779,UCI credit default; class 1 = default; false negative is missed default.
uci_default,hgb,none,raps_cp,10,0.90065,0.8970200781969446,0.9042799218030553,0.9819387973464584,0.9799019773308287,0.983975617362088,0.6143933685003768,0.6043418203197838,0.6244449166809699,1.2797833333333335,1.2662841805460172,1.2932824861206498,0.27978333333333333,0.26628418054601705,0.2932824861206496,0.8669,0.8433649720849334,0.8904350279150666,0.8187365990433779,UCI credit default; class 1 = default; false negative is missed default.
uci_default,hgb,none,risk_controlled_rejector,10,0.9007166666666666,0.897949495976299,0.9034838373570342,0.9913973892574364,0.9895618770453093,0.9932329014695634,0.5813865862848531,0.5723907905791824,0.5903823819905237,1.2247833333333333,1.215921082132556,1.2336455845341108,0.22478333333333328,0.21592108213255595,0.2336455845341106,0.9325333333333333,0.9121756651557245,0.9528910015109422,0.8187365990433779,UCI credit default; class 1 = default; false negative is missed default.
uci_default,hgb,sigmoid,aps_cp,10,0.8997166666666668,0.8969456423340685,0.9024876909992652,0.9802054354804195,0.9781456645212953,0.9822652064395437,0.6162773172569705,0.6064680341885523,0.6260866003253888,1.2955999999999999,1.2836945846454046,1.307505415354595,0.30019999999999997,0.28857601038295005,0.3118239896170499,0.8598333333333332,0.8377281915818797,0.8819384750847867,0.8193771626297578,UCI credit default; class 1 = default; false negative is missed default.
uci_default,hgb,sigmoid,capacity_limited_mondrian,10,0.8356999999999999,0.8325892062384077,0.8388107937615921,0.8982880376631714,0.8933799010496597,0.9031961742766832,0.6152976639035419,0.6075154427082778,0.623079885098806,1.1,1.1,1.1,0.1,0.1,0.1,0.9300500000000002,0.9148225166577577,0.9452774833422426,0.8193771626297578,UCI credit default; class 1 = default; false negative is missed default.
uci_default,hgb,sigmoid,class_conditional_rejector,10,0.9473,0.9445098935282938,0.9500901064717062,0.9993580141236892,0.9989625709990367,0.9997534572483416,0.7639788997739262,0.7509755669591083,0.7769822325887441,1.4616500000000001,1.4449537822143554,1.4783462177856448,0.46165,0.4449537822143553,0.47834621778564473,0.5225,0.4938404940898775,0.5511595059101224,0.8193771626297578,UCI credit default; class 1 = default; false negative is missed default.
uci_default,hgb,sigmoid,class_weighted_threshold,10,0.4418333333333334,0.4139516109251958,0.46971505574147104,0.30490049218917187,0.2651036650885162,0.34469731928982755,0.9240391861341373,0.9093665043518167,0.9387118679164579,1.0,1.0,1.0,0.0,0.0,0.0,0.7093666666666667,0.7006829842936434,0.71805034903969,0.8193771626297578,UCI credit default; class 1 = default; false negative is missed default.
uci_default,hgb,sigmoid,confidence_rejector,10,1.0,1.0,1.0,1.0,1.0,1.0,1.0,1.0,1.0,1.9996833333333335,1.9994631191839132,1.9999035474827538,0.9996833333333333,0.9994631191839128,0.9999035474827537,0.0,0.0,0.0,0.8193771626297578,UCI credit default; class 1 = default; false negative is missed default.
uci_default,hgb,sigmoid,cost_controlled_mondrian,10,0.9906500000000001,0.9897114687334609,0.9915885312665393,0.9902846137384976,0.9887837520893286,0.9917854753876667,0.9919366993217785,0.9901203768489544,0.9937530217946027,1.9229499999999997,1.916118569366975,1.9297814306330243,0.9229500000000002,0.9161185693669756,0.9297814306330248,0.0254,0.022078192786976668,0.02872180721302333,0.8193771626297578,UCI credit default; class 1 = default; false negative is missed default.
uci_default,hgb,sigmoid,cost_tuned_threshold,10,0.4048166666666666,0.37611662699791953,0.43351670633541367,0.2525786432698481,0.21176731066026167,0.2933899758794345,0.9409193669932179,0.9264808290319182,0.9553579049545176,1.0,1.0,1.0,0.0,0.0,0.0,0.7127833333333333,0.7049108775193442,0.7206557891473224,0.8193771626297578,UCI credit default; class 1 = default; false negative is missed default.
uci_default,hgb,sigmoid,marginal_cp,10,0.8995833333333334,0.8967655506046311,0.9024011160620357,0.9928525572437404,0.9906991161652156,0.9950059983222653,0.5711379050489827,0.5626775563395404,0.5795982537584249,1.2237166666666668,1.2150258529526152,1.2324074803807183,0.2237166666666667,0.2150258529526152,0.2324074803807182,0.9540666666666666,0.9348523467187286,0.9732809866146046,0.8193771626297578,UCI credit default; class 1 = default; false negative is missed default.
uci_default,hgb,sigmoid,mondrian_cp,10,0.8988666666666667,0.8957619772943195,0.9019713560390139,0.8982880376631714,0.8933799010496597,0.9031961742766832,0.9009042954031651,0.8946137183158016,0.9071948724905285,1.5057500000000001,1.4965815490894718,1.5149184509105285,0.50575,0.49658154908947183,0.5149184509105282,0.2983833333333333,0.28658990255886824,0.3101767641077983,0.8193771626297578,UCI credit default; class 1 = default; false negative is missed default.
uci_default,hgb,sigmoid,raps_cp,10,0.8994666666666667,0.8965465760541711,0.9023867572791624,0.9823453884014551,0.9804424788591141,0.9842482979437962,0.607611152976639,0.5969806286382463,0.6182416773150318,1.28435,1.269797339136013,1.2989026608639873,0.28435,0.2697973391360129,0.2989026608639871,0.8815833333333334,0.8578557348533011,0.9053109318133656,0.8193771626297578,UCI credit default; class 1 = default; false negative is missed default.
uci_default,hgb,sigmoid,risk_controlled_rejector,10,0.9004999999999999,0.8973788561767466,0.9036211438232531,0.9930879520650546,0.9908404831501978,0.9953354209799115,0.5744536548605879,0.5651902283858303,0.5837170813353454,1.226883333333333,1.2170195324957775,1.2367471341708887,0.22688333333333333,0.2170195324957777,0.23674713417088894,0.94655,0.925393247558367,0.967706752441633,0.8193771626297578,UCI credit default; class 1 = default; false negative is missed default.
uci_default,logreg,isotonic,aps_cp,10,0.9007333333333332,0.8979042331928401,0.9035624334738263,0.980954419002782,0.978272393241831,0.983636444763733,0.6182366239638282,0.6050015951119471,0.6314716528157093,1.3693833333333334,1.35324013414453,1.3855265325221369,0.37234999999999996,0.3558594293624927,0.3888405706375072,0.8560333333333334,0.8268189172606283,0.8852477494060386,0.8131155860032755,UCI credit default; class 1 = default; false negative is missed default.
uci_default,logreg,isotonic,capacity_limited_mondrian,10,0.8323833333333333,0.8279521976987193,0.8368144689679472,0.9114701476567516,0.9045017457896135,0.9184385495238897,0.5538809344385833,0.5474578494038064,0.5603040194733603,1.1,1.1,1.1,0.1,0.1,0.1,1.0556166666666666,1.0449922075321396,1.0662411258011937,0.8131155860032755,UCI credit default; class 1 = default; false negative is missed default.
uci_default,logreg,isotonic,class_conditional_rejector,10,0.9976833333333334,0.9964870908829915,0.9988795757836753,0.9999358014123689,0.999871732303573,0.9999998705211649,0.9897513187641296,0.9842768322285097,0.9952258052997495,1.9726500000000002,1.958596291084856,1.9867037089151445,0.97265,0.9585962910848558,0.9867037089151443,0.022716666666666666,0.01062430674626881,0.03480902658706452,0.8131155860032755,UCI credit default; class 1 = default; false negative is missed default.
uci_default,logreg,isotonic,class_weighted_threshold,10,0.22751666666666667,0.21926802607833,0.23576530725500336,0.008880804622298311,-0.0024227920115332396,0.02018440125612986,0.9974378296910326,0.994784677274333,1.0000909821077322,1.0,1.0,1.0,0.0,0.0,0.0,0.7775833333333333,0.7738609096903585,0.7813057569763081,0.8131155860032755,UCI credit default; class 1 = default; false negative is missed default.
uci_default,logreg,isotonic,confidence_rejector,10,0.9997666666666666,0.9996454131316539,0.9998879202016793,0.9999358014123689,0.999871732303573,0.9999998705211649,0.9991710625470989,0.9987065912328856,0.9996355338613121,1.9978833333333335,1.9969465724049014,1.9988200942617655,0.9978833333333335,0.9969465724049014,0.9988200942617655,0.0018833333333333334,0.0008468277843436431,0.002919838882323024,0.8131155860032755,UCI credit default; class 1 = default; false negative is missed default.
uci_default,logreg,isotonic,cost_controlled_mondrian,10,0.9953166666666668,0.9925868545806998,0.9980464787526339,0.9949925101647764,0.9916305458368476,0.9983544744927052,0.9964581763376037,0.9944157127211819,0.9985006399540255,1.9776666666666665,1.966863813225601,1.9884695201077318,0.9776666666666667,0.9668638132256014,0.9884695201077319,0.011733333333333333,0.006149509412376754,0.01731715725428991,0.8131155860032755,UCI credit default; class 1 = default; false negative is missed default.
uci_default,logreg,isotonic,cost_tuned_threshold,10,0.23198333333333335,0.22256139856570564,0.24140526810096105,0.015236464797774449,0.0020158838343202947,0.0284570457612286,0.9952524491333836,0.9911270746284564,0.9993778236383108,1.0,1.0,1.0,0.0,0.0,0.0,0.7774666666666665,0.7745571522954109,0.7803761810379222,0.8131155860032755,UCI credit default; class 1 = default; false negative is missed default.
uci_default,logreg,isotonic,marginal_cp,10,0.9096500000000001,0.9066777322204946,0.9126222677795055,0.9976032527284401,0.9952332317342569,0.9999732737226232,0.5999246420497364,0.587164710780152,0.6126845733193208,1.3117333333333332,1.2945494246329756,1.3289172420336908,0.3117333333333333,0.2945494246329758,0.3289172420336908,0.8867,0.8588711100676977,0.9145288899323024,0.8131155860032755,UCI credit default; class 1 = default; false negative is missed default.
uci_default,logreg,isotonic,mondrian_cp,10,0.9189499999999999,0.912063253376105,0.9258367466238948,0.9114701476567516,0.9045017457896135,0.9184385495238897,0.9452901281085155,0.9249950253229394,0.9655852308940917,1.72255,1.6853717214213182,1.7597282785786819,0.72255,0.6853717214213182,0.7597282785786819,0.18995,0.1449782548067301,0.23492174519326992,0.8131155860032755,UCI credit default; class 1 = default; false negative is missed default.
uci_default,logreg,isotonic,raps_cp,10,0.9004333333333333,0.8974980960387847,0.9033685706278819,0.9822169912261931,0.9795529178669156,0.9848810645854706,0.6124340617935193,0.6002184076922171,0.6246497158948215,1.3618999999999999,1.3465587805078547,1.377241219492145,0.3619,0.3465587805078549,0.3772412194921451,0.8710166666666668,0.8444773615979415,0.897555971735392,0.8131155860032755,UCI credit default; class 1 = default; false negative is missed default.
uci_default,logreg,isotonic,risk_controlled_rejector,10,0.9122166666666667,0.9094069746137721,0.9150263587195613,0.9987588273057995,0.9975339107102343,0.9999837439013646,0.6074604370761116,0.5975243413398468,0.6173965328123765,1.32565,1.3050836329105198,1.3462163670894802,0.32565,0.30508363291051965,0.34621636708948034,0.8691333333333334,0.8466527587437784,0.8916139079228884,0.8131155860032755,UCI credit default; class 1 = default; false negative is missed default.
uci_default,logreg,none,aps_cp,10,0.9018833333333334,0.898479079342432,0.9052875873242348,0.9829017761609243,0.9815955412630482,0.9842080110588005,0.6165787490580257,0.603982575823089,0.6291749222929623,1.4030666666666667,1.3867481344099855,1.419385198923348,0.4182,0.4028011090410565,0.43359889095894355,0.84595,0.8189945539060571,0.8729054460939428,0.7780687740617552,UCI credit default; class 1 = default; false negative is missed default.
uci_default,logreg,none,capacity_limited_mondrian,10,0.8264833333333333,0.8230346484238442,0.8299320182428225,0.899700406591055,0.8947684325527873,0.9046323806293227,0.5686510926902788,0.5621671595757884,0.5751350258047692,1.1,1.1,1.1,0.1,0.1,0.1,1.0321166666666666,1.019031497451761,1.0452018358815722,0.7780687740617552,UCI credit default; class 1 = default; false negative is missed default.
uci_default,logreg,none,class_conditional_rejector,10,0.9960833333333333,0.9941653737050298,0.9980012929616369,0.9998930023539483,0.9997497394714225,1.000036265236474,0.9826676714393369,0.973990770896535,0.9913445719821388,1.9603000000000002,1.9424467509807541,1.9781532490192462,0.9602999999999998,0.9424467509807538,0.9781532490192458,0.03841666666666667,0.019230255960063176,0.05760307737327016,0.7780687740617552,UCI credit default; class 1 = default; false negative is missed default.
uci_default,logreg,none,class_weighted_threshold,10,0.2371666666666667,0.22860852645102303,0.24572480688231035,0.022726300021399526,0.010689489381748482,0.03476311066105057,0.9923134890730971,0.9882847270345,0.9963422511116943,1.0,1.0,1.0,0.0,0.0,0.0,0.7781333333333333,0.774540065993872,0.7817266006727946,0.7780687740617552,UCI credit default; class 1 = default; false negative is missed default.
uci_default,logreg,none,confidence_rejector,10,0.9998833333333333,0.9997982883924179,0.9999683782742488,1.0,1.0,1.0,0.9994724943481538,0.9990879656024925,0.9998570230938151,1.9990666666666665,1.9983776486142593,1.9997556847190738,0.9990666666666665,0.9983776486142591,0.999755684719074,0.0011666666666666668,0.00031621725751238667,0.002017116075820947,0.7780687740617552,UCI credit default; class 1 = default; false negative is missed default.
uci_default,logreg,none,cost_controlled_mondrian,10,0.9901333333333333,0.9885161958532069,0.9917504708134597,0.9895570297453457,0.9876209731609215,0.9914930863297698,0.9921627731725697,0.9907494954943462,0.9935760508507933,1.9469333333333332,1.9414879742990412,1.9523786923676252,0.9469333333333333,0.9414879742990413,0.9523786923676253,0.025466666666666672,0.02166122199026088,0.029272111343072463,0.7780687740617552,UCI credit default; class 1 = default; false negative is missed default.
uci_default,logreg,none,cost_tuned_threshold,10,0.23578333333333337,0.2270480212561137,0.24451864541055304,0.02084314145088808,0.008542667095509908,0.03314361580626625,0.9926902788244159,0.9886121813369341,0.9967683763118976,1.0,1.0,1.0,0.0,0.0,0.0,0.7787666666666666,0.775560374211409,0.7819729591219242,0.7780687740617552,UCI credit default; class 1 = default; false negative is missed default.
uci_default,logreg,none,marginal_cp,10,0.9011333333333333,0.8999935833932474,0.9022730832734193,0.9972180612026535,0.996832630921548,0.9976034914837592,0.5627731725697062,0.5569694212357797,0.5685769239036326,1.2659333333333334,1.2597634156157316,1.2721032510509351,0.26593333333333335,0.25976341561573163,0.2721032510509351,0.9691666666666666,0.9564991864588741,0.9818341468744591,0.7780687740617552,UCI credit default; class 1 = default; false negative is missed default.
uci_default,logreg,none,mondrian_cp,10,0.9013333333333333,0.8979427074761053,0.9047239591905614,0.899700406591055,0.8947684325527873,0.9046323806293227,0.9070836473247927,0.8999556111880793,0.9142116834615062,1.6363833333333333,1.6246976681652843,1.6480689985013823,0.6363833333333333,0.6246976681652843,0.6480689985013823,0.28361666666666674,0.26926925493983395,0.29796407839349953,0.7780687740617552,UCI credit default; class 1 = default; false negative is missed default.
uci_default,logreg,none,raps_cp,10,0.9023833333333332,0.8991582914941941,0.9056083751724723,0.9907768029103359,0.989882782176579,0.9916708236440928,0.5911077618688771,0.5776655653492891,0.6045499583884651,1.3741666666666668,1.358708509141461,1.3896248241918725,0.3742,0.35875091136812415,0.3896490886318758,0.9115,0.881592124956299,0.9414078750437009,0.7780687740617552,UCI credit default; class 1 = default; false negative is missed default.
uci_default,logreg,none,risk_controlled_rejector,10,0.9023833333333332,0.901133195938415,0.9036334707282514,0.9972608602610743,0.9968285774352789,0.9976931430868697,0.5682743029389601,0.5619906656911433,0.5745579401867769,1.2718,1.2653802080876768,1.2782197919123233,0.2718,0.26538020808767676,0.2782197919123232,0.9569666666666666,0.9432396857266203,0.970693647606713,0.7780687740617552,UCI credit default; class 1 = default; false negative is missed default.
uci_default,logreg,sigmoid,aps_cp,10,0.9012833333333333,0.8985165911567645,0.9040500755099021,0.9856837149582709,0.9841113001255628,0.987256129790979,0.6040693293142427,0.5918732363976076,0.6162654222308779,1.3775833333333334,1.3626294156336836,1.3925372510329832,0.3819166666666667,0.36747566392285025,0.3963576694104831,0.88225,0.8560873171751712,0.9084126828248288,0.7710814923650102,UCI credit default; class 1 = default; false negative is missed default.
uci_default,logreg,sigmoid,capacity_limited_mondrian,10,0.8259333333333334,0.822790912437524,0.8290757542291428,0.8991440188315858,0.8939884314635558,0.9042996061996158,0.5681235870384326,0.560906332924967,0.5753408411518981,1.1,1.1,1.1,0.1,0.1,0.1,1.0337166666666664,1.0201906635049462,1.0472426698283865,0.7710814923650102,UCI credit default; class 1 = default; false negative is missed default.
uci_default,logreg,sigmoid,class_conditional_rejector,10,0.99725,0.9955798772869806,0.9989201227130193,0.9999144018831586,0.9998025536771524,1.0000262500891648,0.9878673700075357,0.9803249417789413,0.9954097982361301,1.9692666666666667,1.9513338071603283,1.987199526173005,0.9692666666666667,0.9513338071603282,0.9871995261730052,0.0269,0.010218719763729536,0.04358128023627046,0.7710814923650102,UCI credit default; class 1 = default; false negative is missed default.
uci_default,logreg,sigmoid,class_weighted_threshold,10,0.23689999999999997,0.2280244934514233,0.24577550654857663,0.022105713674299164,0.009644070058989693,0.034567357289608636,0.9932931424265259,0.9893271417783102,0.9972591430747416,1.0,1.0,1.0,0.0,0.0,0.0,0.77645,0.7734147332087892,0.7794852667912108,0.7710814923650102,UCI credit default; class 1 = default; false negative is missed default.
uci_default,logreg,sigmoid,confidence_rejector,10,0.9999,0.9997889546861485,1.0000110453138515,0.9998930023539483,0.99978028372076,1.0000057209871365,0.9999246420497363,0.9997769404672193,1.0000723436322532,1.9996000000000003,1.99920679198481,1.9999932080151905,0.9996,0.9992067919848098,0.9999932080151903,0.00025,-0.00013728335242007032,0.0006372833524200703,0.7710814923650102,UCI credit default; class 1 = default; false negative is missed default.
uci_default,logreg,sigmoid,cost_controlled_mondrian,10,0.9901166666666666,0.9885507475227029,0.9916825858106304,0.9895570297453455,0.9876290670784027,0.9914849924122884,0.992087415222306,0.9908370302338895,0.9933378002107226,1.9462,1.9405543867526838,1.951845613247316,0.9461999999999999,0.9405543867526838,0.9518456132473161,0.02563333333333333,0.022299910253060027,0.028966756413606635,0.7710814923650102,UCI credit default; class 1 = default; false negative is missed default.
uci_default,logreg,sigmoid,cost_tuned_threshold,10,0.23386666666666667,0.22735736939940498,0.24037596393392835,0.017932805478279475,0.008982590010651562,0.026883020945907388,0.994272795779955,0.9920798154933643,0.9964657760665456,1.0,1.0,1.0,0.0,0.0,0.0,0.7775333333333332,0.7747834630692778,0.7802832035973886,0.7710814923650102,UCI credit default; class 1 = default; false negative is missed default.
uci_default,logreg,sigmoid,marginal_cp,10,0.9013833333333332,0.8998189292776677,0.9029477373889987,0.9955274983950353,0.994923071631506,0.9961319251585646,0.5698568198944989,0.5622429024049118,0.5774707373840859,1.26775,1.2609531611378142,1.2745468388621857,0.26775000000000004,0.2609531611378143,0.2745468388621858,0.9548166666666665,0.9381526496491376,0.9714806836841955,0.7710814923650102,UCI credit default; class 1 = default; false negative is missed default.
uci_default,logreg,sigmoid,mondrian_cp,10,0.9005333333333333,0.896986562964479,0.9040801037021876,0.8991440188315858,0.8939884314635558,0.9042996061996158,0.9054257724189902,0.8984482729548724,0.9124032718831081,1.6352333333333333,1.6242046357640791,1.6462620309025875,0.6352333333333333,0.624204635764079,0.6462620309025876,0.2877166666666667,0.2737517738578946,0.30168155947543873,0.7710814923650102,UCI credit default; class 1 = default; false negative is missed default.
uci_default,logreg,sigmoid,raps_cp,10,0.90155,0.8991618554027689,0.903938144597231,0.9878664669377274,0.9863567103500454,0.9893762235254094,0.5975885455915599,0.58629905919347,0.6088780319896498,1.3692333333333333,1.3538643156550605,1.3846023510116061,0.36923333333333336,0.35386431565506055,0.38460235101160617,0.8994500000000001,0.8748395187830796,0.9240604812169205,0.7710814923650102,UCI credit default; class 1 = default; false negative is missed default.
uci_default,logreg,sigmoid,risk_controlled_rejector,10,0.9026500000000001,0.9006502058254059,0.9046497941745942,0.995634496041087,0.9950539887666113,0.9962150033155627,0.5752072343632253,0.5658345502536518,0.5845799184727988,1.2744,1.264560733481116,1.284239266518884,0.2744,0.2645607334811161,0.28423926651888387,0.9429000000000001,0.9222872901919804,0.9635127098080197,0.7710814923650102,UCI credit default; class 1 = default; false negative is missed default.
uci_default,rf,isotonic,aps_cp,10,0.8988166666666665,0.8962725551988857,0.9013607781344473,0.972822597902846,0.9711011708005204,0.9745440250051716,0.6382064807837227,0.6275477194567047,0.6488652421107406,1.3264333333333334,1.3143634334513752,1.3385032332152915,0.3444,0.3320505213505355,0.3567494786494645,0.8054500000000001,0.7802748488562411,0.8306251511437591,0.8209412978674616,UCI credit default; class 1 = default; false negative is missed default.
uci_default,rf,isotonic,capacity_limited_mondrian,10,0.8421000000000001,0.8388701272126875,0.8453298727873126,0.9143804836293601,0.9089604418655945,0.9198005253931256,0.5875659382064807,0.5781339588266112,0.5969979175863502,1.1,1.1,1.1,0.1,0.1,0.1,0.9788499999999999,0.9605309888549263,0.9971690111450735,0.8209412978674616,UCI credit default; class 1 = default; false negative is missed default.
uci_default,rf,isotonic,class_conditional_rejector,10,0.9636333333333335,0.9558568368166446,0.9714098298500223,0.9994436122405308,0.9989197433735563,0.9999674811075053,0.8375282592313489,0.8020571844119864,0.8729993340507114,1.5958833333333335,1.5347069806918225,1.6570596859748445,0.5958833333333333,0.5347069806918222,0.6570596859748444,0.3597666666666667,0.28139428393831956,0.4381390493950138,0.8209412978674616,UCI credit default; class 1 = default; false negative is missed default.
uci_default,rf,isotonic,class_weighted_threshold,10,0.42971666666666664,0.402762144307609,0.4566711890257243,0.28889364433982456,0.2502883890426266,0.3274988996370225,0.9256217030896761,0.909995012162176,0.9412483940171761,1.0,1.0,1.0,0.0,0.0,0.0,0.7183333333333334,0.7040424807639275,0.7326241859027393,0.8209412978674616,UCI credit default; class 1 = default; false negative is missed default.
uci_default,rf,isotonic,confidence_rejector,10,0.9995,0.9992037901978098,0.9997962098021903,0.9997004065910551,0.9994264355576944,0.9999743776244158,0.9987942727957799,0.9978811207108178,0.999707424880742,1.9886499999999998,1.9840027400931326,1.993297259906867,0.98865,0.9840027400931328,0.9932972599068672,0.0029,0.0008656711119655806,0.0049343288880344185,0.8209412978674616,UCI credit default; class 1 = default; false negative is missed default.
uci_default,rf,isotonic,cost_controlled_mondrian,10,0.9944000000000001,0.9932371808628686,0.9955628191371315,0.9936657393537341,0.9920616336892413,0.995269845018227,0.9969856819894499,0.9952380532969292,0.9987333106819707,1.9539833333333334,1.942987339968745,1.9649793266979219,0.9539833333333334,0.942987339968745,0.9649793266979219,0.011600000000000001,0.008005610929500893,0.01519438907049911,0.8209412978674616,UCI credit default; class 1 = default; false negative is missed default.
uci_default,rf,isotonic,cost_tuned_threshold,10,0.4080166666666667,0.3761175946502871,0.4399157386830463,0.2582495185105928,0.21315379418037772,0.3033452428408079,0.9354182366239637,0.9195728097501161,0.9512636634978113,1.0,1.0,1.0,0.0,0.0,0.0,0.7205333333333332,0.7071615472332577,0.7339051194334087,0.8209412978674616,UCI credit default; class 1 = default; false negative is missed default.
uci_default,rf,isotonic,marginal_cp,10,0.9045666666666667,0.9015169223422284,0.9076164109911051,0.9946287181682003,0.9925744586931947,0.9966829776432059,0.5874152223059532,0.5740126657177158,0.6008177788941906,1.2473666666666665,1.2357643217865981,1.258969011546735,0.24736666666666665,0.23576432178659826,0.2589690115467351,0.9166833333333335,0.8873447200130766,0.9460219466535904,0.8209412978674616,UCI credit default; class 1 = default; false negative is missed default.
uci_default,rf,isotonic,mondrian_cp,10,0.9156666666666669,0.9111678289566866,0.9201655043766471,0.9143804836293601,0.9089604418655945,0.9198005253931256,0.9201959306706857,0.905563531147423,0.9348283301939484,1.5814666666666666,1.550216701376019,1.612716631957314,0.5814666666666667,0.5502167013760193,0.6127166319573141,0.24318333333333336,0.21180517342930197,0.27456149323736473,0.8209412978674616,UCI credit default; class 1 = default; false negative is missed default.
uci_default,rf,isotonic,raps_cp,10,0.8994,0.8966366239649459,0.902163376035054,0.9814038091161994,0.9797372497345544,0.9830703684978443,0.6106254709871892,0.5977584673149802,0.6234924746593983,1.2934333333333332,1.279348884919884,1.3075177817467825,0.2936333333333333,0.27956728262538694,0.30769938404127967,0.87525,0.8472959401875148,0.9032040598124852,0.8209412978674616,UCI credit default; class 1 = default; false negative is missed default.
uci_default,rf,isotonic,risk_controlled_rejector,10,0.9077666666666666,0.9004295914462451,0.9151037418870881,0.9946501176974106,0.992598190796744,0.9967020445980772,0.60180859080633,0.5724871914814312,0.6311299901312287,1.2618166666666666,1.232625773220293,1.2910075601130402,0.2618166666666667,0.2326257732202932,0.2910075601130402,0.8848333333333335,0.8192573199755421,0.9504093466911249,0.8209412978674616,UCI credit default; class 1 = default; false negative is missed default.
uci_default,rf,none,aps_cp,10,0.89855,0.8960669274210972,0.9010330725789027,0.9679863043013054,0.9658147849919057,0.9701578236107051,0.6540316503391107,0.6484595169202738,0.6596037837579476,1.3329499999999999,1.3260421091425263,1.3398578908574734,0.35818333333333335,0.35228090266014017,0.36408576400652654,0.7702833333333333,0.7573034260860473,0.7832632405806194,0.811177375913813,UCI credit default; class 1 = default; false negative is missed default.
uci_default,rf,none,capacity_limited_mondrian,10,0.8349,0.8317196987175877,0.8380803012824123,0.8996790070618446,0.8952003627111096,0.9041576514125795,0.6067822155237377,0.5995671448180103,0.613997286229465,1.1,1.1,1.1,0.1,0.1,0.1,0.9478000000000002,0.9329402129586735,0.9626597870413269,0.811177375913813,UCI credit default; class 1 = default; false negative is missed default.
uci_default,rf,none,class_conditional_rejector,10,0.9495666666666667,0.9463889761938955,0.9527443571394378,0.9992082174192168,0.9986050856261383,0.9998113492122954,0.7747550866616428,0.7604307404296877,0.7890794328935979,1.4903833333333334,1.4679385861835594,1.5128280804831074,0.4903833333333334,0.4679385861835595,0.5128280804831074,0.49878333333333325,0.46712436686135134,0.5304422998053151,0.811177375913813,UCI credit default; class 1 = default; false negative is missed default.
uci_default,rf,none,class_weighted_threshold,10,0.4246333333333333,0.4024655879560715,0.4468010787105951,0.2808902204151509,0.2490288031935617,0.3127516376367401,0.9308214016578751,0.9182290777562908,0.9434137255594593,1.0,1.0,1.0,0.0,0.0,0.0,0.7130666666666666,0.7046874278786461,0.7214459054546871,0.811177375913813,UCI credit default; class 1 = default; false negative is missed default.
uci_default,rf,none,confidence_rejector,10,0.9999333333333335,0.9998611046156768,1.00000556205099,1.0,1.0,1.0,0.999698568198945,0.9993719877121781,1.000025148685712,1.9963166666666665,1.9938757818948807,1.9987575514384524,0.9963166666666666,0.9938757818948808,0.9987575514384525,0.0006666666666666668,-5.562050989962029e-05,0.0013889538432329538,0.811177375913813,UCI credit default; class 1 = default; false negative is missed default.
uci_default,rf,none,cost_controlled_mondrian,10,0.9907499999999999,0.9898731232472541,0.9916268767527457,0.990241814680077,0.9886922527447095,0.9917913766154445,0.9925395629238885,0.9900151570221696,0.9950639688256073,1.9169333333333334,1.912368511624376,1.9214981550422907,0.9169333333333334,0.912368511624376,0.9214981550422907,0.024100000000000003,0.019342365438867345,0.02885763456113266,0.811177375913813,UCI credit default; class 1 = default; false negative is missed default.
uci_default,rf,none,cost_tuned_threshold,10,0.4009333333333333,0.3740104944501311,0.4278561722165355,0.24744275625936227,0.2090921094415171,0.2857934030772074,0.9414468726450641,0.9270388375173442,0.955854907772784,1.0,1.0,1.0,0.0,0.0,0.0,0.7156166666666668,0.7040845107837175,0.7271488225496161,0.811177375913813,UCI credit default; class 1 = default; false negative is missed default.
uci_default,rf,none,marginal_cp,10,0.90005,0.8972974362029573,0.9028025637970427,0.989642627862187,0.9882138244878841,0.99107143123649,0.5845516201959307,0.5759053636110817,0.5931978767807796,1.2258333333333336,1.2190615299190664,1.2326051367476007,0.22583333333333333,0.21906152991906608,0.23260513674760058,0.9268999999999998,0.9070573967458592,0.9467426032541405,0.811177375913813,UCI credit default; class 1 = default; false negative is missed default.
uci_default,rf,none,mondrian_cp,10,0.9002833333333333,0.8972352028721092,0.9033314637945574,0.8996790070618446,0.8952003627111096,0.9041576514125795,0.9024114544084402,0.8965974795008873,0.908225429315993,1.5198,1.512728289095904,1.5268717109040961,0.5198,0.512728289095904,0.5268717109040961,0.29396666666666665,0.28246810311494047,0.30546523021839284,0.811177375913813,UCI credit default; class 1 = default; false negative is missed default.
uci_default,rf,none,raps_cp,10,0.8996000000000001,0.8971920040195268,0.9020079959804733,0.980119837363578,0.9781660421635376,0.9820736325636183,0.6160512434061793,0.6099127858547553,0.6221897009576034,1.2885166666666668,1.2796516865736614,1.2973816467596722,0.28878333333333334,0.2800049639552386,0.29756170271142807,0.8645166666666666,0.850314495472892,0.8787188378604412,0.811177375913813,UCI credit default; class 1 = default; false negative is missed default.
uci_default,rf,none,risk_controlled_rejector,10,0.9008333333333333,0.8982606965056964,0.9034059701609701,0.9899636208003425,0.9885845926318582,0.9913426489688268,0.5869630746043708,0.5790321429595249,0.5948940062492167,1.2291166666666666,1.2220850997443715,1.2361482335889618,0.22911666666666664,0.22208509974437143,0.23614823358896184,0.9213166666666666,0.9030763996540552,0.939556933679278,0.811177375913813,UCI credit default; class 1 = default; false negative is missed default.
uci_default,rf,sigmoid,aps_cp,10,0.8990333333333334,0.8969559798888436,0.9011106867778231,0.9794992510164777,0.9776226660959155,0.9813758359370399,0.6156744536548606,0.6091502704253171,0.6221986368844041,1.3051333333333335,1.2955379050597708,1.3147287616068961,0.31246666666666667,0.30332015555687836,0.321613177776455,0.8598999999999999,0.8448495859143959,0.8749504140856039,0.806055960137984,UCI credit default; class 1 = default; false negative is missed default.
uci_default,rf,sigmoid,capacity_limited_mondrian,10,0.8347666666666667,0.8313087971734529,0.8382245361598805,0.8990584207147444,0.8936612920405141,0.9044555493889747,0.6083647324792765,0.6006362707952319,0.6160931941633211,1.1,1.1,1.1,0.1,0.1,0.1,0.9447833333333333,0.9298336343958634,0.9597330322708032,0.806055960137984,UCI credit default; class 1 = default; false negative is missed default.
uci_default,rf,sigmoid,class_conditional_rejector,10,0.9501,0.9464970445327806,0.9537029554672193,0.9991440188315858,0.9987063434959513,0.9995816941672202,0.7773926149208742,0.7609715169575694,0.793813712884179,1.4977833333333335,1.473739786398965,1.521826880267702,0.49778333333333347,0.47373978639896486,0.5218268802677021,0.493,0.4567251575255907,0.5292748424744093,0.806055960137984,UCI credit default; class 1 = default; false negative is missed default.
uci_default,rf,sigmoid,class_weighted_threshold,10,0.42671666666666674,0.4033278985687997,0.4501054347645338,0.2842713460303873,0.250968718775974,0.3175739732848006,0.928334589299171,0.9153729864531424,0.9412961921451997,1.0,1.0,1.0,0.0,0.0,0.0,0.7159333333333333,0.7034711724442784,0.7283954942223883,0.806055960137984,UCI credit default; class 1 = default; false negative is missed default.
uci_default,rf,sigmoid,confidence_rejector,10,0.9999833333333333,0.9999506666666667,1.000016,1.0,1.0,1.0,0.9999246420497363,0.9997769404672193,1.0000723436322532,1.9988166666666665,1.9974346354365606,2.000198697896772,0.9988166666666667,0.997434635436561,1.0001986978967725,0.0001666666666666667,-0.00015999999999999999,0.0004933333333333334,0.806055960137984,UCI credit default; class 1 = default; false negative is missed default.
uci_default,rf,sigmoid,cost_controlled_mondrian,10,0.99035,0.989777012636685,0.9909229873633149,0.9898994222127115,0.9888572963977169,0.9909415480277062,0.9919366993217785,0.989544419994777,0.99432897864878,1.9184166666666662,1.912550748343183,1.9242825849901495,0.9184166666666667,0.9125507483431833,0.92428258499015,0.0257,0.020951445568893078,0.030448554431106924,0.806055960137984,UCI credit default; class 1 = default; false negative is missed default.
uci_default,rf,sigmoid,cost_tuned_threshold,10,0.39733333333333337,0.3783757183611883,0.41629094830547847,0.24260646265782154,0.21577396016882786,0.26943896514681526,0.9422004521477015,0.9319862353799304,0.9524146689154727,1.0,1.0,1.0,0.0,0.0,0.0,0.7177166666666667,0.706641852974284,0.7287914803590494,0.806055960137984,UCI credit default; class 1 = default; false negative is missed default.
uci_default,rf,sigmoid,marginal_cp,10,0.9000999999999999,0.8982245805209973,0.9019754194790025,0.992766959126899,0.9916611315765962,0.9938727866772019,0.573775433308214,0.5672023902002862,0.5803484764161418,1.2272500000000002,1.2214505548796715,1.2330494451203289,0.22725,0.22145055487967136,0.23304944512032866,0.9483,0.9335115579064069,0.9630884420935931,0.806055960137984,UCI credit default; class 1 = default; false negative is missed default.
uci_default,rf,sigmoid,mondrian_cp,10,0.8995333333333335,0.8960154300857641,0.9030512365809029,0.8990584207147444,0.8936612920405141,0.9044555493889747,0.9012057272042199,0.8939282697335468,0.908483184674893,1.5218000000000003,1.5138212154271935,1.529778784572807,0.5218,0.5138212154271933,0.5297787845728068,0.29711666666666664,0.28304941482523116,0.3111839185081021,0.806055960137984,UCI credit default; class 1 = default; false negative is missed default.
uci_default,rf,sigmoid,raps_cp,10,0.8988666666666665,0.8964702203676234,0.9012631129657096,0.9832013695698695,0.9818001247950057,0.9846026143447333,0.6018839487565938,0.5931069169347892,0.6106609805783983,1.2873499999999998,1.2754893605631121,1.2992106394368874,0.28735,0.27548936056311246,0.2992106394368875,0.8935833333333335,0.8739402938599453,0.9132263728067217,0.806055960137984,UCI credit default; class 1 = default; false negative is missed default.
uci_default,rf,sigmoid,risk_controlled_rejector,10,0.9008666666666667,0.898947131280495,0.9027862020528384,0.9929595548897925,0.9918994833134733,0.9940196264661116,0.576563677467973,0.569722296344066,0.58340505859188,1.2303833333333334,1.223470638191534,1.2372960284751329,0.23038333333333333,0.22347063819153395,0.2372960284751327,0.9419833333333333,0.9265963315573432,0.9573703351093233,0.806055960137984,UCI credit default; class 1 = default; false negative is missed default.
