dataset,model,probability_calibration,defer_cost,n_seeds,mondrian_cost,mondrian_abstain,threshold_cost,cost_diff,cost_diff_ci_lo,cost_diff_ci_hi,p_mondrian_cheaper,mondrian_wins
adult,ada,isotonic,0.0,10,0.22748490121813902,0.2681134200020473,0.40986794963660567,-0.1823830484184666,-0.20703429235219498,-0.1577318044847382,1.0,True
adult,ada,isotonic,0.5,10,0.3615416112191626,0.2681134200020473,0.40986794963660567,-0.04832633841744293,-0.06527212867567767,-0.031380548159208196,0.9186000000000002,True
adult,ada,isotonic,1.0,10,0.4955983212201863,0.2681134200020473,0.40986794963660567,0.08573037158358073,0.07408525249865729,0.09737549066850416,0.0,False
adult,ada,isotonic,2.0,10,0.7637117412222336,0.2681134200020473,0.40986794963660567,0.35384379158562795,0.33542027906373995,0.37226730410751596,0.0,False
adult,ada,none,0.0,10,0.2841744293172279,0.21806735592179344,0.4054867437813492,-0.1213123144641212,-0.13672290386104263,-0.10590172506719978,1.0,True
adult,ada,none,0.5,10,0.39320810727812466,0.21806735592179344,0.4054867437813492,-0.012278636503224485,-0.022918596152042267,-0.0016386768544067055,0.7522,True
adult,ada,none,1.0,10,0.5022417852390213,0.21806735592179344,0.4054867437813492,0.09675504145767223,0.08931327737696382,0.10419680553838065,0.0,False
adult,ada,none,2.0,10,0.7203091411608148,0.21806735592179344,0.4054867437813492,0.31482239737946566,0.30302968853665563,0.3266151062222757,0.0,False
adult,ada,sigmoid,0.0,10,0.293325826594329,0.21450506704882794,0.4071859965196028,-0.11386016992527384,-0.13018300630670143,-0.09753733354384625,1.0,True
adult,ada,sigmoid,0.5,10,0.400578360118743,0.21450506704882794,0.4071859965196028,-0.006607636400859862,-0.018615298644630688,0.005400025842910965,0.6088,True
adult,ada,sigmoid,1.0,10,0.507830893643157,0.21450506704882794,0.4071859965196028,0.10064489712355411,0.09146902982877927,0.10982076441832894,0.0,False
adult,ada,sigmoid,2.0,10,0.7223359606919848,0.21450506704882794,0.4071859965196028,0.31514996417238206,0.30286124634713096,0.32743868199763315,0.0,False
adult,et,isotonic,0.0,10,0.2648275156106049,0.20260006141877365,0.38605793837649705,-0.12123042276589213,-0.1379687213053059,-0.10449212422647837,1.0,True
adult,et,isotonic,0.5,10,0.36612754631999184,0.20260006141877365,0.38605793837649705,-0.01993039205650527,-0.03223311465789771,-0.007627669455112831,0.8036,True
adult,et,isotonic,1.0,10,0.46742757702937865,0.20260006141877365,0.38605793837649705,0.08136963865288156,0.07194543426723853,0.0907938430385246,0.0,False
adult,et,isotonic,2.0,10,0.6700276384481523,0.20260006141877365,0.38605793837649705,0.2839697000716553,0.2712201974718138,0.29671920267149676,0.0,False
adult,et,none,0.0,10,0.30162759750230317,0.16885044528610912,0.3868256730473948,-0.08519807554509162,-0.09742713986275356,-0.07296901122742969,1.0,True
adult,et,none,0.5,10,0.3860528201453578,0.16885044528610912,0.3868256730473948,-0.0007728529020370553,-0.01034232291882701,0.0087966171147529,0.5447,True
adult,et,none,1.0,10,0.47047804278841243,0.16885044528610912,0.3868256730473948,0.0836523697410175,0.07650861118337754,0.09079612829865746,0.0,False
adult,et,none,2.0,10,0.6393284880745215,0.16885044528610912,0.3868256730473948,0.2525028150271266,0.24778564330906022,0.25721998674519303,0.0,False
adult,et,sigmoid,0.0,10,0.3004811137270959,0.1700174019858737,0.3861091206878903,-0.08562800696079435,-0.09748803485908686,-0.07376797906250185,1.0,True
adult,et,sigmoid,0.5,10,0.3854898147200328,0.1700174019858737,0.3861091206878903,-0.0006193059678575089,-0.010227654154829883,0.008989042219114866,0.5429999999999999,True
adult,et,sigmoid,1.0,10,0.4704985157129696,0.1700174019858737,0.3861091206878903,0.08438939502507933,0.07654847201073217,0.0922303180394265,0.0,False
adult,et,sigmoid,2.0,10,0.6405159176988432,0.1700174019858737,0.3861091206878903,0.25440679701095303,0.24717503453631512,0.26163855948559095,0.0,False
adult,gb,isotonic,0.0,10,0.2749820861910124,0.17413245982188558,0.37313952298085784,-0.09815743678984543,-0.1145100970814733,-0.08180477649821755,1.0,True
adult,gb,isotonic,0.5,10,0.36204831610195515,0.17413245982188558,0.37313952298085784,-0.01109120687890265,-0.021533133765781635,-0.0006492799920236637,0.6873,True
adult,gb,isotonic,1.0,10,0.44911454601289796,0.17413245982188558,0.37313952298085784,0.07597502303204014,0.06971915266367024,0.08223089340041004,0.0,False
adult,gb,isotonic,2.0,10,0.6232470058347834,0.17413245982188558,0.37313952298085784,0.2501074828539257,0.23727107824251556,0.2629438874653358,0.0,False
adult,gb,none,0.0,10,0.30592691165933056,0.1434742552973692,0.36902446514484594,-0.0630975534855154,-0.07172786066294934,-0.05446724630808147,1.0,True
adult,gb,none,0.5,10,0.3776640393080152,0.1434742552973692,0.36902446514484594,0.008639574163169208,0.001351323924299581,0.015927824402038833,0.29419999999999996,False
adult,gb,none,1.0,10,0.4494011669566998,0.1434742552973692,0.36902446514484594,0.08037670181185383,0.07380329737486796,0.0869501062488397,0.0,False
adult,gb,none,2.0,10,0.5928754222540691,0.1434742552973692,0.36902446514484594,0.22385095710922304,0.21625123679011582,0.23145067742833025,0.0,False
adult,gb,sigmoid,0.0,10,0.29942675811239633,0.14674992322653294,0.37294503019756375,-0.07351827208516735,-0.0834679353086448,-0.06356860886168991,1.0,True
adult,gb,sigmoid,0.5,10,0.3728017197256628,0.14674992322653294,0.37294503019756375,-0.00014331047190091066,-0.008847155624115274,0.008560534680313451,0.5073,True
adult,gb,sigmoid,1.0,10,0.4461766813389293,0.14674992322653294,0.37294503019756375,0.07323165114136555,0.06500725051545787,0.08145605176727323,0.0,False
adult,gb,sigmoid,2.0,10,0.5929266045654622,0.14674992322653294,0.37294503019756375,0.21998157436789847,0.2101440632373005,0.22981908549849644,0.0,False
adult,gnb,isotonic,0.0,10,0.26433616542123045,0.359873067867745,0.5268604770191422,-0.2625243115979118,-0.2805268601867507,-0.24452176300907286,1.0,True
adult,gnb,isotonic,0.5,10,0.44427269935510283,0.359873067867745,0.5268604770191422,-0.08258777766403931,-0.09398315915777582,-0.0711923961703028,1.0,True
adult,gnb,isotonic,1.0,10,0.6242092332889754,0.359873067867745,0.5268604770191422,0.09734875626983315,0.08859480853581356,0.10610270400385274,0.0,False
adult,gnb,isotonic,2.0,10,0.9840823011567202,0.359873067867745,0.5268604770191422,0.457221824137578,0.4373918690806985,0.4770517791944575,0.0,False
adult,gnb,none,0.0,10,0.311659330535367,0.3108608864776333,0.5362984952400451,-0.22463916470467807,-0.23432950495729393,-0.2149488244520622,1.0,True
adult,gnb,none,0.5,10,0.4670897737741836,0.3108608864776333,0.5362984952400451,-0.0692087214658614,-0.0764678555189699,-0.06194958741275292,1.0,True
adult,gnb,none,1.0,10,0.6225202170130004,0.3108608864776333,0.5362984952400451,0.08622172177295526,0.08083048679181637,0.09161295675409414,0.0,False
adult,gnb,none,2.0,10,0.9333811034906336,0.3108608864776333,0.5362984952400451,0.3970826082505886,0.3912055041373759,0.4029597123638013,0.0,False
adult,gnb,sigmoid,0.0,10,0.31155696591258064,0.31113727095915655,0.5420616235029174,-0.2305046575903368,-0.24085436414343553,-0.2201549510372381,1.0,True
adult,gnb,sigmoid,0.5,10,0.46712560139215886,0.31113727095915655,0.5420616235029174,-0.07493602211075852,-0.08495464345990368,-0.06491740076161336,1.0,True
adult,gnb,sigmoid,1.0,10,0.6226942368717372,0.31113727095915655,0.5420616235029174,0.08063261336881973,0.07027619975422289,0.09098902698341657,0.0,False
adult,gnb,sigmoid,2.0,10,0.9338315078308936,0.31113727095915655,0.5420616235029174,0.39176988432797627,0.37904593427129085,0.4044938343846617,0.0,False
adult,hgb,isotonic,0.0,10,0.25130514894052614,0.17811444364827517,0.3558194288054049,-0.10451427986487871,-0.12035922497326652,-0.0886693347564909,1.0,True
adult,hgb,isotonic,0.5,10,0.3403623707646638,0.17811444364827517,0.3558194288054049,-0.01545705804074112,-0.02645679727454038,-0.004457318806941859,0.7908999999999999,True
adult,hgb,isotonic,1.0,10,0.42941959258880136,0.17811444364827517,0.3558194288054049,0.07360016378339647,0.06646547689160844,0.0807348506751845,0.0,False
adult,hgb,isotonic,2.0,10,0.6075340362370765,0.17811444364827517,0.3558194288054049,0.25171460743167157,0.24219330011419052,0.2612359147491526,0.0,False
adult,hgb,none,0.0,10,0.30205752891800597,0.1315794861295936,0.35095710922305245,-0.048899580305046576,-0.058937689264853,-0.03886147134524015,0.9945,True
adult,hgb,none,0.5,10,0.3678472719828027,0.1315794861295936,0.35095710922305245,0.01689016275975023,0.008709080989348987,0.025071244530151478,0.1658,False
adult,hgb,none,1.0,10,0.43363701504759955,0.1315794861295936,0.35095710922305245,0.08267990582454704,0.07570716257096174,0.08965264907813233,0.0,False
adult,hgb,none,2.0,10,0.5652165011771932,0.1315794861295936,0.35095710922305245,0.21425939195414068,0.2066066150805202,0.22191216882776116,0.0,False
adult,hgb,sigmoid,0.0,10,0.297492066741734,0.13621660354181594,0.35395639267069295,-0.05646432592895896,-0.0681877250340856,-0.04474092682383232,0.9983000000000001,True
adult,hgb,sigmoid,0.5,10,0.365600368512642,0.13621660354181594,0.35395639267069295,0.011643975841949022,0.002172673298219645,0.0211152783856784,0.25939999999999996,False
adult,hgb,sigmoid,1.0,10,0.43370867028355004,0.13621660354181594,0.35395639267069295,0.079752277612857,0.07171155450263696,0.08779300072307704,0.0,False
adult,hgb,sigmoid,2.0,10,0.5699252738253658,0.13621660354181594,0.35395639267069295,0.21596888115467294,0.2068810291781729,0.225056733131173,0.0,False
adult,logreg,isotonic,0.0,10,0.2791790357252533,0.3565871634763026,0.5433411812877469,-0.2641621455624936,-0.2899712505335941,-0.23835304059139312,1.0,True
adult,logreg,isotonic,0.5,10,0.4574726174634047,0.3565871634763026,0.5433411812877469,-0.0858685638243423,-0.0986332322761849,-0.0731038953724997,1.0,True
adult,logreg,isotonic,1.0,10,0.635766199201556,0.3565871634763026,0.5433411812877469,0.092425017913809,0.08576457503209403,0.09908546079552397,0.0,False
adult,logreg,isotonic,2.0,10,0.9923533626778586,0.3565871634763026,0.5433411812877469,0.44901218139011156,0.41801210705104497,0.48001225572917816,0.0,False
adult,logreg,none,0.0,10,0.3159074623810011,0.3145153035111065,0.5414576722284778,-0.22555020984747673,-0.23587787020809553,-0.21522254948685793,1.0,True
adult,logreg,none,0.5,10,0.47316511413655443,0.3145153035111065,0.5414576722284778,-0.06829255809192344,-0.07512517646032445,-0.06145993972352244,1.0,True
adult,logreg,none,1.0,10,0.6304227658921077,0.3145153035111065,0.5414576722284778,0.08896509366362984,0.08415316505289436,0.09377702227436532,0.0,False
adult,logreg,none,2.0,10,0.9449380694032141,0.3145153035111065,0.5414576722284778,0.40348039717473644,0.3942374400096246,0.4127233543398483,0.0,False
adult,logreg,sigmoid,0.0,10,0.31588698945644383,0.31490428907769474,0.5430033780325519,-0.2271163885761081,-0.23874924126011093,-0.21548353589210528,1.0,True
adult,logreg,sigmoid,0.5,10,0.4733391339952912,0.31490428907769474,0.5430033780325519,-0.06966424403726071,-0.07758536788840659,-0.06174312018611484,1.0,True
adult,logreg,sigmoid,1.0,10,0.6307912785341386,0.31490428907769474,0.5430033780325519,0.08778790050158666,0.08270056436085728,0.09287523664231605,0.0,False
adult,logreg,sigmoid,2.0,10,0.9456955676118334,0.31490428907769474,0.5430033780325519,0.4026921895792814,0.3949914042794416,0.41039297487912113,0.0,False
adult,rf,isotonic,0.0,10,0.2730781042071859,0.19114546012897943,0.38808475790766717,-0.1150066537004811,-0.12374629634590616,-0.10626701105505605,1.0,True
adult,rf,isotonic,0.5,10,0.36865083427167566,0.19114546012897943,0.38808475790766717,-0.019433923635991397,-0.026528092908526833,-0.01233975436345596,0.8913,True
adult,rf,isotonic,1.0,10,0.4642235643361654,0.19114546012897943,0.38808475790766717,0.07613880642849831,0.0689144849972075,0.08336312785978912,0.0,False
adult,rf,isotonic,2.0,10,0.6553690244651448,0.19114546012897943,0.38808475790766717,0.2672842665574778,0.255466014562121,0.2791025185528346,0.0,False
adult,rf,none,0.0,10,0.3035111065615723,0.16427474664755862,0.38514689323369844,-0.08163578667212612,-0.09359649407284892,-0.06967507927140332,1.0,True
adult,rf,none,0.5,10,0.3856484798853516,0.16427474664755862,0.38514689323369844,0.0005015866516531883,-0.009251413500478428,0.010254586803784804,0.44620000000000004,False
adult,rf,none,1.0,10,0.46778585320913085,0.16427474664755862,0.38514689323369844,0.0826389599754325,0.07445824451033434,0.09081967544053066,0.0,False
adult,rf,none,2.0,10,0.6320605998566895,0.16427474664755862,0.38514689323369844,0.24691370662299109,0.23856193423848146,0.25526547900750074,0.0,False
adult,rf,sigmoid,0.0,10,0.3004708772648173,0.166178728631385,0.3865799979527076,-0.08610912068789027,-0.09626883587503876,-0.07594940550074178,1.0,True
adult,rf,sigmoid,0.5,10,0.3835602415805098,0.166178728631385,0.3865799979527076,-0.0030197563721977684,-0.01116913575547928,0.005129623011083742,0.5604000000000001,True
adult,rf,sigmoid,1.0,10,0.46664960589620225,0.166178728631385,0.3865799979527076,0.08006960794349473,0.07346328540844158,0.08667593047854788,0.0,False
adult,rf,sigmoid,2.0,10,0.6328283345275871,0.166178728631385,0.3865799979527076,0.2462483365748797,0.23990630629951806,0.2525903668502414,0.0,False
aps_failure,ada,isotonic,0.0,10,0.03999342105263158,0.0505328947368421,0.04790131578947369,-0.007907894736842105,-0.014130436276047823,-0.0016853531976363878,0.7720999999999999,True
aps_failure,ada,isotonic,0.5,10,0.06525986842105264,0.0505328947368421,0.04790131578947369,0.017358552631578948,0.012379539698011845,0.02233756556514605,0.0089,False
aps_failure,ada,isotonic,1.0,10,0.0905263157894737,0.0505328947368421,0.04790131578947369,0.042625,0.03458846567980605,0.050661534320193956,0.0,False
aps_failure,ada,isotonic,2.0,10,0.1410592105263158,0.0505328947368421,0.04790131578947369,0.0931578947368421,0.0756836046351434,0.11063218483854081,0.0,False
aps_failure,ada,none,0.0,10,0.03218421052631579,0.07146052631578947,0.04791447368421053,-0.01573026315789474,-0.019139422295865367,-0.012321104019924114,0.9955,True
aps_failure,ada,none,0.5,10,0.06791447368421052,0.07146052631578947,0.04791447368421053,0.019999999999999997,0.01770005700821383,0.022299942991786163,0.0,False
aps_failure,ada,none,1.0,10,0.10364473684210526,0.07146052631578947,0.04791447368421053,0.055730263157894734,0.05367208559809782,0.057788440717691646,0.0,False
aps_failure,ada,none,2.0,10,0.1751052631578947,0.07146052631578947,0.04791447368421053,0.12719078947368423,0.12295218532063987,0.1314293936267286,0.0,False
aps_failure,ada,sigmoid,0.0,10,0.03304605263157895,0.06961842105263158,0.04863815789473684,-0.015592105263157893,-0.02056378397947025,-0.010620426546845535,0.9587,True
aps_failure,ada,sigmoid,0.5,10,0.06785526315789472,0.06961842105263158,0.04863815789473684,0.01921710526315789,0.015512927667039045,0.022921282859276734,0.0012000000000000001,False
aps_failure,ada,sigmoid,1.0,10,0.10266447368421053,0.06961842105263158,0.04863815789473684,0.05402631578947368,0.05023767133016803,0.05781496024877933,0.0,False
aps_failure,ada,sigmoid,2.0,10,0.1722828947368421,0.06961842105263158,0.04863815789473684,0.12364473684210528,0.11653781940202242,0.13075165428218813,0.0,False
aps_failure,et,isotonic,0.0,10,0.019486842105263157,0.04581578947368421,0.031697368421052634,-0.012210526315789474,-0.015900674688666967,-0.00852037794291198,0.9773999999999999,True
aps_failure,et,isotonic,0.5,10,0.04239473684210526,0.04581578947368421,0.031697368421052634,0.01069736842105263,0.006267132241635438,0.015127604600469823,0.0531,False
aps_failure,et,isotonic,1.0,10,0.06530263157894736,0.04581578947368421,0.031697368421052634,0.033605263157894735,0.024578009990193588,0.04263251632559588,0.0,False
aps_failure,et,isotonic,2.0,10,0.11111842105263159,0.04581578947368421,0.031697368421052634,0.07942105263157895,0.060113451985179686,0.09872865327797821,0.0,False
aps_failure,et,none,0.0,10,0.014519736842105262,0.08726973684210526,0.029671052631578952,-0.015151315789473685,-0.01848554944097179,-0.011817082137975578,0.9999,True
aps_failure,et,none,0.5,10,0.058154605263157896,0.08726973684210526,0.029671052631578952,0.028483552631578944,0.026082443792863903,0.030884661470293985,0.0,False
aps_failure,et,none,1.0,10,0.10178947368421051,0.08726973684210526,0.029671052631578952,0.07211842105263158,0.06975244864070751,0.07448439346455565,0.0,False
aps_failure,et,none,2.0,10,0.18905921052631577,0.08726973684210526,0.029671052631578952,0.15938815789473687,0.15482573467791247,0.16395058111156127,0.0,False
aps_failure,et,sigmoid,0.0,10,0.015493421052631578,0.08559210526315789,0.03192105263157895,-0.016427631578947367,-0.01929936471290579,-0.013555898444988944,1.0,True
aps_failure,et,sigmoid,0.5,10,0.05828947368421052,0.08559210526315789,0.03192105263157895,0.026368421052631576,0.024710997256621212,0.02802584484864194,0.0,False
aps_failure,et,sigmoid,1.0,10,0.10108552631578949,0.08559210526315789,0.03192105263157895,0.06916447368421053,0.0671957035815465,0.07113324378687455,0.0,False
aps_failure,et,sigmoid,2.0,10,0.18667763157894737,0.08559210526315789,0.03192105263157895,0.15475657894736844,0.1496555536813817,0.15985760421335518,0.0,False
aps_failure,gb,isotonic,0.0,10,0.026822368421052633,0.05132236842105263,0.036901315789473685,-0.010078947368421054,-0.014150808630759851,-0.006007086106082257,0.9061999999999999,True
aps_failure,gb,isotonic,0.5,10,0.052483552631578945,0.05132236842105263,0.036901315789473685,0.01558223684210526,0.010172121210399199,0.020992352473811322,0.024399999999999998,False
aps_failure,gb,isotonic,1.0,10,0.07814473684210525,0.05132236842105263,0.036901315789473685,0.04124342105263158,0.03237114137729295,0.05011570072797021,0.0,False
aps_failure,gb,isotonic,2.0,10,0.12946710526315788,0.05132236842105263,0.036901315789473685,0.09256578947368421,0.07559848464774545,0.10953309429962298,0.0,False
aps_failure,gb,none,0.0,10,0.020611842105263158,0.07833552631578948,0.037125000000000005,-0.01651315789473684,-0.020990188737920946,-0.012036127051552735,0.9951000000000001,True
aps_failure,gb,none,0.5,10,0.0597796052631579,0.07833552631578948,0.037125000000000005,0.022654605263157896,0.01896455389347749,0.026344656632838304,0.0,False
aps_failure,gb,none,1.0,10,0.09894736842105263,0.07833552631578948,0.037125000000000005,0.06182236842105263,0.05708590262947035,0.06655883421263492,0.0,False
aps_failure,gb,none,2.0,10,0.1772828947368421,0.07833552631578948,0.037125000000000005,0.14015789473684212,0.13089483736929883,0.1494209521043854,0.0,False
aps_failure,gb,sigmoid,0.0,10,0.021625000000000002,0.08022368421052632,0.03785526315789474,-0.016230263157894734,-0.020047872384187853,-0.012412653931601613,0.9813000000000001,True
aps_failure,gb,sigmoid,0.5,10,0.06173684210526316,0.08022368421052632,0.03785526315789474,0.02388157894736842,0.02076416537976261,0.02699899251497423,0.0,False
aps_failure,gb,sigmoid,1.0,10,0.10184868421052631,0.08022368421052632,0.03785526315789474,0.06399342105263159,0.061015816250866585,0.06697102585439658,0.0,False
aps_failure,gb,sigmoid,2.0,10,0.18207236842105265,0.08022368421052632,0.03785526315789474,0.1442171052631579,0.13983839952572166,0.14859581100059413,0.0,False
aps_failure,gnb,isotonic,0.0,10,0.04580263157894737,0.3824407894736842,0.055717105263157894,-0.009914473684210525,-0.016073097735713932,-0.003755849632707119,0.9086000000000001,True
aps_failure,gnb,isotonic,0.5,10,0.23702302631578948,0.3824407894736842,0.055717105263157894,0.18130592105263157,0.03606140535227911,0.326550436752984,0.33419999999999994,False
aps_failure,gnb,isotonic,1.0,10,0.42824342105263147,0.3824407894736842,0.055717105263157894,0.3725263157894737,0.07604603816775424,0.6690065934111932,0.1186,False
aps_failure,gnb,isotonic,2.0,10,0.8106842105263159,0.3824407894736842,0.055717105263157894,0.7549671052631579,0.1560102108756778,1.353923999650638,0.033600000000000005,False
aps_failure,gnb,none,0.0,10,0.0506578947368421,0.1918421052631579,0.05608552631578948,-0.005427631578947369,-0.010196989781300979,-0.0006582733765937597,0.8333,True
aps_failure,gnb,none,0.5,10,0.14657894736842106,0.1918421052631579,0.05608552631578948,0.09049342105263158,-0.028269492764478238,0.2092563348697414,0.396,False
aps_failure,gnb,none,1.0,10,0.2425,0.1918421052631579,0.05608552631578948,0.18641447368421052,-0.0557824157272227,0.42861136309564374,0.21539999999999998,False
aps_failure,gnb,none,2.0,10,0.43434210526315786,0.1918421052631579,0.05608552631578948,0.3782565789473684,-0.11081110776868236,0.8673242656634192,0.0676,False
aps_failure,gnb,sigmoid,0.0,10,0.04971052631578948,0.1931578947368421,0.05553947368421053,-0.0058289473684210525,-0.009999317821979563,-0.0016585769148625418,0.8949,True
aps_failure,gnb,sigmoid,0.5,10,0.14628947368421055,0.1931578947368421,0.05553947368421053,0.09075,-0.028417252272708957,0.20991725227270897,0.4363,False
aps_failure,gnb,sigmoid,1.0,10,0.2428684210526316,0.1931578947368421,0.05553947368421053,0.18732894736842104,-0.0549986561953045,0.4296565509321466,0.10940000000000001,False
aps_failure,gnb,sigmoid,2.0,10,0.4360263157894737,0.1931578947368421,0.05553947368421053,0.3804868421052631,-0.10816590632553086,0.869139590536057,0.0179,False
aps_failure,hgb,isotonic,0.0,10,0.01967763157894737,0.05558552631578947,0.032157894736842114,-0.012480263157894737,-0.01579409902649935,-0.009166427289290126,0.9818,True
aps_failure,hgb,isotonic,0.5,10,0.0474703947368421,0.05558552631578947,0.032157894736842114,0.015312500000000001,0.010930025444736556,0.019694974555263447,0.0015,False
aps_failure,hgb,isotonic,1.0,10,0.07526315789473684,0.05558552631578947,0.032157894736842114,0.043105263157894744,0.03660988158251462,0.04960064473327487,0.0,False
aps_failure,hgb,isotonic,2.0,10,0.1308486842105263,0.05558552631578947,0.032157894736842114,0.09869078947368422,0.08718271624092172,0.11019886270644672,0.0,False
aps_failure,hgb,none,0.0,10,0.015210526315789476,0.0877171052631579,0.030822368421052633,-0.015611842105263157,-0.017328134323880386,-0.013895549886645925,1.0,True
aps_failure,hgb,none,0.5,10,0.059069078947368424,0.0877171052631579,0.030822368421052633,0.028246710526315787,0.02706254385964912,0.029430877192982454,0.0,False
aps_failure,hgb,none,1.0,10,0.10292763157894738,0.0877171052631579,0.030822368421052633,0.07210526315789474,0.06978508626007408,0.0744254400557154,0.0,False
aps_failure,hgb,none,2.0,10,0.19064473684210526,0.0877171052631579,0.030822368421052633,0.15982236842105263,0.15435260641465906,0.1652921304274462,0.0,False
aps_failure,hgb,sigmoid,0.0,10,0.01544078947368421,0.08781578947368421,0.03214473684210527,-0.01670394736842105,-0.019623177700637588,-0.013784717036204512,0.9999,True
aps_failure,hgb,sigmoid,0.5,10,0.05934868421052632,0.08781578947368421,0.03214473684210527,0.027203947368421057,0.024025845953879976,0.030382048782962138,0.0,False
aps_failure,hgb,sigmoid,1.0,10,0.10325657894736842,0.08781578947368421,0.03214473684210527,0.07111184210526317,0.06672407432755446,0.07549960988297187,0.0,False
aps_failure,hgb,sigmoid,2.0,10,0.19107236842105263,0.08781578947368421,0.03214473684210527,0.15892763157894738,0.15116373276357584,0.16669153039431892,0.0,False
aps_failure,logreg,isotonic,0.0,10,0.05195394736842105,0.030394736842105263,0.04244078947368421,0.009513157894736843,-0.0029437808133082662,0.02197009660278195,0.38920000000000005,False
aps_failure,logreg,isotonic,0.5,10,0.06715131578947368,0.030394736842105263,0.04244078947368421,0.024710526315789474,0.018299431101737183,0.031121621529841766,0.0014,False
aps_failure,logreg,isotonic,1.0,10,0.08234868421052631,0.030394736842105263,0.04244078947368421,0.0399078947368421,0.03092644953948219,0.04888933993420201,0.0,False
aps_failure,logreg,isotonic,2.0,10,0.11274342105263158,0.030394736842105263,0.04244078947368421,0.07030263157894737,0.04538863996423616,0.09521662319365858,0.0,False
aps_failure,logreg,none,0.0,10,0.03680263157894737,0.07143421052631578,0.040848684210526315,-0.004046052631578948,-0.0086661868375911,0.0005740815744332056,0.5939,True
aps_failure,logreg,none,0.5,10,0.07251973684210528,0.07143421052631578,0.040848684210526315,0.03167105263157895,0.029150986426180026,0.03419111883697787,0.0,False
aps_failure,logreg,none,1.0,10,0.10823684210526316,0.07143421052631578,0.040848684210526315,0.06738815789473684,0.06545604509464768,0.069320270694826,0.0,False
aps_failure,logreg,none,2.0,10,0.17967105263157895,0.07143421052631578,0.040848684210526315,0.13882236842105264,0.13285333080670045,0.14479140603540483,0.0,False
aps_failure,logreg,sigmoid,0.0,10,0.042236842105263156,0.06616447368421052,0.041328947368421055,0.0009078947368421051,-0.00672774957054412,0.00854353904422833,0.4725999999999999,False
aps_failure,logreg,sigmoid,0.5,10,0.07531907894736842,0.06616447368421052,0.041328947368421055,0.03399013157894737,0.029680510130525112,0.038299753027369626,0.0,False
aps_failure,logreg,sigmoid,1.0,10,0.10840131578947368,0.06616447368421052,0.041328947368421055,0.06707236842105264,0.06427353714950174,0.06987119969260355,0.0,False
aps_failure,logreg,sigmoid,2.0,10,0.1745657894736842,0.06616447368421052,0.041328947368421055,0.13323684210526315,0.1246737098128822,0.1417999743976441,0.0,False
aps_failure,rf,isotonic,0.0,10,0.018986842105263156,0.04356578947368421,0.029973684210526312,-0.01098684210526316,-0.01384257268386836,-0.008131111526657958,0.9971,True
aps_failure,rf,isotonic,0.5,10,0.04076973684210526,0.04356578947368421,0.029973684210526312,0.010796052631578948,0.006130685678452395,0.0154614195847055,0.08860000000000001,False
aps_failure,rf,isotonic,1.0,10,0.06255263157894737,0.04356578947368421,0.029973684210526312,0.032578947368421055,0.023876601641838614,0.041281293095003495,0.0,False
aps_failure,rf,isotonic,2.0,10,0.10611842105263158,0.04356578947368421,0.029973684210526312,0.07614473684210528,0.05868835325832866,0.0936011204258819,0.0,False
aps_failure,rf,none,0.0,10,0.013789473684210527,0.0875592105263158,0.028572368421052634,-0.014782894736842106,-0.01760334639039145,-0.011962443083292761,0.9999,True
aps_failure,rf,none,0.5,10,0.05756907894736842,0.0875592105263158,0.028572368421052634,0.028996710526315788,0.027106111423367968,0.030887309629263608,0.0,False
aps_failure,rf,none,1.0,10,0.10134868421052631,0.0875592105263158,0.028572368421052634,0.07277631578947369,0.07058010154624637,0.074972530032701,0.0,False
aps_failure,rf,none,2.0,10,0.1889078947368421,0.0875592105263158,0.028572368421052634,0.16033552631578946,0.1554151538849243,0.1652558987466546,0.0,False
aps_failure,rf,sigmoid,0.0,10,0.013927631578947369,0.08792763157894737,0.03013815789473684,-0.016210526315789474,-0.01912264402418539,-0.013298408607393557,1.0,True
aps_failure,rf,sigmoid,0.5,10,0.057891447368421056,0.08792763157894737,0.03013815789473684,0.02775328947368421,0.025460062647671068,0.030046516299697353,0.0,False
aps_failure,rf,sigmoid,1.0,10,0.10185526315789473,0.08792763157894737,0.03013815789473684,0.0717171052631579,0.06871580621000382,0.07471840431631198,0.0,False
aps_failure,rf,sigmoid,2.0,10,0.18978289473684212,0.08792763157894737,0.03013815789473684,0.15964473684210528,0.15352779720883525,0.16576167647537532,0.0,False
bank_marketing,ada,isotonic,0.0,10,0.17719783257768437,0.21915293597257546,0.3586088687382506,-0.18141103616056617,-0.19207291579337293,-0.1707491565277594,1.0,True
bank_marketing,ada,isotonic,0.5,10,0.28677430056397213,0.21915293597257546,0.3586088687382506,-0.07183456817427844,-0.07633810342454395,-0.06733103292401293,1.0,True
bank_marketing,ada,isotonic,1.0,10,0.39635076855025986,0.21915293597257546,0.3586088687382506,0.03774189981200929,0.029656187946864233,0.045827611677154344,0.0,False
bank_marketing,ada,isotonic,2.0,10,0.6155037045228353,0.21915293597257546,0.3586088687382506,0.2568948357845847,0.23299829184812412,0.28079137972104534,0.0,False
bank_marketing,ada,none,0.0,10,0.20207895609863985,0.18534778281543737,0.36170518633196946,-0.1596262302333296,-0.1681590898627739,-0.15109337060388534,1.0,True
bank_marketing,ada,none,0.5,10,0.29475284750635855,0.18534778281543737,0.36170518633196946,-0.06695233882561097,-0.07216463901031503,-0.061740038640906915,1.0,True
bank_marketing,ada,none,1.0,10,0.3874267389140772,0.18534778281543737,0.36170518633196946,0.025721552582107704,0.021907436674784675,0.029535668489430733,0.006,False
bank_marketing,ada,none,2.0,10,0.5727745217295145,0.18534778281543737,0.36170518633196946,0.21106933539754508,0.2016688367102073,0.22046983408488285,0.0,False
bank_marketing,ada,sigmoid,0.0,10,0.2019241402189539,0.18467322791109145,0.35921707397987396,-0.15729293376092007,-0.16390009276766435,-0.1506857747541758,1.0,True
bank_marketing,ada,sigmoid,0.5,10,0.2942607541744996,0.18467322791109145,0.35921707397987396,-0.06495631980537432,-0.06844201590600721,-0.061470623704741434,1.0,True
bank_marketing,ada,sigmoid,1.0,10,0.38659736813004536,0.18467322791109145,0.35921707397987396,0.027380294150171403,0.022561310631446993,0.03219927766889581,0.001,False
bank_marketing,ada,sigmoid,2.0,10,0.5712705960411368,0.18467322791109145,0.35921707397987396,0.21205352206126285,0.19889682624141916,0.22521021788110654,0.0,False
bank_marketing,et,isotonic,0.0,10,0.17936525489328764,0.1187990711047219,0.27765122193962183,-0.09828596704633419,-0.10722059723499604,-0.08935133685767234,1.0,True
bank_marketing,et,isotonic,0.5,10,0.23876479044564855,0.1187990711047219,0.27765122193962183,-0.03888643149397324,-0.04386230766237509,-0.0339105553255714,1.0,True
bank_marketing,et,isotonic,1.0,10,0.29816432599800957,0.1187990711047219,0.27765122193962183,0.020513104058387705,0.016705967138017773,0.024320240978757637,0.003999999999999999,False
bank_marketing,et,isotonic,2.0,10,0.4169633971027314,0.1187990711047219,0.27765122193962183,0.13931217516310962,0.1279819567247497,0.15064239360146953,0.0,False
bank_marketing,et,none,0.0,10,0.19903792989052307,0.09060046444763907,0.2712042463784142,-0.07216631648789118,-0.0802038011314905,-0.06412883184429186,1.0,True
bank_marketing,et,none,0.5,10,0.24433816211434262,0.09060046444763907,0.2712042463784142,-0.026866084264071655,-0.03207044216447447,-0.021661726363668837,0.9965999999999999,True
bank_marketing,et,none,1.0,10,0.2896383943381621,0.09060046444763907,0.2712042463784142,0.01843414795974787,0.015178834850678884,0.021689461068816855,0.004999999999999999,False
bank_marketing,et,none,2.0,10,0.38023885878580116,0.09060046444763907,0.2712042463784142,0.10903461240738692,0.10265471197141915,0.11541451284335469,0.0,False
bank_marketing,et,sigmoid,0.0,10,0.1992259206015703,0.0953223487780604,0.2780603781930775,-0.07883445759150724,-0.08607438714574236,-0.07159452803727212,1.0,True
bank_marketing,et,sigmoid,0.5,10,0.2468870949906005,0.0953223487780604,0.2780603781930775,-0.03117328320247706,-0.036077062553647454,-0.02626950385130666,0.9997,True
bank_marketing,et,sigmoid,1.0,10,0.2945482693796307,0.0953223487780604,0.2780603781930775,0.016487891186553135,0.013271550393334471,0.0197042319797718,0.0149,False
bank_marketing,et,sigmoid,2.0,10,0.3898706181576911,0.0953223487780604,0.2780603781930775,0.11181023996461352,0.10661963180757884,0.1170008481216482,0.0,False
bank_marketing,gb,isotonic,0.0,10,0.18255003870396994,0.13053190312949242,0.2888974897710937,-0.10634745106712376,-0.11871438665863433,-0.09398051547561319,1.0,True
bank_marketing,gb,isotonic,0.5,10,0.24781599026871612,0.13053190312949242,0.2888974897710937,-0.04108149950237753,-0.04602279458271566,-0.0361402044220394,1.0,True
bank_marketing,gb,isotonic,1.0,10,0.3130819418334624,0.13053190312949242,0.2888974897710937,0.02418445206236868,0.01955001296747804,0.028818891157259316,0.0013,False
bank_marketing,gb,isotonic,2.0,10,0.44361384496295486,0.13053190312949242,0.2888974897710937,0.1547163551918611,0.13490826932897607,0.17452444105474615,0.0,False
bank_marketing,gb,none,0.0,10,0.20085148733827268,0.10295255999115338,0.28960521950680085,-0.08875373216852814,-0.09770694423799249,-0.07980052009906378,1.0,True
bank_marketing,gb,none,0.5,10,0.2523277673338493,0.10295255999115338,0.28960521950680085,-0.037277452172951454,-0.04298243178697511,-0.0315724725589278,1.0,True
bank_marketing,gb,none,1.0,10,0.3038040473294261,0.10295255999115338,0.28960521950680085,0.014198827822625234,0.011623088579034503,0.016774567066215964,0.013900000000000001,False
bank_marketing,gb,none,2.0,10,0.40675660732057944,0.10295255999115338,0.28960521950680085,0.11715138781377861,0.11268907049910429,0.12161370512845293,0.0,False
bank_marketing,gb,sigmoid,0.0,10,0.20498728298131152,0.10200154815879688,0.2901470750857017,-0.08515979210439015,-0.09164569851257916,-0.07867388569620114,1.0,True
bank_marketing,gb,sigmoid,0.5,10,0.25598805706071,0.10200154815879688,0.2901470750857017,-0.0341590180249917,-0.03824396226148484,-0.03007407378849856,1.0,True
bank_marketing,gb,sigmoid,1.0,10,0.3069888311401084,0.10200154815879688,0.2901470750857017,0.01684175605440672,0.014649895353329645,0.019033616755483797,0.0032,False
bank_marketing,gb,sigmoid,2.0,10,0.40899037929890525,0.10200154815879688,0.2901470750857017,0.11884330421320359,0.11420301214450251,0.12348359628190467,0.0,False
bank_marketing,gnb,isotonic,0.0,10,0.12847506358509345,0.5342253676877142,0.49138560212318916,-0.3629105385380958,-0.38370714860381333,-0.34211392847237826,1.0,True
bank_marketing,gnb,isotonic,0.5,10,0.39558774742895053,0.5342253676877142,0.49138560212318916,-0.09579785469423864,-0.1055631846965121,-0.08603252469196518,1.0,True
bank_marketing,gnb,isotonic,1.0,10,0.6627004312728078,0.5342253676877142,0.49138560212318916,0.17131482914961849,0.1427292612661761,0.19990039703306087,0.0,False
bank_marketing,gnb,isotonic,2.0,10,1.1969257989605218,0.5342253676877142,0.49138560212318916,0.7055401968373327,0.6318013891607541,0.7792790045139113,0.0,False
bank_marketing,gnb,none,0.0,10,0.19996682516863873,0.3909543293154927,0.48905230565077956,-0.2890854804821409,-0.29734357125062794,-0.28082738971365384,1.0,True
bank_marketing,gnb,none,0.5,10,0.39544398982638507,0.3909543293154927,0.48905230565077956,-0.09360831582439458,-0.09735213313827401,-0.08986449851051515,1.0,True
bank_marketing,gnb,none,1.0,10,0.5909211544841313,0.3909543293154927,0.48905230565077956,0.10186884883335176,0.09242382683924386,0.11131387082745967,0.0,False
bank_marketing,gnb,none,2.0,10,0.9818754837996242,0.3909543293154927,0.48905230565077956,0.4928231781488444,0.4677690470004853,0.5178773092972035,0.0,False
bank_marketing,gnb,sigmoid,0.0,10,0.2020015481587969,0.39192745770209,0.4898263850492093,-0.2878248368904125,-0.29744296183394614,-0.27820671194687885,1.0,True
bank_marketing,gnb,sigmoid,0.5,10,0.39796527700984186,0.39192745770209,0.4898263850492093,-0.09186110803936746,-0.09700457569536852,-0.0867176403833664,1.0,True
bank_marketing,gnb,sigmoid,1.0,10,0.5939290058608869,0.39192745770209,0.4898263850492093,0.10410262081167754,0.09435965100263952,0.11384559062071556,0.0,False
bank_marketing,gnb,sigmoid,2.0,10,0.9858564635629768,0.39192745770209,0.4898263850492093,0.4960300785137675,0.4708222291358337,0.5212379278917013,0.0,False
bank_marketing,hgb,isotonic,0.0,10,0.16257879022448302,0.12095543514320468,0.26013491098086916,-0.09755612075638616,-0.11308954251996653,-0.08202269899280579,1.0,True
bank_marketing,hgb,isotonic,0.5,10,0.22305650779608538,0.12095543514320468,0.26013491098086916,-0.037078403184783816,-0.043158532525763606,-0.030998273843804026,0.9999,True
bank_marketing,hgb,isotonic,1.0,10,0.28353422536768774,0.12095543514320468,0.26013491098086916,0.023399314386818533,0.019490709446102508,0.02730791932753456,0.0058000000000000005,False
bank_marketing,hgb,isotonic,2.0,10,0.40448966051089236,0.12095543514320468,0.26013491098086916,0.14435474953002322,0.12155604456401674,0.1671534544960297,0.0,False
bank_marketing,hgb,none,0.0,10,0.20573924582550038,0.06995466106380625,0.2554904345902908,-0.04975118876479044,-0.05920756895226525,-0.040294808577315634,0.9960000000000001,True
bank_marketing,hgb,none,0.5,10,0.2407165763574035,0.06995466106380625,0.2554904345902908,-0.014773858232887316,-0.02167162843733518,-0.007876088028439452,0.8821999999999999,True
bank_marketing,hgb,none,1.0,10,0.2756939068893067,0.06995466106380625,0.2554904345902908,0.020203472299015812,0.015657157963910144,0.02474978663412148,0.0054,False
bank_marketing,hgb,none,2.0,10,0.34564856795311283,0.06995466106380625,0.2554904345902908,0.09015813336282208,0.08674501856768677,0.09357124815795739,0.0,False
bank_marketing,hgb,sigmoid,0.0,10,0.201614508459582,0.07528475063585092,0.2599579785469424,-0.058343470087360384,-0.06448460197706678,-0.052202338197653984,1.0,True
bank_marketing,hgb,sigmoid,0.5,10,0.23925688377750745,0.07528475063585092,0.2599579785469424,-0.020701094769434922,-0.02510223718856293,-0.016299952350306915,0.984,True
bank_marketing,hgb,sigmoid,1.0,10,0.27689925909543295,0.07528475063585092,0.2599579785469424,0.016941280548490548,0.013475392216777488,0.020407168880203608,0.014800000000000002,False
bank_marketing,hgb,sigmoid,2.0,10,0.3521840097312839,0.07528475063585092,0.2599579785469424,0.09222603118434149,0.08672563506404692,0.09772642730463606,0.0,False
bank_marketing,logreg,isotonic,0.0,10,0.1667809355302444,0.3188985955988057,0.4071215304655535,-0.2403405949353091,-0.24854277316397363,-0.23213841670664456,1.0,True
bank_marketing,logreg,isotonic,0.5,10,0.32623023332964723,0.3188985955988057,0.4071215304655535,-0.08089129713590623,-0.0882076272778017,-0.07357496699401077,1.0,True
bank_marketing,logreg,isotonic,1.0,10,0.4856795311290501,0.3188985955988057,0.4071215304655535,0.07855800066349664,0.06752129175827987,0.0895947095687134,0.0,False
bank_marketing,logreg,isotonic,2.0,10,0.8045781267278558,0.3188985955988057,0.4071215304655535,0.39745659626230234,0.3749966018305662,0.41991659069403847,0.0,False
bank_marketing,logreg,none,0.0,10,0.19563198053743228,0.2697998451841203,0.4048545836558664,-0.20922260311843416,-0.21766448967679883,-0.2007807165600695,1.0,True
bank_marketing,logreg,none,0.5,10,0.3305319031294924,0.2697998451841203,0.4048545836558664,-0.07432268052637399,-0.07918213931955954,-0.06946322173318843,1.0,True
bank_marketing,logreg,none,1.0,10,0.4654318257215525,0.2697998451841203,0.4048545836558664,0.06057724206568617,0.05452932679414195,0.06662515733723039,0.0,False
bank_marketing,logreg,none,2.0,10,0.7352316709056728,0.2697998451841203,0.4048545836558664,0.3303770872498065,0.31474553893614887,0.3460086355634642,0.0,False
bank_marketing,logreg,sigmoid,0.0,10,0.19522282428397655,0.26915846511113567,0.4049872829813116,-0.20976445869733498,-0.22071586264652038,-0.1988130547481496,1.0,True
bank_marketing,logreg,sigmoid,0.5,10,0.3298020568395444,0.26915846511113567,0.4049872829813116,-0.07518522614176712,-0.08248873541727232,-0.06788171686626192,1.0,True
bank_marketing,logreg,sigmoid,1.0,10,0.46438128939511225,0.26915846511113567,0.4049872829813116,0.05939400641380073,0.05302201007110953,0.06576600275649193,0.0,False
bank_marketing,logreg,sigmoid,2.0,10,0.733539754506248,0.26915846511113567,0.4049872829813116,0.32855247152493644,0.31526022612307913,0.34184471692679375,0.0,False
bank_marketing,rf,isotonic,0.0,10,0.16428176490102842,0.13203582881787018,0.27150281986066566,-0.1072210549596373,-0.11993693581397456,-0.09450517410530003,1.0,True
bank_marketing,rf,isotonic,0.5,10,0.2302996793099635,0.13203582881787018,0.27150281986066566,-0.0412031405507022,-0.04762064260677628,-0.03478563849462812,1.0,True
bank_marketing,rf,isotonic,1.0,10,0.2963175937188986,0.13203582881787018,0.27150281986066566,0.024814773858232886,0.02289315570939204,0.02673639200707373,0.0,False
bank_marketing,rf,isotonic,2.0,10,0.42835342253676884,0.13203582881787018,0.27150281986066566,0.15685060267610307,0.14351786423094073,0.1701833411212654,0.0,False
bank_marketing,rf,none,0.0,10,0.19876147296251245,0.08743779719119761,0.2680415791219728,-0.06928010615946037,-0.07861072706729902,-0.05994948525162172,1.0,True
bank_marketing,rf,none,0.5,10,0.24248037155811125,0.08743779719119761,0.2680415791219728,-0.02556120756386155,-0.03220170460993864,-0.01892071051778446,0.9795,True
bank_marketing,rf,none,1.0,10,0.28619927015371005,0.08743779719119761,0.2680415791219728,0.018157691031737255,0.013880449070132255,0.022434932993342253,0.0023000000000000004,False
bank_marketing,rf,none,2.0,10,0.37363706734490765,0.08743779719119761,0.2680415791219728,0.10559548822293485,0.1013316115579261,0.10985936488794361,0.0,False
bank_marketing,rf,sigmoid,0.0,10,0.1950569501271702,0.09480260975340042,0.2703085259316598,-0.07525157580448966,-0.08212626903191052,-0.0683768825770688,1.0,True
bank_marketing,rf,sigmoid,0.5,10,0.2424582550038704,0.09480260975340042,0.2703085259316598,-0.02785027092778945,-0.03286369074359925,-0.022836851111979646,0.9992000000000001,True
bank_marketing,rf,sigmoid,1.0,10,0.28985955988057055,0.09480260975340042,0.2703085259316598,0.019551033948910758,0.015707526030986196,0.02339454186683532,0.0063,False
bank_marketing,rf,sigmoid,2.0,10,0.38466216963397104,0.09480260975340042,0.2703085259316598,0.11435364370231119,0.10893658605005233,0.11977070135457005,0.0,False
credit_g,ada,isotonic,0.0,10,0.188,0.695,0.6950000000000001,-0.507,-0.5952749804745251,-0.418725019525475,1.0,True
credit_g,ada,isotonic,0.5,10,0.5355000000000001,0.695,0.6950000000000001,-0.1595,-0.2036894401664269,-0.1153105598335731,0.9873,True
credit_g,ada,isotonic,1.0,10,0.883,0.695,0.6950000000000001,0.188,0.16046682485921152,0.21553317514078849,0.0024000000000000002,False
credit_g,ada,isotonic,2.0,10,1.5779999999999998,0.695,0.6950000000000001,0.883,0.7720756205536603,0.9939243794463397,0.0,False
credit_g,ada,none,0.0,10,0.38050000000000006,0.5355,0.7075000000000001,-0.327,-0.3928247518457575,-0.26117524815424253,0.9751000000000001,True
credit_g,ada,none,0.5,10,0.64825,0.5355,0.7075000000000001,-0.059250000000000004,-0.10942843505376032,-0.009071564946239681,0.7219,True
credit_g,ada,none,1.0,10,0.9160000000000001,0.5355,0.7075000000000001,0.2085,0.16401932204753267,0.2529806779524673,0.0263,False
credit_g,ada,none,2.0,10,1.4514999999999998,0.5355,0.7075000000000001,0.744,0.6752477245629079,0.812752275437092,0.0,False
credit_g,ada,sigmoid,0.0,10,0.34950000000000003,0.5295000000000001,0.666,-0.3165,-0.399566522471785,-0.23343347752821503,0.9577,True
credit_g,ada,sigmoid,0.5,10,0.61425,0.5295000000000001,0.666,-0.05175,-0.11260147683773444,0.009101476837734455,0.6784,True
credit_g,ada,sigmoid,1.0,10,0.8789999999999999,0.5295000000000001,0.666,0.21300000000000002,0.1670525014584883,0.2589474985415118,0.011199999999999998,False
credit_g,ada,sigmoid,2.0,10,1.4084999999999999,0.5295000000000001,0.666,0.7424999999999999,0.6813120981456845,0.8036879018543154,0.0,False
credit_g,et,isotonic,0.0,10,0.1895,0.6539999999999999,0.615,-0.4255,-0.4890524102174295,-0.36194758978257047,0.9975999999999999,True
credit_g,et,isotonic,0.5,10,0.5165000000000001,0.6539999999999999,0.615,-0.0985,-0.14777255309895043,-0.04922744690104958,0.8821,True
credit_g,et,isotonic,1.0,10,0.8435,0.6539999999999999,0.615,0.2285,0.17482219535868565,0.28217780464131437,0.0,False
credit_g,et,isotonic,2.0,10,1.4975,0.6539999999999999,0.615,0.8825000000000001,0.7825885847918824,0.9824114152081177,0.0,False
credit_g,et,none,0.0,10,0.3575,0.4955,0.6425000000000001,-0.28500000000000003,-0.3780856714119967,-0.19191432858800334,0.9299000000000002,True
credit_g,et,none,0.5,10,0.6052500000000001,0.4955,0.6425000000000001,-0.037250000000000005,-0.11400432879576819,0.03950432879576818,0.6641,True
credit_g,et,none,1.0,10,0.853,0.4955,0.6425000000000001,0.21050000000000005,0.1467296798398085,0.2742703201601916,0.0209,False
credit_g,et,none,2.0,10,1.3485,0.4955,0.6425000000000001,0.7060000000000001,0.6488604064106548,0.7631395935893454,0.0,False
credit_g,et,sigmoid,0.0,10,0.355,0.4845,0.616,-0.261,-0.3474994581871278,-0.17450054181287222,0.9191,True
credit_g,et,sigmoid,0.5,10,0.59725,0.4845,0.616,-0.01875,-0.08653726896205019,0.049037268962050184,0.5686,True
credit_g,et,sigmoid,1.0,10,0.8394999999999999,0.4845,0.616,0.22349999999999998,0.17203470597685377,0.2749652940231462,0.02,False
credit_g,et,sigmoid,2.0,10,1.3240000000000003,0.4845,0.616,0.708,0.6682807720786687,0.7477192279213313,0.0,False
credit_g,gb,isotonic,0.0,10,0.17250000000000001,0.715,0.693,-0.5205,-0.5940174201578555,-0.4469825798421444,1.0,True
credit_g,gb,isotonic,0.5,10,0.53,0.715,0.693,-0.16299999999999998,-0.1989615343882259,-0.12703846561177407,0.9945,True
credit_g,gb,isotonic,1.0,10,0.8875,0.715,0.693,0.19450000000000003,0.17724841198935914,0.21175158801064092,0.0007,False
credit_g,gb,isotonic,2.0,10,1.6025000000000003,0.715,0.693,0.9095000000000001,0.8220112505010566,0.9969887494989436,0.0,False
credit_g,gb,none,0.0,10,0.3565,0.515,0.694,-0.3375,-0.38899016950404763,-0.2860098304959524,0.9832000000000001,True
credit_g,gb,none,0.5,10,0.6139999999999999,0.515,0.694,-0.08,-0.1281154606707195,-0.0318845393292805,0.8167,True
credit_g,gb,none,1.0,10,0.8714999999999999,0.515,0.694,0.1775,0.12504481913099527,0.2299551808690047,0.0198,False
credit_g,gb,none,2.0,10,1.3865,0.515,0.694,0.6925000000000001,0.6154142800369471,0.7695857199630531,0.0,False
credit_g,gb,sigmoid,0.0,10,0.327,0.5549999999999999,0.6885,-0.36150000000000004,-0.45063930695515,-0.2723606930448501,0.9704,True
credit_g,gb,sigmoid,0.5,10,0.6045,0.5549999999999999,0.6885,-0.084,-0.1491337618546122,-0.01886623814538782,0.7982000000000001,True
credit_g,gb,sigmoid,1.0,10,0.882,0.5549999999999999,0.6885,0.19350000000000003,0.14670450116612593,0.24029549883387413,0.0025,False
credit_g,gb,sigmoid,2.0,10,1.4370000000000003,0.5549999999999999,0.6885,0.7485,0.6933900650215107,0.8036099349784894,0.0,False
credit_g,gnb,isotonic,0.0,10,0.22599999999999998,0.6935,0.6639999999999999,-0.4379999999999999,-0.5229358461166752,-0.35306415388332457,0.9907,True
credit_g,gnb,isotonic,0.5,10,0.5727500000000001,0.6935,0.6639999999999999,-0.09125,-0.1450571169394285,-0.0374428830605715,0.8456000000000001,True
credit_g,gnb,isotonic,1.0,10,0.9195,0.6935,0.6639999999999999,0.25549999999999995,0.21598953500090834,0.29501046499909156,0.0005,False
credit_g,gnb,isotonic,2.0,10,1.6130000000000002,0.6935,0.6639999999999999,0.9490000000000001,0.860416094765095,1.0375839052349052,0.0,False
credit_g,gnb,none,0.0,10,0.3375,0.574,0.6769999999999999,-0.3395,-0.39798063269151596,-0.2810193673084841,0.9939,True
credit_g,gnb,none,0.5,10,0.6245,0.574,0.6769999999999999,-0.052500000000000005,-0.09589259793508054,-0.009107402064919473,0.6984999999999999,True
credit_g,gnb,none,1.0,10,0.9115,0.574,0.6769999999999999,0.23450000000000001,0.19897133926907276,0.2700286607309273,0.0056,False
credit_g,gnb,none,2.0,10,1.4854999999999998,0.574,0.6769999999999999,0.8085000000000001,0.7558661025996027,0.8611338974003975,0.0,False
credit_g,gnb,sigmoid,0.0,10,0.361,0.5674999999999999,0.7024999999999999,-0.3415,-0.4100229567371403,-0.27297704326285976,0.9800000000000001,True
credit_g,gnb,sigmoid,0.5,10,0.6447499999999999,0.5674999999999999,0.7024999999999999,-0.05775,-0.10586241108071803,-0.009637588919281966,0.7642,True
credit_g,gnb,sigmoid,1.0,10,0.9285,0.5674999999999999,0.7024999999999999,0.22599999999999998,0.19460599066346856,0.2573940093365314,0.0021,False
credit_g,gnb,sigmoid,2.0,10,1.496,0.5674999999999999,0.7024999999999999,0.7935000000000001,0.7550128991305746,0.8319871008694256,0.0,False
credit_g,hgb,isotonic,0.0,10,0.1315,0.767,0.6605000000000001,-0.529,-0.6368178167094846,-0.4211821832905155,0.9698,True
credit_g,hgb,isotonic,0.5,10,0.515,0.767,0.6605000000000001,-0.14550000000000002,-0.22290276882787996,-0.06809723117212009,0.9067999999999999,True
credit_g,hgb,isotonic,1.0,10,0.8985,0.767,0.6605000000000001,0.238,0.18329527991114478,0.2927047200888552,0.0002,False
credit_g,hgb,isotonic,2.0,10,1.6654999999999998,0.767,0.6605000000000001,1.0050000000000001,0.9349987555666173,1.075001244433383,0.0,False
credit_g,hgb,none,0.0,10,0.34600000000000003,0.5115,0.6595000000000001,-0.3135,-0.3775808104401518,-0.2494191895598482,0.9782,True
credit_g,hgb,none,0.5,10,0.60175,0.5115,0.6595000000000001,-0.05775,-0.11070351305101905,-0.004796486948980952,0.7310000000000001,True
credit_g,hgb,none,1.0,10,0.8574999999999999,0.5115,0.6595000000000001,0.19799999999999998,0.15120108073422586,0.2447989192657741,0.011600000000000001,False
credit_g,hgb,none,2.0,10,1.369,0.5115,0.6595000000000001,0.7095,0.654479208374369,0.764520791625631,0.0,False
credit_g,hgb,sigmoid,0.0,10,0.3385,0.5525,0.6529999999999999,-0.3145,-0.42444116992484865,-0.20455883007515135,0.9043999999999999,True
credit_g,hgb,sigmoid,0.5,10,0.6147500000000001,0.5525,0.6529999999999999,-0.03824999999999999,-0.12411441256099316,0.04761441256099318,0.6894999999999999,True
credit_g,hgb,sigmoid,1.0,10,0.891,0.5525,0.6529999999999999,0.23800000000000004,0.1739000419483584,0.3020999580516417,0.0206,False
credit_g,hgb,sigmoid,2.0,10,1.4435,0.5525,0.6529999999999999,0.7905,0.7465405697135289,0.8344594302864711,0.0,False
credit_g,logreg,isotonic,0.0,10,0.197,0.727,0.6744999999999999,-0.4774999999999999,-0.5429027131615263,-0.41209728683847363,0.9982,True
credit_g,logreg,isotonic,0.5,10,0.5605,0.727,0.6744999999999999,-0.11400000000000002,-0.15614000000000003,-0.07186000000000001,0.9263999999999999,True
credit_g,logreg,isotonic,1.0,10,0.924,0.727,0.6744999999999999,0.2495,0.2155376620357196,0.2834623379642804,0.0,False
credit_g,logreg,isotonic,2.0,10,1.6509999999999998,0.727,0.6744999999999999,0.9765,0.9020221491538145,1.0509778508461856,0.0,False
credit_g,logreg,none,0.0,10,0.374,0.5475000000000001,0.7245,-0.3505,-0.4391639771521921,-0.2618360228478079,0.9632999999999999,True
credit_g,logreg,none,0.5,10,0.64775,0.5475000000000001,0.7245,-0.07675000000000001,-0.147573600978456,-0.0059263990215440016,0.7638,True
credit_g,logreg,none,1.0,10,0.9215,0.5475000000000001,0.7245,0.197,0.137421158118003,0.256578841881997,0.020200000000000003,False
credit_g,logreg,none,2.0,10,1.4689999999999999,0.5475000000000001,0.7245,0.7445,0.6755516621745754,0.8134483378254247,0.0,False
credit_g,logreg,sigmoid,0.0,10,0.3415,0.563,0.703,-0.36150000000000004,-0.43110453401579213,-0.29189546598420796,0.9888,True
credit_g,logreg,sigmoid,0.5,10,0.623,0.563,0.703,-0.08,-0.13137086506744633,-0.028629134932553674,0.7652,True
credit_g,logreg,sigmoid,1.0,10,0.9045,0.563,0.703,0.2015,0.16189242440587354,0.2411075755941265,0.011800000000000001,False
credit_g,logreg,sigmoid,2.0,10,1.4674999999999998,0.563,0.703,0.7645,0.7112533333333333,0.8177466666666666,0.0,False
credit_g,rf,isotonic,0.0,10,0.21200000000000002,0.6255,0.633,-0.421,-0.4643569248602035,-0.37764307513979645,0.9996,True
credit_g,rf,isotonic,0.5,10,0.5247499999999998,0.6255,0.633,-0.10825,-0.1362563090114432,-0.0802436909885568,0.9019,True
credit_g,rf,isotonic,1.0,10,0.8375,0.6255,0.633,0.2045,0.17684115050195406,0.2321588494980459,0.0089,False
credit_g,rf,isotonic,2.0,10,1.4629999999999999,0.6255,0.633,0.8299999999999998,0.7671134849289787,0.892886515071021,0.0,False
credit_g,rf,none,0.0,10,0.319,0.525,0.6544999999999999,-0.3355,-0.42320802294481896,-0.24779197705518108,0.9499000000000001,True
credit_g,rf,none,0.5,10,0.5815,0.525,0.6544999999999999,-0.07300000000000001,-0.1437397402062267,-0.0022602597937733254,0.733,True
credit_g,rf,none,1.0,10,0.844,0.525,0.6544999999999999,0.1895,0.1300960461473032,0.2489039538526968,0.0651,False
credit_g,rf,none,2.0,10,1.3690000000000002,0.525,0.6544999999999999,0.7145,0.6495524556960688,0.7794475443039313,0.0,False
credit_g,rf,sigmoid,0.0,10,0.28600000000000003,0.5130000000000001,0.6380000000000001,-0.352,-0.41029329826165456,-0.2937067017383454,0.9941000000000001,True
credit_g,rf,sigmoid,0.5,10,0.5425,0.5130000000000001,0.6380000000000001,-0.0955,-0.13958668934925572,-0.05141331065074428,0.8115000000000002,True
credit_g,rf,sigmoid,1.0,10,0.799,0.5130000000000001,0.6380000000000001,0.161,0.12762879751109418,0.19437120248890583,0.0386,False
credit_g,rf,sigmoid,2.0,10,1.3120000000000003,0.5130000000000001,0.6380000000000001,0.674,0.6375711738073023,0.7104288261926978,0.0,False
diabetes130us,ada,isotonic,0.0,10,0.13997248698044612,0.7714699813304511,0.7731305885820968,-0.6331581016016508,-0.6509953754949485,-0.6153208277083531,1.0,True
diabetes130us,ada,isotonic,0.5,10,0.5257074776456717,0.7714699813304511,0.7731305885820968,-0.24742311093642527,-0.25424957876521237,-0.24059664310763818,1.0,True
diabetes130us,ada,isotonic,1.0,10,0.9114424683108971,0.7714699813304511,0.7731305885820968,0.13831187972880024,0.12533527782815995,0.15128848162944053,0.0,False
diabetes130us,ada,isotonic,2.0,10,1.6829124496413481,0.7714699813304511,0.7731305885820968,0.9097818610592512,0.86988132350623,0.9496823986122723,0.0,False
diabetes130us,ada,none,0.0,10,0.19504274344109268,0.6843077527758672,0.7752824997543482,-0.5802397563132553,-0.5873988178792833,-0.5730806947472273,1.0,True
diabetes130us,ada,none,0.5,10,0.5371966198290262,0.6843077527758672,0.7752824997543482,-0.23808587992532182,-0.2422409838010426,-0.23393077604960105,1.0,True
diabetes130us,ada,none,1.0,10,0.8793504962169599,0.6843077527758672,0.7752824997543482,0.10406799646261178,0.0991018290271165,0.10903416389810705,0.0,False
diabetes130us,ada,none,2.0,10,1.563658248992827,0.6843077527758672,0.7752824997543482,0.7883757492384789,0.775584568848908,0.8011669296280497,0.0,False
diabetes130us,ada,sigmoid,0.0,10,0.20149356391864007,0.681969146113786,0.7746929350496216,-0.5731993711309815,-0.5810629386318172,-0.5653358036301458,1.0,True
diabetes130us,ada,sigmoid,0.5,10,0.5424781369755329,0.681969146113786,0.7746929350496216,-0.2322147980740886,-0.23831032783964726,-0.22611926830852994,1.0,True
diabetes130us,ada,sigmoid,1.0,10,0.883462710032426,0.681969146113786,0.7746929350496216,0.10876977498280435,0.10331392399305168,0.11422562597255702,0.0,False
diabetes130us,ada,sigmoid,2.0,10,1.565431856146212,0.681969146113786,0.7746929350496216,0.7907389210965904,0.782562058821095,0.7989157833720858,0.0,False
diabetes130us,et,isotonic,0.0,10,0.15331138842487962,0.7443107005993909,0.7729930234843275,-0.6196816350594478,-0.6452620553426389,-0.5941012147762568,1.0,True
diabetes130us,et,isotonic,0.5,10,0.5254667387245749,0.7443107005993909,0.7729930234843275,-0.2475262847597524,-0.2562765712455716,-0.23877599827393323,1.0,True
diabetes130us,et,isotonic,1.0,10,0.8976220890242704,0.7443107005993909,0.7729930234843275,0.12462906553994302,0.10570658450191547,0.14355154657797056,0.0,False
diabetes130us,et,isotonic,2.0,10,1.6419327896236613,0.7443107005993909,0.7729930234843275,0.8689397661393338,0.809788305221366,0.9280912270573015,0.0,False
diabetes130us,et,none,0.0,10,0.20171956372211847,0.6706151125085977,0.7658592905571387,-0.5641397268350201,-0.5687575263538719,-0.5595219273161683,1.0,True
diabetes130us,et,none,0.5,10,0.5370271199764174,0.6706151125085977,0.7658592905571387,-0.22883217058072125,-0.23136409150038362,-0.22630024966105888,1.0,True
diabetes130us,et,none,1.0,10,0.8723346762307163,0.6706151125085977,0.7658592905571387,0.10647538567357769,0.10346038593215781,0.10949038541499756,0.0,False
diabetes130us,et,none,2.0,10,1.542949788739314,0.6706151125085977,0.7658592905571387,0.7770904981821756,0.7688911951943539,0.7852898011699972,0.0,False
diabetes130us,et,sigmoid,0.0,10,0.20083030362582294,0.6715485899577478,0.7728947627002063,-0.5720644590743833,-0.5812942976345864,-0.5628346205141802,1.0,True
diabetes130us,et,sigmoid,0.5,10,0.5366045986046968,0.6715485899577478,0.7728947627002063,-0.23629016409550946,-0.24398781032780154,-0.22859251786321738,1.0,True
diabetes130us,et,sigmoid,1.0,10,0.8723788935835708,0.6715485899577478,0.7728947627002063,0.09948413088336445,0.09253763009168384,0.10643063167504507,0.0,False
diabetes130us,et,sigmoid,2.0,10,1.5439274835413186,0.6715485899577478,0.7728947627002063,0.7710327208411123,0.7626028371589378,0.7794626045232868,0.0,False
diabetes130us,gb,isotonic,0.0,10,0.15312469293504963,0.7188071140807704,0.74738626314238,-0.5942615702073303,-0.6071891975695556,-0.581333942845105,1.0,True
diabetes130us,gb,isotonic,0.5,10,0.5125282499754349,0.7188071140807704,0.74738626314238,-0.23485801316694505,-0.23862942022272626,-0.23108660611116383,1.0,True
diabetes130us,gb,isotonic,1.0,10,0.8719318070158198,0.7188071140807704,0.74738626314238,0.1245455438734401,0.11290398888840995,0.13618709885847025,0.0,False
diabetes130us,gb,isotonic,2.0,10,1.5907389210965905,0.7188071140807704,0.74738626314238,0.8433526579542105,0.8087010003744731,0.878004315533948,0.0,False
diabetes130us,gb,none,0.0,10,0.20127739019357377,0.6459614817726246,0.7477498280436279,-0.546472437850054,-0.5531898611486243,-0.5397550145514836,1.0,True
diabetes130us,gb,none,0.5,10,0.524258131079886,0.6459614817726246,0.7477498280436279,-0.22349169696374177,-0.22799391070983593,-0.2189894832176476,1.0,True
diabetes130us,gb,none,1.0,10,0.8472388719661982,0.6459614817726246,0.7477498280436279,0.0994890439225705,0.09655007400624091,0.1024280138389001,0.0,False
diabetes130us,gb,none,2.0,10,1.4932003537388228,0.6459614817726246,0.7477498280436279,0.7454505256951951,0.7404468107345967,0.7504542406557935,0.0,False
diabetes130us,gb,sigmoid,0.0,10,0.20017195637221188,0.6491991746094135,0.7478382627493367,-0.5476663063771248,-0.5539569093310198,-0.5413757034232297,1.0,True
diabetes130us,gb,sigmoid,0.5,10,0.5247715436769185,0.6491991746094135,0.7478382627493367,-0.22306671907241818,-0.2280963240734855,-0.21803711407135085,1.0,True
diabetes130us,gb,sigmoid,1.0,10,0.8493711309816252,0.6491991746094135,0.7478382627493367,0.10153286823228849,0.09691794895218693,0.10614778751239005,0.0,False
diabetes130us,gb,sigmoid,2.0,10,1.4985703055910387,0.6491991746094135,0.7478382627493367,0.7507320428417019,0.7440894134972567,0.7573746721861472,0.0,False
diabetes130us,gnb,isotonic,0.0,10,0.06501424781369755,0.909388817922767,0.8617274245848481,-0.7967131767711506,-0.8673592516983829,-0.7260671018439183,1.0,True
diabetes130us,gnb,isotonic,0.5,10,0.519708656775081,0.909388817922767,0.8617274245848481,-0.3420187678097671,-0.37765347853239695,-0.30638405708713723,1.0,True
diabetes130us,gnb,isotonic,1.0,10,0.9744030657364646,0.909388817922767,0.8617274245848481,0.11267564115161639,0.10616379776113057,0.11918748454210222,0.0,False
diabetes130us,gnb,isotonic,2.0,10,1.8837918836592316,0.909388817922767,0.8617274245848481,1.0220644590743835,0.9508719913011594,1.0932569268476076,0.0,False
diabetes130us,gnb,none,0.0,10,0.04438439618748158,0.9399086174707673,0.8882234450230915,-0.8438390488356097,-0.8932768144778344,-0.794401283193385,1.0,True
diabetes130us,gnb,none,0.5,10,0.5143387049228653,0.9399086174707673,0.8882234450230915,-0.37388474010022604,-0.3892055930993731,-0.358563887101079,1.0,True
diabetes130us,gnb,none,1.0,10,0.9842930136582491,0.9399086174707673,0.8882234450230915,0.09606956863515771,0.07670536648744766,0.11543377078286776,0.0,False
diabetes130us,gnb,none,2.0,10,1.9242016311290164,0.9399086174707673,0.8882234450230915,1.035978186105925,0.9482041371448621,1.123752235066988,0.0,False
diabetes130us,gnb,sigmoid,0.0,10,0.07946349611869905,0.9032376928367887,0.8883954013953032,-0.8089319052766042,-0.8672273933835242,-0.7506364171696842,1.0,True
diabetes130us,gnb,sigmoid,0.5,10,0.5310823425370934,0.9032376928367887,0.8883954013953032,-0.35731305885820963,-0.38294487822265766,-0.3316812394937616,1.0,True
diabetes130us,gnb,sigmoid,1.0,10,0.9827011889554879,0.9032376928367887,0.8883954013953032,0.09430578756018473,0.06727607052420655,0.12133550459616292,0.00030000000000000003,False
diabetes130us,gnb,sigmoid,2.0,10,1.8859388817922766,0.9032376928367887,0.8883954013953032,0.9975434803969735,0.9009888113866718,1.0940981494072752,0.0,False
diabetes130us,hgb,isotonic,0.0,10,0.14915987029576497,0.7269529330844059,0.7536356490124791,-0.6044757787167142,-0.6172312829899748,-0.5917202744434537,1.0,True
diabetes130us,hgb,isotonic,0.5,10,0.512636336837968,0.7269529330844059,0.7536356490124791,-0.24099931217451115,-0.24672893985590189,-0.2352696844931204,1.0,True
diabetes130us,hgb,isotonic,1.0,10,0.876112803380171,0.7269529330844059,0.7536356490124791,0.12247715436769187,0.1118363468774933,0.13311796185789043,0.0,False
diabetes130us,hgb,isotonic,2.0,10,1.6030657364645768,0.7269529330844059,0.7536356490124791,0.8494300874520979,0.8193495238749734,0.8795106510292224,0.0,False
diabetes130us,hgb,none,0.0,10,0.2002849562739511,0.6462071337329272,0.7462955684386361,-0.5460106121646852,-0.5530058553999282,-0.5390153689294421,1.0,True
diabetes130us,hgb,none,0.5,10,0.5233885231404147,0.6462071337329272,0.7462955684386361,-0.2229070452982215,-0.22654023404757462,-0.21927385654886838,1.0,True
diabetes130us,hgb,none,1.0,10,0.8464920900068782,0.6462071337329272,0.7462955684386361,0.1001965215682421,0.09655996433589278,0.10383307880059142,0.0,False
diabetes130us,hgb,none,2.0,10,1.4926992237398053,0.6462071337329272,0.7462955684386361,0.7464036553011693,0.7354242613799118,0.7573830492224267,0.0,False
diabetes130us,hgb,sigmoid,0.0,10,0.2006386950967869,0.6514984769578461,0.7523435197012872,-0.5517048246045003,-0.5573548794959806,-0.54605476971302,1.0,True
diabetes130us,hgb,sigmoid,0.5,10,0.52638793357571,0.6514984769578461,0.7523435197012872,-0.2259555861255773,-0.23126696449504014,-0.22064420775611449,1.0,True
diabetes130us,hgb,sigmoid,1.0,10,0.852137172054633,0.6514984769578461,0.7523435197012872,0.09979365235334578,0.09424222605646335,0.10534507865022821,0.0,False
diabetes130us,hgb,sigmoid,2.0,10,1.5036356490124791,0.6514984769578461,0.7523435197012872,0.7512921293111919,0.743876372914185,0.7587078857081989,0.0,False
diabetes130us,logreg,isotonic,0.0,10,0.1315318856244473,0.7843126658150732,0.789491009138253,-0.6579591235138056,-0.6692245934063308,-0.6466936536212804,1.0,True
diabetes130us,logreg,isotonic,0.5,10,0.5236882185319838,0.7843126658150732,0.789491009138253,-0.265802790606269,-0.27133066998285893,-0.26027491122967905,1.0,True
diabetes130us,logreg,isotonic,1.0,10,0.9158445514395206,0.7843126658150732,0.789491009138253,0.12635354230126755,0.11556925259368368,0.13713783200885143,0.0,False
diabetes130us,logreg,isotonic,2.0,10,1.7001572172545938,0.7843126658150732,0.789491009138253,0.9106662081163408,0.8817857950399366,0.939546621192745,0.0,False
diabetes130us,logreg,none,0.0,10,0.19833939274835416,0.6860862729684583,0.7869706200255477,-0.5886312272771937,-0.5949884691746345,-0.582273985379753,1.0,True
diabetes130us,logreg,none,0.5,10,0.5413825292325832,0.6860862729684583,0.7869706200255477,-0.24558809079296454,-0.250132935588913,-0.2410432459970161,1.0,True
diabetes130us,logreg,none,1.0,10,0.8844256657168124,0.6860862729684583,0.7869706200255477,0.09745504569126462,0.09236210749480275,0.10254798388772648,0.0,False
diabetes130us,logreg,none,2.0,10,1.5705119386852706,0.6860862729684583,0.7869706200255477,0.7835413186597229,0.7729759612728885,0.7941066760465573,0.0,False
diabetes130us,logreg,sigmoid,0.0,10,0.20023091284268452,0.685771838459271,0.7881202711997642,-0.5878893583570798,-0.595439616669914,-0.5803391000442456,1.0,True
diabetes130us,logreg,sigmoid,0.5,10,0.5431168320723199,0.685771838459271,0.7881202711997642,-0.2450034391274442,-0.25085058484388734,-0.23915629341100111,1.0,True
diabetes130us,logreg,sigmoid,1.0,10,0.8860027513019555,0.685771838459271,0.7881202711997642,0.09788248010219121,0.09190339373104452,0.1038615664733379,0.0,False
diabetes130us,logreg,sigmoid,2.0,10,1.5717745897612265,0.685771838459271,0.7881202711997642,0.7836543185614622,0.7730711649417321,0.7942374721811922,0.0,False
diabetes130us,rf,isotonic,0.0,10,0.16434607448167438,0.7296010612164684,0.7776948020045199,-0.6133487275228456,-0.6325972107232927,-0.5941002443223986,1.0,True
diabetes130us,rf,isotonic,0.5,10,0.5291466050899086,0.7296010612164684,0.7776948020045199,-0.2485481969146114,-0.2558181064831172,-0.24127828734610562,1.0,True
diabetes130us,rf,isotonic,1.0,10,0.8939471356981429,0.7296010612164684,0.7776948020045199,0.1162523336936229,0.10709185392065507,0.12541281346659072,0.0,False
diabetes130us,rf,isotonic,2.0,10,1.6235481969146115,0.7296010612164684,0.7776948020045199,0.8458533949100915,0.811325348722892,0.880381441097291,0.0,False
diabetes130us,rf,none,0.0,10,0.2021863024466935,0.6703891127051194,0.7721381546624742,-0.5699518522157806,-0.57551503277126,-0.5643886716603012,1.0,True
diabetes130us,rf,none,0.5,10,0.5373808587992531,0.6703891127051194,0.7721381546624742,-0.234757295863221,-0.2401966519578,-0.229317939768642,1.0,True
diabetes130us,rf,none,1.0,10,0.872575415151813,0.6703891127051194,0.7721381546624742,0.10043726048933872,0.09391988406209188,0.10695463691658556,0.0,False
diabetes130us,rf,none,2.0,10,1.5429645278569324,0.6703891127051194,0.7721381546624742,0.7708263731944581,0.7602901808624949,0.7813625655264214,0.0,False
diabetes130us,rf,sigmoid,0.0,10,0.20324751891520093,0.6742802397563132,0.7749336739707182,-0.5716861550555175,-0.5796306328286771,-0.5637416772823578,1.0,True
diabetes130us,rf,sigmoid,0.5,10,0.5403876387933576,0.6742802397563132,0.7749336739707182,-0.23454603517736067,-0.24041880818330696,-0.22867326217141437,1.0,True
diabetes130us,rf,sigmoid,1.0,10,0.8775277586715141,0.6742802397563132,0.7749336739707182,0.1025940847007959,0.09806319201995875,0.10712497738163304,0.0,False
diabetes130us,rf,sigmoid,2.0,10,1.5518079984278275,0.6742802397563132,0.7749336739707182,0.7768743244571092,0.7708243318999825,0.782924317014236,0.0,False
fraud,ada,isotonic,0.0,10,0.04942593307819248,0.11678662968294654,0.005696780309680138,0.04372915276851234,0.028290805047001523,0.05916750049002315,0.0,False
fraud,ada,isotonic,0.5,10,0.10781924791966573,0.11678662968294654,0.005696780309680138,0.1021224676099856,0.03671884818365677,0.16752608703631444,0.0,False
fraud,ada,isotonic,1.0,10,0.166212562761139,0.11678662968294654,0.005696780309680138,0.16051578245145887,0.03850518888485724,0.2825263760180605,0.0,False
fraud,ada,isotonic,2.0,10,0.28299919244408556,0.11678662968294654,0.005696780309680138,0.27730241213440543,0.0410536662680093,0.5135511580008015,0.0,False
fraud,ada,none,0.0,10,0.06018573786032794,0.055693269197008524,0.005607246936554193,0.05457849092377374,0.03471405610184276,0.07444292574570471,0.0035000000000000005,False
fraud,ada,none,0.5,10,0.0880323724588322,0.055693269197008524,0.005607246936554193,0.08242512552227801,0.062358990257515776,0.10249126078704025,0.0,False
fraud,ada,none,1.0,10,0.11587900705733647,0.055693269197008524,0.005607246936554193,0.11027176012078228,0.08447714471680938,0.13606637552475517,0.0,False
fraud,ada,none,2.0,10,0.17157227625434499,0.055693269197008524,0.005607246936554193,0.1659650293177908,0.12175233725196419,0.21017772138361743,0.0,False
fraud,ada,sigmoid,0.0,10,0.05702749201221867,0.05404129068501808,0.005935535971349321,0.051091956040869344,0.03397475675244809,0.06820915532929059,0.0,False
fraud,ada,sigmoid,0.5,10,0.08404813735472771,0.05404129068501808,0.005935535971349321,0.07811260138337839,0.061447141717062344,0.09477806104969444,0.0,False
fraud,ada,sigmoid,1.0,10,0.11106878269723675,0.05404129068501808,0.005935535971349321,0.10513324672588742,0.08437425080874561,0.12589224264302923,0.0,False
fraud,ada,sigmoid,2.0,10,0.16511007338225486,0.05404129068501808,0.005935535971349321,0.15917453741090554,0.1239224362501351,0.19442663857167597,0.0,False
fraud,et,isotonic,0.0,10,0.02812401249956111,0.3287226572100699,0.003375934833748815,0.024748077665812294,0.018112596981661906,0.03138355834996268,0.0,False
fraud,et,isotonic,0.5,10,0.19248534110459606,0.3287226572100699,0.003375934833748815,0.18910940627084724,0.05127506553965594,0.32694374700203854,0.0,False
fraud,et,isotonic,1.0,10,0.35684666970963097,0.3287226572100699,0.003375934833748815,0.3534707348758822,0.07827090742961801,0.6286705623221465,0.0,False
fraud,et,isotonic,2.0,10,0.6855693269197008,0.3287226572100699,0.003375934833748815,0.6821933920859521,0.13214310793728112,1.232243676234623,0.0,False
fraud,et,none,0.0,10,0.042458129981391105,0.052642112285383236,0.0032319792142129844,0.039226150767178114,0.016445275455590824,0.062007026078765404,0.1,False
fraud,et,none,0.5,10,0.06877918612408271,0.052642112285383236,0.0032319792142129844,0.06554720690986973,0.054369455511658886,0.07672495830808057,0.0,False
fraud,et,none,1.0,10,0.09510024226677435,0.052642112285383236,0.0032319792142129844,0.09186826305256135,0.08787662582864358,0.09585990027647912,0.0,False
fraud,et,none,2.0,10,0.1477423545521576,0.052642112285383236,0.0032319792142129844,0.14451037533794459,0.11895715957771547,0.1700635910981737,0.0,False
fraud,et,sigmoid,0.0,10,0.0430813524806011,0.05261402338401039,0.0033355570380253505,0.03974579544257575,0.019981908748045542,0.05950968213710595,0.0,False
fraud,et,sigmoid,0.5,10,0.06938836417260628,0.05261402338401039,0.0033355570380253505,0.06605280713458095,0.05223042083011236,0.07987519343904953,0.0,False
fraud,et,sigmoid,1.0,10,0.09569537586461149,0.05261402338401039,0.0033355570380253505,0.09235981882658614,0.08071416035174978,0.10400547730142251,0.0,False
fraud,et,sigmoid,2.0,10,0.14830939924862188,0.05261402338401039,0.0033355570380253505,0.14497384221059656,0.12359406404294082,0.1663536203782523,0.0,False
fraud,gb,isotonic,0.0,10,0.028942101752045223,0.9700203644534954,0.008021136898283066,0.02092096485376216,-0.002460282653225721,0.044302212360750035,0.6,False
fraud,gb,isotonic,0.5,10,0.5139522839787929,0.9700203644534954,0.008021136898283066,0.5059311470805098,0.494145287002948,0.5177170071580716,0.0,False
fraud,gb,isotonic,1.0,10,0.9989624662055405,0.9700203644534954,0.008021136898283066,0.9909413293072575,0.9888245989736713,0.9930580596408438,0.0,False
fraud,gb,isotonic,2.0,10,1.9689828306590358,0.9700203644534954,0.008021136898283066,1.9609616937607526,1.9373888384683424,1.9845345490531627,0.0,False
fraud,gb,none,0.0,10,0.01094764931006636,0.9881482391769951,0.009395737509216672,0.0015519118008496895,-0.016433485014323852,0.01953730861602323,0.9,False
fraud,gb,none,0.5,10,0.5050217688985639,0.9881482391769951,0.009395737509216672,0.49562603138934735,0.4868625177442478,0.5043895450344469,0.0,False
fraud,gb,none,1.0,10,0.9990958884870615,0.9881482391769951,0.009395737509216672,0.9897001509778448,0.9879587593554787,0.9914415426002109,0.0,False
fraud,gb,none,2.0,10,1.987244127664057,0.9881482391769951,0.009395737509216672,1.9778483901548398,1.958503499531482,1.9971932807781976,0.0,False
fraud,gb,sigmoid,0.0,10,0.03795863909272849,0.9612636494505107,0.008068536919349742,0.02989010217337874,0.0012870990351024209,0.05849310531165506,0.5119,False
fraud,gb,sigmoid,0.5,10,0.5185904638179839,0.9612636494505107,0.008068536919349742,0.5105219268986343,0.4961277267710082,0.5249161270262603,0.0,False
fraud,gb,sigmoid,1.0,10,0.9992222885432394,0.9612636494505107,0.008068536919349742,0.9911537516238896,0.9888512702311327,0.9934562330166465,0.0,False
fraud,gb,sigmoid,2.0,10,1.9604859379937505,0.9612636494505107,0.008068536919349742,1.9524174010744004,1.9236309474815128,1.981203854667288,0.0,False
fraud,gnb,isotonic,0.0,10,0.04794775464344651,0.19414697517643342,0.016486429549524242,0.031461325093922264,0.01614136232581493,0.0467812878620296,0.0,False
fraud,gnb,isotonic,0.5,10,0.14502124223166318,0.19414697517643342,0.016486429549524242,0.12853481268213898,0.045240228628349866,0.2118293967359281,0.0,False
fraud,gnb,isotonic,1.0,10,0.24209472981987995,0.19414697517643342,0.016486429549524242,0.22560830027035567,0.059541953934730746,0.3916746466059806,0.0,False
fraud,gnb,isotonic,2.0,10,0.4362417049963133,0.19414697517643342,0.016486429549524242,0.4197552754467891,0.08708668626578298,0.7524238646277952,0.0,False
fraud,gnb,none,0.0,10,0.08707032758681227,0.03671570520698009,0.016356518380674836,0.07071380920613743,0.05996414714863843,0.08146347126363643,0.0,False
fraud,gnb,none,0.5,10,0.10542818019030228,0.03671570520698009,0.016356518380674836,0.08907166180962747,0.07493633552993902,0.10320698808931593,0.0,False
fraud,gnb,none,1.0,10,0.12378603279379237,0.03671570520698009,0.016356518380674836,0.10742951441311752,0.08760488320302631,0.12725414562320872,0.0,False
fraud,gnb,none,2.0,10,0.16050173800077244,0.03671570520698009,0.016356518380674836,0.1441452196200976,0.11088409927693983,0.1774063399632554,0.0,False
fraud,gnb,sigmoid,0.0,10,0.0865928162634739,0.21386011727116325,0.017380007724447873,0.06921280853902602,0.059189459051892504,0.07923615802615953,0.0,False
fraud,gnb,sigmoid,0.5,10,0.1935228748990555,0.21386011727116325,0.017380007724447873,0.17614286717460764,0.05886028329383683,0.29342545105537843,0.0,False
fraud,gnb,sigmoid,1.0,10,0.30045293353463715,0.21386011727116325,0.017380007724447873,0.2830729258101893,0.052971903173671786,0.5131739484467068,0.0,False
fraud,gnb,sigmoid,2.0,10,0.5143130508058004,0.21386011727116325,0.017380007724447873,0.49693304308135255,0.04093013688332159,0.9529359492793835,0.0,False
fraud,hgb,isotonic,0.0,10,0.02083494259330782,0.9778677012745339,0.005593202485867771,0.015241740107440047,0.0017861047028320306,0.02869737551204806,0.2001,False
fraud,hgb,isotonic,0.5,10,0.5097687932305748,0.9778677012745339,0.005593202485867771,0.504175590744707,0.49745350503229296,0.510897676457121,0.0,False
fraud,hgb,isotonic,1.0,10,0.9987026438678417,0.9778677012745339,0.005593202485867771,0.9931094413819739,0.9921815876305178,0.99403729513343,0.0,False
fraud,hgb,isotonic,2.0,10,1.9765703451423757,0.9778677012745339,0.005593202485867771,1.9709771426565077,1.9573083330035261,1.9846459523094893,0.0,False
fraud,hgb,none,0.0,10,0.08233032548014467,0.8705382535725572,0.006035602682490081,0.07629472279765458,0.05962982628891318,0.09295961930639597,0.0,False
fraud,hgb,none,0.5,10,0.5175994522664233,0.8705382535725572,0.006035602682490081,0.5115638495839331,0.4672235779787844,0.5559041211890818,0.0,False
fraud,hgb,none,1.0,10,0.952868579052702,0.8705382535725572,0.006035602682490081,0.9468329763702117,0.8568105644188091,1.0368553883216143,0.0,False
fraud,hgb,none,2.0,10,1.8234068326252586,0.8705382535725572,0.006035602682490081,1.817371229942769,1.633716971184409,2.0010254887011287,0.0,False
fraud,hgb,sigmoid,0.0,10,0.07229205435202415,0.8409729293213019,0.00569151364067273,0.06660054071135144,0.051296510304202556,0.08190457111850032,0.0,False
fraud,hgb,sigmoid,0.5,10,0.49277851901267516,0.8409729293213019,0.00569151364067273,0.4870870053720024,0.4051531905689249,0.5690208201750799,0.0,False
fraud,hgb,sigmoid,1.0,10,0.913264983673326,0.8409729293213019,0.00569151364067273,0.9075734700326533,0.7503105899463935,1.064836350118913,0.0,False
fraud,hgb,sigmoid,2.0,10,1.754237912994628,0.8409729293213019,0.00569151364067273,1.748546399353955,1.439698344976433,2.0573944537314772,0.0,False
fraud,logreg,isotonic,0.0,10,0.03887855061268916,0.146625820722587,0.0042186018749341666,0.034659948737755,0.022259934608618283,0.047059962866891715,0.0,False
fraud,logreg,isotonic,0.5,10,0.11219146097398265,0.146625820722587,0.0042186018749341666,0.10797285909904848,0.038079557260475086,0.17786616093762186,0.0,False
fraud,logreg,isotonic,1.0,10,0.18550437133527614,0.146625820722587,0.0042186018749341666,0.18128576946034197,0.04225583325048457,0.3203157056701994,0.0,False
fraud,logreg,isotonic,2.0,10,0.3321301920578631,0.146625820722587,0.0042186018749341666,0.327911590182929,0.04978098976088424,0.6060421906049738,0.0,False
fraud,logreg,none,0.0,10,0.05007197780976792,0.05450826867034164,0.0040132017836452365,0.046058776026122676,0.02838535793400513,0.06373219411824022,0.0,False
fraud,logreg,none,0.5,10,0.07732611214493872,0.05450826867034164,0.0040132017836452365,0.07331291036129349,0.06191455366469334,0.08471126705789364,0.0,False
fraud,logreg,none,1.0,10,0.10458024648010955,0.05450826867034164,0.0040132017836452365,0.10056704469646431,0.09342696676851847,0.10770712262441015,0.0,False
fraud,logreg,none,2.0,10,0.15908851515045117,0.05450826867034164,0.0040132017836452365,0.1550753133668059,0.14080810919024195,0.16934251754336987,0.0,False
fraud,logreg,sigmoid,0.0,10,0.05551595800709245,0.05264562339805484,0.004592535374460166,0.050923422632632276,0.030624689369068016,0.07122215589619654,0.0,False
fraud,logreg,sigmoid,0.5,10,0.08183876970611988,0.05264562339805484,0.004592535374460166,0.07724623433165971,0.06326403481171775,0.09122843385160168,0.0,False
fraud,logreg,sigmoid,1.0,10,0.10816158140514728,0.05264562339805484,0.004592535374460166,0.10356904603068713,0.09421125333855038,0.11292683872282389,0.0,False
fraud,logreg,sigmoid,2.0,10,0.16080720480320215,0.05264562339805484,0.004592535374460166,0.156214669428742,0.1421608374457448,0.1702685014117392,0.0,False
fraud,rf,isotonic,0.0,10,0.039068150696955864,0.580990835995927,0.0033496014887117722,0.0357185492082441,0.02357928677760982,0.047857811638878374,0.0,False
fraud,rf,isotonic,0.5,10,0.32956356869491943,0.580990835995927,0.0033496014887117722,0.32621396720620766,0.17277861355044555,0.47964932086196976,0.0,False
fraud,rf,isotonic,1.0,10,0.620058986692883,0.580990835995927,0.0033496014887117722,0.6167093852041712,0.31356803876623623,0.9198507316421061,0.0,False
fraud,rf,isotonic,2.0,10,1.2010498226888102,0.580990835995927,0.0033496014887117722,1.1977002212000982,0.5948147606136335,1.800585681786563,0.0,False
fraud,rf,none,0.0,10,0.0417085074260033,0.13474070432920193,0.003303957023980899,0.0384045504020224,0.019817691693064386,0.05699140911098041,0.05739999999999999,False
fraud,rf,none,0.5,10,0.10907885959060429,0.13474070432920193,0.003303957023980899,0.10577490256662336,0.01100782248072539,0.20054198265252132,0.0,False
fraud,rf,none,1.0,10,0.17644921175520523,0.13474070432920193,0.003303957023980899,0.17314525473122433,-0.006071231091972329,0.352361740554421,0.0,False
fraud,rf,none,2.0,10,0.3111899160844072,0.13474070432920193,0.003303957023980899,0.30788595906042626,-0.041257723326697304,0.6570296414475498,0.0,False
fraud,rf,sigmoid,0.0,10,0.05644991397773955,0.392370352164601,0.0034286015238228994,0.05302131245391665,0.032007995159626317,0.07403462974820699,0.0005,False
fraud,rf,sigmoid,0.5,10,0.25263509006004004,0.392370352164601,0.0034286015238228994,0.24920648853621713,0.09421847403498171,0.4041945030374525,0.0,False
fraud,rf,sigmoid,1.0,10,0.4488202661423405,0.392370352164601,0.0034286015238228994,0.4453916646185176,0.15193263483796382,0.7388506943990714,0.0,False
fraud,rf,sigmoid,2.0,10,0.8411906183069415,0.392370352164601,0.0034286015238228994,0.8377620167831186,0.2669173668499569,1.4086066667162802,0.0,False
mammography,ada,isotonic,0.0,10,0.06468484577559232,0.5231113097898972,0.08810907465355386,-0.023424228877961552,-0.03765508871744325,-0.009193369038479862,0.7988,True
mammography,ada,isotonic,0.5,10,0.32624050067054094,0.5231113097898972,0.08810907465355386,0.23813142601698703,0.15078918876811526,0.3254736632658588,0.0,False
mammography,ada,isotonic,1.0,10,0.5877961555654896,0.5231113097898972,0.08810907465355386,0.4996870809119356,0.31587197065741385,0.6835021911664574,0.0,False
mammography,ada,isotonic,2.0,10,1.1109074653553868,0.5231113097898972,0.08810907465355386,1.0227983907018328,0.645563464692192,1.4000333167114736,0.0,False
mammography,ada,none,0.0,10,0.11282968261063926,0.30491729995529726,0.08386231560125168,0.028967367009387575,0.021916967938941104,0.03601776607983405,0.0601,False
mammography,ada,none,0.5,10,0.2652883325882879,0.30491729995529726,0.08386231560125168,0.18142601698703623,0.10300351591229051,0.25984851806178194,0.0,False
mammography,ada,none,1.0,10,0.4177469825659365,0.30491729995529726,0.08386231560125168,0.33388466696468483,0.17433284081089434,0.4934364931184753,0.0,False
mammography,ada,none,2.0,10,0.7226642825212338,0.30491729995529726,0.08386231560125168,0.6388019669199821,0.3167940068372133,0.960809927002751,0.0,False
mammography,ada,sigmoid,0.0,10,0.11618238712561466,0.2470719713902548,0.08855610192221726,0.027626285203397404,0.015505498800642854,0.03974707160615196,0.1345,False
mammography,ada,sigmoid,0.5,10,0.23971837282074207,0.2470719713902548,0.08855610192221726,0.1511622708985248,0.0855007155527177,0.21682382624433189,0.0001,False
mammography,ada,sigmoid,1.0,10,0.3632543585158695,0.2470719713902548,0.08855610192221726,0.2746982565936522,0.13916434391854673,0.4102321692687577,0.0,False
mammography,ada,sigmoid,2.0,10,0.6103263299061242,0.2470719713902548,0.08855610192221726,0.5217702279839072,0.24578857914515123,0.797751876822663,0.0,False
mammography,et,isotonic,0.0,10,0.06678587393831023,0.4560572194903889,0.06329906124273581,0.0034868126955744315,-0.011799728843778131,0.018773354234926994,0.3867,False
mammography,et,isotonic,0.5,10,0.29481448368350466,0.4560572194903889,0.06329906124273581,0.2315154224407689,0.11982068392984352,0.34321016095169427,0.0024000000000000002,False
mammography,et,isotonic,1.0,10,0.5228430934286992,0.4560572194903889,0.06329906124273581,0.4595440321859633,0.2326954490391971,0.6863926153327295,0.0006000000000000001,False
mammography,et,isotonic,2.0,10,0.9789003129190881,0.4560572194903889,0.06329906124273581,0.9156012516763523,0.4577180829283814,1.3734844204243233,0.00030000000000000003,False
mammography,et,none,0.0,10,0.10339740724184177,0.13611980330800177,0.06419311578006257,0.03920429146177917,0.026509985827087267,0.05189859709647108,0.07100000000000001,False
mammography,et,none,0.5,10,0.17145730889584263,0.13611980330800177,0.06419311578006257,0.10726419311578006,0.058144772167748375,0.15638361406381174,0.0005,False
mammography,et,none,1.0,10,0.23951721054984354,0.13611980330800177,0.06419311578006257,0.17532409476978092,0.08430425898960914,0.2663439305499527,0.0,False
mammography,et,none,2.0,10,0.3756370138578453,0.13611980330800177,0.06419311578006257,0.3114438980777828,0.1356902093393153,0.48719758681625025,0.0,False
mammography,et,sigmoid,0.0,10,0.10371032632990611,0.17590523021904336,0.06504246759052304,0.038667858739383096,0.026462602238885836,0.050873115239880355,0.0688,False
mammography,et,sigmoid,0.5,10,0.1916629414394278,0.17590523021904336,0.06504246759052304,0.1266204738489048,0.05026429827586083,0.20297664942194876,0.0021999999999999997,False
mammography,et,sigmoid,1.0,10,0.27961555654894943,0.17590523021904336,0.06504246759052304,0.21457308895842647,0.06533068791415106,0.36381549000270186,0.0,False
mammography,et,sigmoid,2.0,10,0.4555207867679928,0.17590523021904336,0.06504246759052304,0.39047831917746983,0.09476807909377116,0.6861885592611685,0.0,False
mammography,gb,isotonic,0.0,10,0.05507375949932947,0.44148413053196245,0.083772910147519,-0.028699150648189536,-0.04302058912639122,-0.014377712169987851,0.8437999999999999,True
mammography,gb,isotonic,0.5,10,0.2758158247653107,0.44148413053196245,0.083772910147519,0.19204291461779172,0.09277386799788294,0.2913119612377005,0.0472,False
mammography,gb,isotonic,1.0,10,0.4965578900312918,0.44148413053196245,0.083772910147519,0.41278497988377294,0.2158789941882534,0.6096909655792925,0.0,False
mammography,gb,isotonic,2.0,10,0.9380420205632543,0.44148413053196245,0.083772910147519,0.8542691104157354,0.46131572249040576,1.2472224983410651,0.0,False
mammography,gb,none,0.0,10,0.11157800625838177,0.27559231113097893,0.07599463567277605,0.03558337058560572,0.02342295851035748,0.04774378266085396,0.09140000000000001,False
mammography,gb,none,0.5,10,0.24937416182387123,0.27559231113097893,0.07599463567277605,0.17337952615109523,0.09090255805460114,0.25585649424758933,0.0002,False
mammography,gb,none,1.0,10,0.38717031738936075,0.27559231113097893,0.07599463567277605,0.3111756817165847,0.14342343593938436,0.4789279274937851,0.0,False
mammography,gb,none,2.0,10,0.6627626285203398,0.27559231113097893,0.07599463567277605,0.5867679928475638,0.24784481495297928,0.9256911707421482,0.0,False
mammography,gb,sigmoid,0.0,10,0.11345552078676799,0.2289226642825212,0.08001788109074653,0.033437639696021454,0.025771692267766967,0.04110358712427594,0.0508,False
mammography,gb,sigmoid,0.5,10,0.2279168529280286,0.2289226642825212,0.08001788109074653,0.1478989718372821,0.07730538822191728,0.2184925554526469,0.0001,False
mammography,gb,sigmoid,1.0,10,0.3423781850692892,0.2289226642825212,0.08001788109074653,0.26236030397854265,0.12217860981397016,0.40254199814311514,0.0,False
mammography,gb,sigmoid,2.0,10,0.5713008493518104,0.2289226642825212,0.08001788109074653,0.4912829682610639,0.2116151078592282,0.7709508286628995,0.0,False
mammography,gnb,isotonic,0.0,10,0.09097004917299956,0.6150201162270899,0.11005811354492623,-0.01908806437192669,-0.02823563033251624,-0.009940498411337135,0.8000999999999999,True
mammography,gnb,isotonic,0.5,10,0.3984801072865444,0.6150201162270899,0.11005811354492623,0.28842199374161825,0.20165016679345957,0.3751938206897769,0.0063,False
mammography,gnb,isotonic,1.0,10,0.7059901654000894,0.6150201162270899,0.11005811354492623,0.5959320518551631,0.4219709600668808,0.7698931436434453,0.0,False
mammography,gnb,isotonic,2.0,10,1.3210102816271792,0.6150201162270899,0.11005811354492623,1.2109521680822528,0.862253153155816,1.5596511830086897,0.0,False
mammography,gnb,none,0.0,10,0.11622708985248101,0.2944121591417077,0.10603486812695576,0.010192221725525258,-0.0019377097341733585,0.022322153185223875,0.3203,False
mammography,gnb,none,0.5,10,0.26343316942333483,0.2944121591417077,0.10603486812695576,0.15739830129637908,0.0833073203472211,0.23148928224553705,0.0196,False
mammography,gnb,none,1.0,10,0.4106392489941886,0.2944121591417077,0.10603486812695576,0.3046043808672329,0.1544959143630225,0.4547128473714433,0.0027999999999999995,False
mammography,gnb,none,2.0,10,0.7050514081358962,0.2944121591417077,0.10603486812695576,0.5990165400089406,0.2961619076437462,0.9018711723741348,0.0004,False
mammography,gnb,sigmoid,0.0,10,0.11564595440321859,0.28770675011175684,0.10603486812695576,0.009611086276262852,-0.0013278338391803021,0.020550006391706007,0.32409999999999994,False
mammography,gnb,sigmoid,0.5,10,0.259499329459097,0.28770675011175684,0.10603486812695576,0.15346446133214128,0.08019876764271035,0.22673015502157223,0.0223,False
mammography,gnb,sigmoid,1.0,10,0.40335270451497546,0.28770675011175684,0.10603486812695576,0.2973178363880197,0.14710245082161857,0.4475332219544208,0.0037000000000000006,False
mammography,gnb,sigmoid,2.0,10,0.6910594546267322,0.28770675011175684,0.10603486812695576,0.5850245864997765,0.2803870029505644,0.8896621700489886,0.0004,False
mammography,hgb,isotonic,0.0,10,0.0396960214573089,0.5874385337505588,0.06906571300849351,-0.029369691551184622,-0.043652513190985454,-0.015086869911383787,0.9082000000000001,True
mammography,hgb,isotonic,0.5,10,0.3334152883325883,0.5874385337505588,0.06906571300849351,0.26434957532409475,0.1949835369181217,0.3337156137300678,0.0,False
mammography,hgb,isotonic,1.0,10,0.6271345552078678,0.5874385337505588,0.06906571300849351,0.5580688421993741,0.4140625282839357,0.7020751561148126,0.0,False
mammography,hgb,isotonic,2.0,10,1.2145730889584265,0.5874385337505588,0.06906571300849351,1.145507375949933,0.8513208205230365,1.4396939313768295,0.0,False
mammography,hgb,none,0.0,10,0.06736700938757265,0.32597228430934283,0.06745641484130532,-8.940545373267716e-05,-0.016305217060870666,0.016126406153405312,0.5379,True
mammography,hgb,none,0.5,10,0.23035315154224406,0.32597228430934283,0.06745641484130532,0.1628967367009388,0.1241596518892197,0.2016338215126579,0.029099999999999997,False
mammography,hgb,none,1.0,10,0.3933392936969155,0.32597228430934283,0.06745641484130532,0.3258828788556102,0.248049608005571,0.4037161497056494,0.0253,False
mammography,hgb,none,2.0,10,0.7193115780062583,0.32597228430934283,0.06745641484130532,0.6518551631649532,0.49332292029983316,0.8103874060300732,0.0189,False
mammography,hgb,sigmoid,0.0,10,0.06025927581582476,0.3381761287438534,0.07103263299061242,-0.010773357174787663,-0.024617298126186106,0.0030705837766107826,0.5791999999999999,True
mammography,hgb,sigmoid,0.5,10,0.22934734018775144,0.3381761287438534,0.07103263299061242,0.158314707197139,0.12368300114533295,0.19294641324894504,0.011,False
mammography,hgb,sigmoid,1.0,10,0.3984354045596782,0.3381761287438534,0.07103263299061242,0.3274027715690657,0.2542575694878877,0.40054797365024375,0.0013,False
mammography,hgb,sigmoid,2.0,10,0.7366115333035315,0.3381761287438534,0.07103263299061242,0.665578900312919,0.5136531055455194,0.8175046950803186,0.0,False
mammography,logreg,isotonic,0.0,10,0.070317389360751,0.6595440321859634,0.09673670093875726,-0.026419311578006262,-0.04375606129502591,-0.009082561860986611,0.7637,True
mammography,logreg,isotonic,0.5,10,0.4000894054537327,0.6595440321859634,0.09673670093875726,0.3033527045149754,0.22394941911464009,0.3827559899153108,0.027500000000000004,False
mammography,logreg,isotonic,1.0,10,0.7298614215467144,0.6595440321859634,0.09673670093875726,0.6331247206079571,0.4695590427849434,0.7966903984309708,0.00030000000000000003,False
mammography,logreg,isotonic,2.0,10,1.3894054537326779,0.6595440321859634,0.09673670093875726,1.2926687527939205,0.9595246089409535,1.6258128966468874,0.0,False
mammography,logreg,none,0.0,10,0.11153330353151543,0.4118909253464461,0.09097004917299956,0.02056325435851587,0.013555083799091313,0.027571424917940426,0.1338,False
mammography,logreg,none,0.5,10,0.3174787662047385,0.4118909253464461,0.09097004917299956,0.22650871703173894,0.1360789390404984,0.3169384950229795,0.028600000000000004,False
mammography,logreg,none,1.0,10,0.5234242288779616,0.4118909253464461,0.09097004917299956,0.4324541797049621,0.2525231832699004,0.6123851761400237,0.0097,False
mammography,logreg,none,2.0,10,0.9353151542244078,0.4118909253464461,0.09097004917299956,0.8443451050514081,0.48521007995347293,1.2034801301493434,0.00030000000000000003,False
mammography,logreg,sigmoid,0.0,10,0.11144389807778274,0.41484130531962443,0.09110415735359857,0.020339740724184176,0.013360536600945168,0.027318944847423185,0.1323,False
mammography,logreg,sigmoid,0.5,10,0.318864550737595,0.41484130531962443,0.09110415735359857,0.22776039338399645,0.13659668538317848,0.3189241013848144,0.0254,False
mammography,logreg,sigmoid,1.0,10,0.5262852033974073,0.41484130531962443,0.09110415735359857,0.4351810460438087,0.25357615918023035,0.616785932907387,0.0075,False
mammography,logreg,sigmoid,2.0,10,0.9411265087170317,0.41484130531962443,0.09110415735359857,0.8500223513634333,0.4873357590894525,1.212708943637414,0.0008,False
mammography,rf,isotonic,0.0,10,0.07147966025927581,0.4134108180599017,0.07000447027268664,0.0014751899865891825,-0.013107856580694521,0.016058236553872885,0.4937,False
mammography,rf,isotonic,0.5,10,0.27818506928922665,0.4134108180599017,0.07000447027268664,0.20818059901654,0.10884699152515372,0.3075142065079263,0.0008,False
mammography,rf,isotonic,1.0,10,0.4848904783191775,0.4134108180599017,0.07000447027268664,0.41488600804649084,0.21613061341068768,0.6136414026822941,0.0006000000000000001,False
mammography,rf,isotonic,2.0,10,0.8983012963790792,0.4134108180599017,0.07000447027268664,0.8282968261063924,0.4298963837063727,1.2266972685064121,0.0004,False
mammography,rf,none,0.0,10,0.11166741171211443,0.22740277156906571,0.06803755029056772,0.04362986142154671,0.032094354090583636,0.05516536875250979,0.034499999999999996,False
mammography,rf,none,0.5,10,0.22536879749664732,0.22740277156906571,0.06803755029056772,0.15733124720607958,0.08145084260941877,0.2332116518027404,0.0006000000000000001,False
mammography,rf,none,1.0,10,0.3390701832811801,0.22740277156906571,0.06803755029056772,0.2710326329906124,0.11778552222344219,0.42427974375778266,0.0,False
mammography,rf,none,2.0,10,0.5664729548502458,0.22740277156906571,0.06803755029056772,0.4984354045596781,0.18981819971679087,0.8070526094025654,0.0,False
mammography,rf,sigmoid,0.0,10,0.11242735806884221,0.19776486365668305,0.0681269557443004,0.04430040232454179,0.03218690173048368,0.056413902918599906,0.046700000000000005,False
mammography,rf,sigmoid,0.5,10,0.21130978989718371,0.19776486365668305,0.0681269557443004,0.14318283415288333,0.07045691353865675,0.2159087547671099,0.0021999999999999997,False
mammography,rf,sigmoid,1.0,10,0.3101922217255253,0.19776486365668305,0.0681269557443004,0.24206526598122488,0.09874096165993515,0.38538957030251464,0.0002,False
mammography,rf,sigmoid,2.0,10,0.5079570853822084,0.19776486365668305,0.0681269557443004,0.43983012963790796,0.1545603069935867,0.7250999522822292,0.0,False
miniboone,ada,isotonic,0.0,10,0.31372775150886095,0.02233114212124707,0.24077961019490254,0.07294814131395841,0.05442227327049849,0.09147400935741833,0.0171,False
miniboone,ada,isotonic,0.5,10,0.32489332256948444,0.02233114212124707,0.24077961019490254,0.08411371237458194,0.06853686779536701,0.09969055695379687,0.0,False
miniboone,ada,isotonic,1.0,10,0.336058893630108,0.02233114212124707,0.24077961019490254,0.09527928343520548,0.08207433089239023,0.10848423597802072,0.0,False
miniboone,ada,isotonic,2.0,10,0.3583900357513551,0.02233114212124707,0.24077961019490254,0.11761042555645256,0.10600252764688499,0.12921832346602014,0.0,False
miniboone,ada,none,0.0,10,0.34778764463921885,0.00447084150232576,0.2427978318533041,0.10498981278591472,0.09755701147079865,0.1124226141010308,0.0,False
miniboone,ada,none,0.5,10,0.35002306539038175,0.00447084150232576,0.2427978318533041,0.10722523353707761,0.10035135972156155,0.11409910735259367,0.0,False
miniboone,ada,none,1.0,10,0.35225848614154465,0.00447084150232576,0.2427978318533041,0.1094606542882405,0.10307835170446138,0.11584295687201963,0.0,False
miniboone,ada,none,2.0,10,0.3567293276438704,0.00447084150232576,0.2427978318533041,0.11393149579056627,0.10826217537782218,0.11960081620331037,0.0,False
miniboone,ada,sigmoid,0.0,10,0.3456002767846846,0.0026871179794718024,0.24118709875831318,0.10441317802637143,0.09737647059606003,0.11144988545668283,0.0,False
miniboone,ada,sigmoid,0.5,10,0.34694383577442045,0.0026871179794718024,0.24118709875831318,0.10575673701610735,0.09912074655455196,0.11239272747766275,0.0,False
miniboone,ada,sigmoid,1.0,10,0.3482873947641564,0.0026871179794718024,0.24118709875831318,0.10710029600584323,0.10085912081910854,0.11334147119257791,0.0,False
miniboone,ada,sigmoid,2.0,10,0.35097451274362823,0.0026871179794718024,0.24118709875831318,0.10978741398531504,0.10431307334907013,0.11526175462155995,0.0,False
miniboone,et,isotonic,0.0,10,0.1815246223042325,0.03161496174989428,0.16412562949294582,0.017398992811286665,0.00840512054109118,0.02639286508148215,0.0675,False
miniboone,et,isotonic,0.5,10,0.19733210317917962,0.03161496174989428,0.16412562949294582,0.033206473686233806,0.027010129431310943,0.03940281794115667,0.0001,False
miniboone,et,isotonic,1.0,10,0.2131395840541268,0.03161496174989428,0.16412562949294582,0.04901395456118095,0.04497554903314503,0.05305236008921686,0.0,False
miniboone,et,isotonic,2.0,10,0.2447545458040211,0.03161496174989428,0.16412562949294582,0.08062891631107524,0.07485275205727537,0.08640508056487511,0.0,False
miniboone,et,none,0.0,10,0.15510321762195825,0.04918310075731365,0.160492830507823,-0.00538961288586476,-0.008660800366635824,-0.002118425405093697,0.7731000000000001,True
miniboone,et,none,0.5,10,0.17969476800061507,0.04918310075731365,0.160492830507823,0.019201937492792066,0.015866630594577887,0.022537244391006246,0.0010999999999999998,False
miniboone,et,none,1.0,10,0.2042863183792719,0.04918310075731365,0.160492830507823,0.043793487871448884,0.040174153163001304,0.047412822579896464,0.0,False
miniboone,et,none,2.0,10,0.25346941913658555,0.04918310075731365,0.160492830507823,0.09297658862876255,0.08831769088879236,0.09763548636873275,0.0,False
miniboone,et,sigmoid,0.0,10,0.16332987352477607,0.04627686156921539,0.16344520047668473,-0.00011532695190866115,-0.003633024190607186,0.003402370286789864,0.5296,True
miniboone,et,sigmoid,0.5,10,0.18646830430938374,0.04627686156921539,0.16344520047668473,0.023023103832699034,0.019655930948108545,0.026390276717289524,0.0,False
miniboone,et,sigmoid,1.0,10,0.20960673509399147,0.04627686156921539,0.16344520047668473,0.04616153461730673,0.04271408288367205,0.04960898635094141,0.0,False
miniboone,et,sigmoid,2.0,10,0.25588359666320687,0.04627686156921539,0.16344520047668473,0.09243839618652212,0.0882277790766302,0.09664901329641405,0.0,False
miniboone,gb,isotonic,0.0,10,0.21672625225848613,0.027097989466805063,0.17884134855649098,0.03788490370199516,0.02005144552724552,0.0557183618767448,0.0071,False
miniboone,gb,isotonic,0.5,10,0.23027524699188867,0.027097989466805063,0.17884134855649098,0.05143389843539768,0.036864881591158256,0.06600291527963711,0.0,False
miniboone,gb,isotonic,1.0,10,0.2438242417252912,0.027097989466805063,0.17884134855649098,0.06498289316880021,0.05354251759990824,0.07642326873769217,0.0,False
miniboone,gb,isotonic,2.0,10,0.27092223119209624,0.027097989466805063,0.17884134855649098,0.09208088263560528,0.08565127643509979,0.09851048883611077,0.0,False
miniboone,gb,none,0.0,10,0.19209625956252646,0.040133779264214055,0.17890670049590587,0.013189559066620537,0.009289390153245241,0.017089727979995833,0.0502,False
miniboone,gb,none,0.5,10,0.21216314919463347,0.040133779264214055,0.17890670049590587,0.033256448698727556,0.029449800522066645,0.03706309687538847,0.0,False
miniboone,gb,none,1.0,10,0.23223003882674048,0.040133779264214055,0.17890670049590587,0.05332333833083458,0.04937478712969078,0.05727188953197838,0.0,False
miniboone,gb,none,2.0,10,0.27236381809095456,0.040133779264214055,0.17890670049590587,0.09345711759504863,0.08863469813383468,0.09827953705626258,0.0,False
miniboone,gb,sigmoid,0.0,10,0.19445661784492368,0.03986083881136355,0.17851843309114673,0.01593818475377696,0.010251886832965183,0.021624482674588733,0.04340000000000001,False
miniboone,gb,sigmoid,0.5,10,0.21438703725060546,0.03986083881136355,0.17851843309114673,0.035868604159458736,0.03052637417244207,0.0412108341464754,0.0,False
miniboone,gb,sigmoid,1.0,10,0.23431745665628725,0.03986083881136355,0.17851843309114673,0.05579902356514051,0.05056259179336875,0.061035455336912264,0.0,False
miniboone,gb,sigmoid,2.0,10,0.27417829546765077,0.03986083881136355,0.17851843309114673,0.09565986237650406,0.08989723376954277,0.10142249098346535,0.0,False
miniboone,gnb,isotonic,0.0,10,0.0018452312305385766,0.9945104370891477,0.715911275131665,-0.7140660439011264,-0.7146862529319888,-0.7134458348702639,1.0,True
miniboone,gnb,isotonic,0.5,10,0.4991004497751125,0.9945104370891477,0.715911275131665,-0.21681082535655247,-0.21712999177705464,-0.2164916589360503,1.0,True
miniboone,gnb,isotonic,1.0,10,0.9963556683196865,0.9945104370891477,0.715911275131665,0.28044439318802133,0.2803744290905232,0.2805143572855195,0.0,False
miniboone,gnb,isotonic,2.0,10,1.9908661054088341,0.9945104370891477,0.715911275131665,1.2749548302771692,1.2743478624495925,1.2755617981047458,0.0,False
miniboone,gnb,none,0.0,10,0.001922115865144351,0.9944796832353054,0.7159650943758888,-0.7140429785107446,-0.7148906976495508,-0.7131952593719384,1.0,True
miniboone,gnb,none,0.5,10,0.4991619574827971,0.9944796832353054,0.7159650943758888,-0.2168031368930919,-0.2172177048696548,-0.21638856891652902,1.0,True
miniboone,gnb,none,1.0,10,0.9964017991004498,0.9944796832353054,0.7159650943758888,0.2804367047245608,0.2803557091957269,0.2805177002533947,0.0,False
miniboone,gnb,none,2.0,10,1.9908814823357552,0.9944796832353054,0.7159650943758888,1.274916387959866,1.2740106771829012,1.2758220987368307,0.0,False
miniboone,gnb,sigmoid,0.0,10,0.0018452312305385766,0.9945104370891477,0.7171990927613117,-0.7153538615307731,-0.7156944078517222,-0.7150133152098239,1.0,True
miniboone,gnb,sigmoid,0.5,10,0.4991004497751125,0.9945104370891477,0.7171990927613117,-0.21809864298619921,-0.2184159759845748,-0.21778130998782363,1.0,True
miniboone,gnb,sigmoid,1.0,10,0.9963556683196865,0.9945104370891477,0.7171990927613117,0.2791565755583747,0.27863576035510784,0.27967739076164155,0.0,False
miniboone,gnb,sigmoid,2.0,10,1.9908661054088341,0.9945104370891477,0.7171990927613117,1.2736670126475222,1.2725854376889574,1.2747485876060871,0.0,False
miniboone,hgb,isotonic,0.0,10,0.13616268788682584,0.047514704186368356,0.14739937723445967,-0.011236689347633874,-0.01726934078675371,-0.00520403790851404,0.8343,True
miniboone,hgb,isotonic,0.5,10,0.15992003998000998,0.047514704186368356,0.14739937723445967,0.0125206627455503,0.00756479691377128,0.01747652857732932,0.0508,False
miniboone,hgb,isotonic,1.0,10,0.18367739207319417,0.047514704186368356,0.14739937723445967,0.03627801483873448,0.03217749716135701,0.040378532516111953,0.0,False
miniboone,hgb,isotonic,2.0,10,0.23119209625956255,0.047514704186368356,0.14739937723445967,0.08379271902510282,0.0801077126001564,0.08747772545004925,0.0,False
miniboone,hgb,none,0.0,10,0.11919809326106176,0.05812862799369545,0.1462691731057548,-0.027071079844693036,-0.02851411749614082,-0.02562804219324525,1.0,True
miniboone,hgb,none,0.5,10,0.1482624072579095,0.05812862799369545,0.1462691731057548,0.001993234152154692,0.0007455266854966415,0.0032409416188127426,0.31829999999999997,False
miniboone,hgb,none,1.0,10,0.17732672125475724,0.05812862799369545,0.1462691731057548,0.03105754814900242,0.02972105348471814,0.03239404281328669,0.0,False
miniboone,hgb,none,2.0,10,0.2354553492484527,0.05812862799369545,0.1462691731057548,0.08918617614269787,0.0870624554601184,0.09130989682527735,0.0,False
miniboone,hgb,sigmoid,0.0,10,0.12258870564717639,0.05760196824664591,0.1465767116441779,-0.0239880059970015,-0.027771776415742775,-0.020204235578260222,0.9999,True
miniboone,hgb,sigmoid,0.5,10,0.15138968977049938,0.05760196824664591,0.1465767116441779,0.004812978126321454,0.0010721915279899453,0.008553764724652963,0.26070000000000004,False
miniboone,hgb,sigmoid,1.0,10,0.18019067389382232,0.05760196824664591,0.1465767116441779,0.03361396224964441,0.02980211849976022,0.03742580599952859,0.0,False
miniboone,hgb,sigmoid,2.0,10,0.23779264214046827,0.05760196824664591,0.1465767116441779,0.09121593049629032,0.08695168409248595,0.09548017690009468,0.0,False
miniboone,logreg,isotonic,0.0,10,0.3195056317994849,0.10660823434436628,0.35715988159766265,-0.03765424979817783,-0.052204406733551284,-0.02310409286280438,0.9772000000000001,True
miniboone,logreg,isotonic,0.5,10,0.3728097489716681,0.10660823434436628,0.35715988159766265,0.015649867374005307,0.003997913822870448,0.027301820925140167,0.2798,False
miniboone,logreg,isotonic,1.0,10,0.42611386614385116,0.10660823434436628,0.35715988159766265,0.06895398454618844,0.05974214817514202,0.07816582091723485,0.0,False
miniboone,logreg,isotonic,2.0,10,0.5327221004882174,0.10660823434436628,0.35715988159766265,0.1755622188905547,0.1679382695182703,0.18318616826283912,0.0,False
miniboone,logreg,none,0.0,10,0.3535885903202245,0.07329796640141467,0.34597701149425286,0.007611578825971628,-0.0006692447209877021,0.015892402372930957,0.29910000000000003,False
miniboone,logreg,none,0.5,10,0.39023757352093186,0.07329796640141467,0.34597701149425286,0.044260562026678975,0.03692136107877719,0.05159976297458076,0.0,False
miniboone,logreg,none,1.0,10,0.4268865567216392,0.07329796640141467,0.34597701149425286,0.0809095452273863,0.07437537229289631,0.0874437181618763,0.0,False
miniboone,logreg,none,2.0,10,0.500184523123054,0.07329796640141467,0.34597701149425286,0.154207511628801,0.148641754982567,0.15977326827503502,0.0,False
miniboone,logreg,sigmoid,0.0,10,0.35278130165686383,0.08235497635797487,0.35743282205051324,-0.0046515203936493285,-0.011514832300199947,0.0022117915129012903,0.6624,True
miniboone,logreg,sigmoid,0.5,10,0.3939587898358513,0.08235497635797487,0.35743282205051324,0.0365259677853381,0.03053643339141477,0.04251550217926143,0.0,False
miniboone,logreg,sigmoid,1.0,10,0.4351362780148387,0.08235497635797487,0.35743282205051324,0.07770345596432553,0.07248452295995304,0.08292238896869801,0.0,False
miniboone,logreg,sigmoid,2.0,10,0.5174912543728135,0.08235497635797487,0.35743282205051324,0.16005843232230038,0.15584624249316817,0.1642706221514326,0.0,False
miniboone,rf,isotonic,0.0,10,0.16275708299696304,0.04289009341483105,0.1639987698458463,-0.0012416868488832511,-0.008406596465808668,0.005923222768042167,0.5332000000000001,True
miniboone,rf,isotonic,0.5,10,0.18420212970437858,0.04289009341483105,0.1639987698458463,0.02020335985853227,0.013761224598439117,0.026645495118625424,0.0478,False
miniboone,rf,isotonic,1.0,10,0.2056471764117941,0.04289009341483105,0.1639987698458463,0.041648406565947794,0.035693082486522865,0.047603730645372724,0.0,False
miniboone,rf,isotonic,2.0,10,0.24853726982662513,0.04289009341483105,0.1639987698458463,0.08453849998077884,0.07863983529058688,0.0904371646709708,0.0,False
miniboone,rf,none,0.0,10,0.14428170530119558,0.0528043670472456,0.15861300119171184,-0.014331295890516283,-0.0172648163975333,-0.011397775383499268,0.9808999999999999,True
miniboone,rf,none,0.5,10,0.17068388882481836,0.0528043670472456,0.15861300119171184,0.012070887633106524,0.009565773349520003,0.014576001916693046,0.014500000000000002,False
miniboone,rf,none,1.0,10,0.19708607234844117,0.0528043670472456,0.15861300119171184,0.03847307115672933,0.03630037749113991,0.04064576482231875,0.0,False
miniboone,rf,none,2.0,10,0.24989043939568675,0.0528043670472456,0.15861300119171184,0.09127743820397494,0.08929364544978192,0.09326123095816795,0.0,False
miniboone,rf,sigmoid,0.0,10,0.15198170145696382,0.0505631799484873,0.16319148118248566,-0.011209779725521854,-0.015437604890468219,-0.006981954560575489,0.9095000000000001,True
miniboone,rf,sigmoid,0.5,10,0.17726329143120748,0.0505631799484873,0.16319148118248566,0.014071810248721794,0.01029073129262223,0.017852889204821358,0.0186,False
miniboone,rf,sigmoid,1.0,10,0.20254488140545113,0.0505631799484873,0.16319148118248566,0.03935340022296545,0.035938631705107756,0.04276816874082314,0.0,False
miniboone,rf,sigmoid,2.0,10,0.25310806135393843,0.0505631799484873,0.16319148118248566,0.08991658017145274,0.08688097208059158,0.0929521882623139,0.0,False
oil_spill,ada,isotonic,0.0,10,0.0675531914893617,0.7372340425531915,0.24202127659574466,-0.17446808510638298,-0.2182828912403546,-0.13065327897241136,0.9292,True
oil_spill,ada,isotonic,0.5,10,0.43617021276595747,0.7372340425531915,0.24202127659574466,0.19414893617021275,0.0909268098902584,0.2973710624501671,0.2116,False
oil_spill,ada,isotonic,1.0,10,0.8047872340425531,0.7372340425531915,0.24202127659574466,0.5627659574468085,0.3686792494557617,0.7568526654378552,0.044700000000000004,False
oil_spill,ada,isotonic,2.0,10,1.5420212765957448,0.7372340425531915,0.24202127659574466,1.2999999999999998,0.9171963242176937,1.682803675782306,0.003,False
oil_spill,ada,none,0.0,10,0.14095744680851063,0.18085106382978725,0.2085106382978723,-0.0675531914893617,-0.12265530300996928,-0.012451079968754122,0.7224999999999999,True
oil_spill,ada,none,0.5,10,0.23138297872340424,0.18085106382978725,0.2085106382978723,0.022872340425531917,-0.035295110450636935,0.08103979130170078,0.3633,False
oil_spill,ada,none,1.0,10,0.32180851063829785,0.18085106382978725,0.2085106382978723,0.11329787234042552,0.0409331979871138,0.18566254669373722,0.1961,False
oil_spill,ada,none,2.0,10,0.5026595744680851,0.18085106382978725,0.2085106382978723,0.2941489361702127,0.17812744714252698,0.4101704251978984,0.041100000000000005,False
oil_spill,ada,sigmoid,0.0,10,0.12074468085106382,0.3404255319148936,0.2308510638297872,-0.1101063829787234,-0.16708339598454744,-0.053129369972899354,0.7535000000000001,True
oil_spill,ada,sigmoid,0.5,10,0.29095744680851066,0.3404255319148936,0.2308510638297872,0.06010638297872341,-0.00553308388903509,0.1257458498464819,0.2784,False
oil_spill,ada,sigmoid,1.0,10,0.4611702127659574,0.3404255319148936,0.2308510638297872,0.23031914893617023,0.12523252236288504,0.3354057755094554,0.07810000000000002,False
oil_spill,ada,sigmoid,2.0,10,0.801595744680851,0.3404255319148936,0.2308510638297872,0.5707446808510638,0.3669555308576269,0.7745338308445007,0.0063,False
oil_spill,et,isotonic,0.0,10,0.06382978723404256,0.701063829787234,0.24042553191489363,-0.17659574468085107,-0.2304509027383101,-0.12274058662339205,0.9435,True
oil_spill,et,isotonic,0.5,10,0.41436170212765955,0.701063829787234,0.24042553191489363,0.17393617021276594,0.07754399764127726,0.27032834278425466,0.21149999999999997,False
oil_spill,et,isotonic,1.0,10,0.7648936170212766,0.701063829787234,0.24042553191489363,0.524468085106383,0.34215404357929513,0.7067821266334708,0.029199999999999997,False
oil_spill,et,isotonic,2.0,10,1.4659574468085108,0.701063829787234,0.24042553191489363,1.225531914893617,0.8597451120816335,1.5913187177056005,0.0008,False
oil_spill,et,none,0.0,10,0.16702127659574467,0.2542553191489362,0.23617021276595743,-0.06914893617021275,-0.12120704580100006,-0.017090826539425445,0.6108999999999999,True
oil_spill,et,none,0.5,10,0.2941489361702127,0.2542553191489362,0.23617021276595743,0.05797872340425532,0.005339250200890051,0.1106181966076206,0.2274,False
oil_spill,et,none,1.0,10,0.4212765957446808,0.2542553191489362,0.23617021276595743,0.1851063829787234,0.06777295104740963,0.30243981491003713,0.10129999999999999,False
oil_spill,et,none,2.0,10,0.675531914893617,0.2542553191489362,0.23617021276595743,0.43936170212765957,0.17751130072515608,0.7012121035301631,0.0643,False
oil_spill,et,sigmoid,0.0,10,0.14202127659574468,0.24627659574468086,0.2420212765957447,-0.1,-0.14635943836238086,-0.05364056163761916,0.8033999999999999,True
oil_spill,et,sigmoid,0.5,10,0.26515957446808514,0.24627659574468086,0.2420212765957447,0.023138297872340424,-0.026618972338514936,0.07289556808319578,0.43149999999999994,False
oil_spill,et,sigmoid,1.0,10,0.38829787234042556,0.24627659574468086,0.2420212765957447,0.14627659574468085,0.05362221639662401,0.2389309750927377,0.18,False
oil_spill,et,sigmoid,2.0,10,0.6345744680851063,0.24627659574468086,0.2420212765957447,0.3925531914893617,0.19723215027930852,0.5878742326994149,0.0655,False
oil_spill,gb,isotonic,0.0,10,0.03723404255319149,0.7585106382978724,0.2765957446808511,-0.23936170212765956,-0.28831115042390304,-0.19041225383141608,0.9765,True
oil_spill,gb,isotonic,0.5,10,0.4164893617021277,0.7585106382978724,0.2765957446808511,0.1398936170212766,0.04196326855232682,0.23782396549022636,0.251,False
oil_spill,gb,isotonic,1.0,10,0.7957446808510638,0.7585106382978724,0.2765957446808511,0.5191489361702128,0.33432830349011294,0.7039695688503127,0.0635,False
oil_spill,gb,isotonic,2.0,10,1.5542553191489363,0.7585106382978724,0.2765957446808511,1.277659574468085,0.9096686536002532,1.6456504953359168,0.0006000000000000001,False
oil_spill,gb,none,0.0,10,0.1127659574468085,0.49468085106382986,0.23882978723404252,-0.12606382978723404,-0.18413257634677005,-0.06799508322769804,0.8177000000000001,True
oil_spill,gb,none,0.5,10,0.3601063829787234,0.49468085106382986,0.23882978723404252,0.12127659574468086,0.03969426415798637,0.20285892733137534,0.18489999999999998,False
oil_spill,gb,none,1.0,10,0.6074468085106383,0.49468085106382986,0.23882978723404252,0.3686170212765958,0.19925034146687903,0.5379837010863125,0.038,False
oil_spill,gb,none,2.0,10,1.1021276595744682,0.49468085106382986,0.23882978723404252,0.8632978723404255,0.5041586838039773,1.2224370608768738,0.0043,False
oil_spill,gb,sigmoid,0.0,10,0.10531914893617023,0.5021276595744681,0.26063829787234044,-0.15531914893617021,-0.22232431642493689,-0.08831398144740353,0.8526,True
oil_spill,gb,sigmoid,0.5,10,0.3563829787234042,0.5021276595744681,0.26063829787234044,0.09574468085106383,-0.004078237153801595,0.19556759885592925,0.30060000000000003,False
oil_spill,gb,sigmoid,1.0,10,0.6074468085106383,0.5021276595744681,0.26063829787234044,0.3468085106382978,0.14700666775466173,0.5466103535219339,0.1163,False
oil_spill,gb,sigmoid,2.0,10,1.1095744680851065,0.5021276595744681,0.26063829787234044,0.848936170212766,0.4326708506667732,1.265201489758759,0.0236,False
oil_spill,gnb,isotonic,0.0,10,0.0925531914893617,0.8643617021276595,0.3313829787234042,-0.23882978723404258,-0.2708486007079496,-0.2068109737601356,0.9856,True
oil_spill,gnb,isotonic,0.5,10,0.5247340425531914,0.8643617021276595,0.3313829787234042,0.19335106382978723,0.15749563673947942,0.22920649092009504,0.05910000000000001,False
oil_spill,gnb,isotonic,1.0,10,0.9569148936170213,0.8643617021276595,0.3313829787234042,0.6255319148936169,0.5728007511953961,0.6782630785918378,0.0,False
oil_spill,gnb,isotonic,2.0,10,1.8212765957446813,0.8643617021276595,0.3313829787234042,1.4898936170212767,1.392558249430586,1.5872289846119674,0.0,False
oil_spill,gnb,none,0.0,10,0.1632978723404255,0.675531914893617,0.4026595744680851,-0.23936170212765956,-0.2867313135522297,-0.19199209070308945,0.9776,True
oil_spill,gnb,none,0.5,10,0.5010638297872341,0.675531914893617,0.4026595744680851,0.09840425531914895,0.036330739856714436,0.16047777078158348,0.2022,False
oil_spill,gnb,none,1.0,10,0.8388297872340426,0.675531914893617,0.4026595744680851,0.43617021276595747,0.32018047600770877,0.5521599495242061,0.09659999999999999,False
oil_spill,gnb,none,2.0,10,1.5143617021276594,0.675531914893617,0.4026595744680851,1.1117021276595744,0.873734936887169,1.34966931843198,0.0,False
oil_spill,gnb,sigmoid,0.0,10,0.1691489361702128,0.6297872340425532,0.41542553191489356,-0.2462765957446808,-0.2895435999189797,-0.20300959157038187,0.9715,True
oil_spill,gnb,sigmoid,0.5,10,0.4840425531914894,0.6297872340425532,0.41542553191489356,0.06861702127659575,0.02739696482746734,0.10983707772572415,0.3012,False
oil_spill,gnb,sigmoid,1.0,10,0.798936170212766,0.6297872340425532,0.41542553191489356,0.38351063829787235,0.2976596904743857,0.46936158612135903,0.021200000000000004,False
oil_spill,gnb,sigmoid,2.0,10,1.4287234042553192,0.6297872340425532,0.41542553191489356,1.0132978723404258,0.8229149214901776,1.203680823190674,0.00030000000000000003,False
oil_spill,hgb,isotonic,0.0,10,0.06382978723404255,0.6776595744680851,0.24255319148936166,-0.17872340425531913,-0.22904032352279005,-0.1284064849878482,0.9315999999999999,True
oil_spill,hgb,isotonic,0.5,10,0.4026595744680851,0.6776595744680851,0.24255319148936166,0.1601063829787234,0.04787160566271907,0.2723411602947277,0.2251,False
oil_spill,hgb,isotonic,1.0,10,0.7414893617021276,0.6776595744680851,0.24255319148936166,0.498936170212766,0.2933078411630916,0.7045644992624404,0.08399999999999999,False
oil_spill,hgb,isotonic,2.0,10,1.4191489361702128,0.6776595744680851,0.24255319148936166,1.1765957446808513,0.7759459307199685,1.577245558641734,0.0024000000000000002,False
oil_spill,hgb,none,0.0,10,0.12606382978723404,0.22819148936170217,0.18617021276595747,-0.06010638297872341,-0.10727287408635476,-0.012939891871092055,0.631,True
oil_spill,hgb,none,0.5,10,0.2401595744680851,0.22819148936170217,0.18617021276595747,0.05398936170212766,-0.01571826863470635,0.12369699203896167,0.3079,False
oil_spill,hgb,none,1.0,10,0.35425531914893615,0.22819148936170217,0.18617021276595747,0.16808510638297874,0.05158422523142232,0.2845859875345352,0.1569,False
oil_spill,hgb,none,2.0,10,0.5824468085106382,0.22819148936170217,0.18617021276595747,0.3962765957446809,0.1743857764498311,0.6181674150395307,0.034499999999999996,False
oil_spill,hgb,sigmoid,0.0,10,0.14627659574468085,0.16382978723404257,0.25265957446808507,-0.10638297872340426,-0.16053333377919662,-0.052232623667611895,0.7669,True
oil_spill,hgb,sigmoid,0.5,10,0.22819148936170214,0.16382978723404257,0.25265957446808507,-0.024468085106382976,-0.06355263038960171,0.014616460176835763,0.5313000000000001,True
oil_spill,hgb,sigmoid,1.0,10,0.3101063829787234,0.16382978723404257,0.25265957446808507,0.057446808510638304,-0.00047095978121890203,0.11536457680249551,0.3101,False
oil_spill,hgb,sigmoid,2.0,10,0.47393617021276596,0.16382978723404257,0.25265957446808507,0.2212765957446808,0.0920373729000162,0.35051581858934544,0.1045,False
oil_spill,logreg,isotonic,0.0,10,0.07712765957446807,0.576063829787234,0.22340425531914895,-0.14627659574468085,-0.18240005669967008,-0.11015313478969163,0.8683,True
oil_spill,logreg,isotonic,0.5,10,0.36515957446808506,0.576063829787234,0.22340425531914895,0.14175531914893616,0.01389653737168986,0.26961410092618243,0.40659999999999996,False
oil_spill,logreg,isotonic,1.0,10,0.6531914893617021,0.576063829787234,0.22340425531914895,0.4297872340425532,0.19153702604350664,0.6680374420415998,0.0485,False
oil_spill,logreg,isotonic,2.0,10,1.229255319148936,0.576063829787234,0.22340425531914895,1.0058510638297875,0.5435624761022277,1.4681396515573473,0.0010999999999999998,False
oil_spill,logreg,none,0.0,10,0.14361702127659576,0.15531914893617021,0.20797872340425533,-0.06436170212765958,-0.10157856341182589,-0.02714484084349328,0.7694,True
oil_spill,logreg,none,0.5,10,0.22127659574468087,0.15531914893617021,0.20797872340425533,0.013297872340425532,-0.02299236448254894,0.0495881091634,0.44589999999999996,False
oil_spill,logreg,none,1.0,10,0.298936170212766,0.15531914893617021,0.20797872340425533,0.09095744680851063,0.028049058107597113,0.15386583550942415,0.1753,False
oil_spill,logreg,none,2.0,10,0.4542553191489362,0.15531914893617021,0.20797872340425533,0.24627659574468092,0.11450320618569068,0.3780499853036712,0.0332,False
oil_spill,logreg,sigmoid,0.0,10,0.14521276595744684,0.17819148936170212,0.2271276595744681,-0.08191489361702128,-0.12587829023787547,-0.0379514969961671,0.8261000000000001,True
oil_spill,logreg,sigmoid,0.5,10,0.23430851063829788,0.17819148936170212,0.2271276595744681,0.007180851063829788,-0.050086074750410235,0.06444777687806981,0.44719999999999993,False
oil_spill,logreg,sigmoid,1.0,10,0.32340425531914896,0.17819148936170212,0.2271276595744681,0.09627659574468085,0.0044575709556229914,0.1880956205337387,0.3034,False
oil_spill,logreg,sigmoid,2.0,10,0.501595744680851,0.17819148936170212,0.2271276595744681,0.274468085106383,0.10083993569247043,0.44809623452029557,0.141,False
oil_spill,rf,isotonic,0.0,10,0.07180851063829788,0.7202127659574468,0.23989361702127657,-0.16808510638297874,-0.23698131813342038,-0.09918889463253712,0.842,True
oil_spill,rf,isotonic,0.5,10,0.4319148936170212,0.7202127659574468,0.23989361702127657,0.1920212765957447,0.08263099691759421,0.30141155627389515,0.1828,False
oil_spill,rf,isotonic,1.0,10,0.7920212765957447,0.7202127659574468,0.23989361702127657,0.5521276595744681,0.37732382303605605,0.7269314961128801,0.0161,False
oil_spill,rf,isotonic,2.0,10,1.5122340425531917,0.7202127659574468,0.23989361702127657,1.2723404255319148,0.9532033307161283,1.5914775203477014,0.0,False
oil_spill,rf,none,0.0,10,0.125,0.30372340425531913,0.2324468085106383,-0.1074468085106383,-0.1568090079048891,-0.0580846091163875,0.8147,True
oil_spill,rf,none,0.5,10,0.27686170212765954,0.30372340425531913,0.2324468085106383,0.04441489361702128,-0.023462578731704917,0.11229236596574747,0.4124,False
oil_spill,rf,none,1.0,10,0.4287234042553191,0.30372340425531913,0.2324468085106383,0.19627659574468087,0.06645697629180466,0.32609621519755705,0.1769,False
oil_spill,rf,none,2.0,10,0.7324468085106384,0.30372340425531913,0.2324468085106383,0.5000000000000001,0.2324745400212644,0.7675254599787358,0.1081,False
oil_spill,rf,sigmoid,0.0,10,0.125,0.3132978723404255,0.22606382978723402,-0.10106382978723405,-0.15786995860104538,-0.04425770097342271,0.8440999999999999,True
oil_spill,rf,sigmoid,0.5,10,0.28164893617021275,0.3132978723404255,0.22606382978723402,0.05558510638297872,0.0017005239457417234,0.10946968882021571,0.2785,False
oil_spill,rf,sigmoid,1.0,10,0.4382978723404255,0.3132978723404255,0.22606382978723402,0.21223404255319145,0.10620468014412764,0.31826340496225525,0.0761,False
oil_spill,rf,sigmoid,2.0,10,0.751595744680851,0.3132978723404255,0.22606382978723402,0.525531914893617,0.29335573787670943,0.7577080919105245,0.0064,False
ozone_level_8hr,ada,isotonic,0.0,10,0.08560157790927021,0.5214990138067062,0.327810650887574,-0.24220907297830374,-0.2877572139316681,-0.19666093202493937,1.0,True
ozone_level_8hr,ada,isotonic,0.5,10,0.3463510848126233,0.5214990138067062,0.327810650887574,0.018540433925049313,-0.06150999879577895,0.09859086664587757,0.49729999999999996,False
ozone_level_8hr,ada,isotonic,1.0,10,0.6071005917159764,0.5214990138067062,0.327810650887574,0.27928994082840236,0.11579261241804792,0.4427872692387568,0.0648,False
ozone_level_8hr,ada,isotonic,2.0,10,1.1285996055226826,0.5214990138067062,0.327810650887574,0.8007889546351086,0.4611603580968789,1.1404175511733383,0.0,False
ozone_level_8hr,ada,none,0.0,10,0.154043392504931,0.22090729783037477,0.3,-0.14595660749506906,-0.1718961060087509,-0.1200171089813872,1.0,True
ozone_level_8hr,ada,none,0.5,10,0.2644970414201183,0.22090729783037477,0.3,-0.03550295857988165,-0.06675446150621123,-0.004251455653552068,0.7771,True
ozone_level_8hr,ada,none,1.0,10,0.37495069033530565,0.22090729783037477,0.3,0.07495069033530571,0.015052452879733974,0.13484892779087745,0.2218,False
ozone_level_8hr,ada,none,2.0,10,0.5958579881656805,0.22090729783037477,0.3,0.2958579881656805,0.17043026248314586,0.4212857138482151,0.0005,False
ozone_level_8hr,ada,sigmoid,0.0,10,0.13234714003944772,0.252465483234714,0.30157790927021694,-0.16923076923076924,-0.19265258637163304,-0.14580895208990544,1.0,True
ozone_level_8hr,ada,sigmoid,0.5,10,0.25857988165680473,0.252465483234714,0.30157790927021694,-0.042998027613412225,-0.06643933355775605,-0.019556721669068397,0.7888,True
ozone_level_8hr,ada,sigmoid,1.0,10,0.38481262327416177,0.252465483234714,0.30157790927021694,0.08323471400394478,0.04456820590122608,0.12190122210666347,0.11850000000000001,False
ozone_level_8hr,ada,sigmoid,2.0,10,0.6372781065088757,0.252465483234714,0.30157790927021694,0.33570019723865874,0.2568308175487232,0.41456957692859425,0.0,False
ozone_level_8hr,et,isotonic,0.0,10,0.0883629191321499,0.3834319526627219,0.2605522682445759,-0.17218934911242606,-0.20041025641025642,-0.1439684418145957,0.9995,True
ozone_level_8hr,et,isotonic,0.5,10,0.2800788954635108,0.3834319526627219,0.2605522682445759,0.01952662721893491,-0.0486816212428239,0.08773487568069371,0.5484,False
ozone_level_8hr,et,isotonic,1.0,10,0.4717948717948718,0.3834319526627219,0.2605522682445759,0.2112426035502959,0.07769662409702124,0.3447885830035705,0.0663,False
ozone_level_8hr,et,isotonic,2.0,10,0.8552268244575936,0.3834319526627219,0.2605522682445759,0.5946745562130177,0.3260158334266977,0.8633332789993376,0.00030000000000000003,False
ozone_level_8hr,et,none,0.0,10,0.16706114398422092,0.14733727810650887,0.2495069033530572,-0.0824457593688363,-0.11705106365223125,-0.04784045508544135,0.906,True
ozone_level_8hr,et,none,0.5,10,0.24072978303747536,0.14733727810650887,0.2495069033530572,-0.008777120315581852,-0.03722257029591204,0.019668329664748335,0.48050000000000004,True
ozone_level_8hr,et,none,1.0,10,0.31439842209072977,0.14733727810650887,0.2495069033530572,0.06489151873767257,0.03019205083890117,0.09959098663644397,0.1673,False
ozone_level_8hr,et,none,2.0,10,0.4617357001972387,0.14733727810650887,0.2495069033530572,0.21222879684418147,0.1463216599641855,0.27813593372417744,0.0142,False
ozone_level_8hr,et,sigmoid,0.0,10,0.1601577909270217,0.1477317554240631,0.25680473372781065,-0.09664694280078896,-0.12350482505869459,-0.06978906054288334,0.9721,True
ozone_level_8hr,et,sigmoid,0.5,10,0.23402366863905325,0.1477317554240631,0.25680473372781065,-0.022781065088757393,-0.04944573689252594,0.0038836067150111522,0.6857,True
ozone_level_8hr,et,sigmoid,1.0,10,0.3078895463510848,0.1477317554240631,0.25680473372781065,0.05108481262327417,0.011929028702397607,0.09024059654415073,0.1829,False
ozone_level_8hr,et,sigmoid,2.0,10,0.4556213017751479,0.1477317554240631,0.25680473372781065,0.1988165680473373,0.12348362554760943,0.27414951054706516,0.0047,False
ozone_level_8hr,gb,isotonic,0.0,10,0.08816568047337278,0.5974358974358974,0.29467455621301775,-0.206508875739645,-0.24274676834018494,-0.17027098313910505,1.0,True
ozone_level_8hr,gb,isotonic,0.5,10,0.38688362919132147,0.5974358974358974,0.29467455621301775,0.09220907297830376,0.01166363995821651,0.172754505998391,0.3604,False
ozone_level_8hr,gb,isotonic,1.0,10,0.6856015779092702,0.5974358974358974,0.29467455621301775,0.3909270216962525,0.22121171234376877,0.5606423310487362,0.0306,False
ozone_level_8hr,gb,isotonic,2.0,10,1.2830374753451674,0.5974358974358974,0.29467455621301775,0.9883629191321497,0.6350093600600875,1.341716478204212,0.0,False
ozone_level_8hr,gb,none,0.0,10,0.15167652859960554,0.2244575936883629,0.30315581854043394,-0.1514792899408284,-0.18733367029709952,-0.11562490958455729,0.9983000000000001,True
ozone_level_8hr,gb,none,0.5,10,0.263905325443787,0.2244575936883629,0.30315581854043394,-0.039250493096646945,-0.06424584987577697,-0.01425513631751691,0.8294,True
ozone_level_8hr,gb,none,1.0,10,0.3761341222879684,0.2244575936883629,0.30315581854043394,0.07297830374753451,0.011598575111438837,0.1343580323836302,0.11769999999999999,False
ozone_level_8hr,gb,none,2.0,10,0.6005917159763313,0.2244575936883629,0.30315581854043394,0.29743589743589743,0.1509323363436396,0.4439394585281553,0.0,False
ozone_level_8hr,gb,sigmoid,0.0,10,0.14792899408284024,0.23747534516765284,0.29743589743589743,-0.1495069033530572,-0.17846975599089618,-0.1205440507152182,0.9991,True
ozone_level_8hr,gb,sigmoid,0.5,10,0.26666666666666666,0.23747534516765284,0.29743589743589743,-0.030769230769230764,-0.05493019328151438,-0.006608268256947141,0.7361,True
ozone_level_8hr,gb,sigmoid,1.0,10,0.3854043392504931,0.23747534516765284,0.29743589743589743,0.08796844181459565,0.045345496415649805,0.1305913872135415,0.08670000000000001,False
ozone_level_8hr,gb,sigmoid,2.0,10,0.622879684418146,0.23747534516765284,0.29743589743589743,0.3254437869822485,0.23191937054732578,0.4189682034171712,0.0001,False
ozone_level_8hr,gnb,isotonic,0.0,10,0.033136094674556214,0.8246548323471401,0.4136094674556213,-0.3804733727810651,-0.43540708849895265,-0.3255396570631775,1.0,True
ozone_level_8hr,gnb,isotonic,0.5,10,0.4454635108481262,0.8246548323471401,0.4136094674556213,0.03185404339250494,-0.031830058687001915,0.09553814547201178,0.3707,False
ozone_level_8hr,gnb,isotonic,1.0,10,0.8577909270216963,0.8246548323471401,0.4136094674556213,0.4441814595660749,0.3228646021110991,0.5654983170210507,0.011300000000000001,False
ozone_level_8hr,gnb,isotonic,2.0,10,1.6824457593688364,0.8246548323471401,0.4136094674556213,1.268836291913215,1.0140530508575243,1.5236195329689057,0.0,False
ozone_level_8hr,gnb,none,0.0,10,0.14871794871794874,0.4285996055226823,0.3980276134122288,-0.24930966469428012,-0.2906992374768438,-0.20792009191171645,1.0,True
ozone_level_8hr,gnb,none,0.5,10,0.36301775147928994,0.4285996055226823,0.3980276134122288,-0.035009861932938854,-0.1029763277072129,0.0329566038413352,0.7953,True
ozone_level_8hr,gnb,none,1.0,10,0.5773175542406312,0.4285996055226823,0.3980276134122288,0.17928994082840238,0.03756751068030467,0.3210123709765001,0.0388,False
ozone_level_8hr,gnb,none,2.0,10,1.0059171597633134,0.4285996055226823,0.3980276134122288,0.6078895463510848,0.3100720692126545,0.9057070234895152,0.0,False
ozone_level_8hr,gnb,sigmoid,0.0,10,0.08974358974358973,0.5591715976331362,0.4043392504930966,-0.3145956607495069,-0.3808095934318783,-0.2483817280671355,1.0,True
ozone_level_8hr,gnb,sigmoid,0.5,10,0.36932938856015785,0.5591715976331362,0.4043392504930966,-0.035009861932938854,-0.1074670001903285,0.03744727632445079,0.7277,True
ozone_level_8hr,gnb,sigmoid,1.0,10,0.6489151873767258,0.5591715976331362,0.4043392504930966,0.2445759368836292,0.0917131812518274,0.39743869251543096,0.014400000000000001,False
ozone_level_8hr,gnb,sigmoid,2.0,10,1.2080867850098618,0.5591715976331362,0.4043392504930966,0.8037475345167653,0.47004902998867976,1.1374460390448509,0.0,False
ozone_level_8hr,hgb,isotonic,0.0,10,0.08481262327416172,0.5287968441814597,0.30138067061143986,-0.2165680473372781,-0.2701407998652264,-0.16299529480932984,0.9967,True
ozone_level_8hr,hgb,isotonic,0.5,10,0.3492110453648915,0.5287968441814597,0.30138067061143986,0.04783037475345167,-0.05104521572849563,0.14670596523539897,0.40940000000000004,False
ozone_level_8hr,hgb,isotonic,1.0,10,0.6136094674556213,0.5287968441814597,0.30138067061143986,0.3122287968441815,0.11464832071484729,0.5098092729735156,0.19729999999999998,False
ozone_level_8hr,hgb,isotonic,2.0,10,1.1424063116370808,0.5287968441814597,0.30138067061143986,0.841025641025641,0.4352827081481862,1.2467685739030958,0.0009000000000000001,False
ozone_level_8hr,hgb,none,0.0,10,0.15621301775147928,0.19664694280078893,0.29053254437869824,-0.1343195266272189,-0.1881108222044893,-0.08052823104994852,0.9620000000000001,True
ozone_level_8hr,hgb,none,0.5,10,0.25453648915187377,0.19664694280078893,0.29053254437869824,-0.03599605522682446,-0.08070529263080112,0.008713182177152203,0.6118999999999999,True
ozone_level_8hr,hgb,none,1.0,10,0.35285996055226826,0.19664694280078893,0.29053254437869824,0.062327416173570016,0.010681965002000963,0.11397286734513906,0.21339999999999998,False
ozone_level_8hr,hgb,none,2.0,10,0.5495069033530572,0.19664694280078893,0.29053254437869824,0.25897435897435894,0.1657397145229954,0.3522090034257225,0.0372,False
ozone_level_8hr,hgb,sigmoid,0.0,10,0.13905325443786984,0.20433925049309667,0.32524654832347144,-0.18619329388560157,-0.23158586157073038,-0.14080072620047276,0.9871000000000001,True
ozone_level_8hr,hgb,sigmoid,0.5,10,0.2412228796844182,0.20433925049309667,0.32524654832347144,-0.08402366863905325,-0.13126002603196704,-0.036787311246139466,0.7940999999999999,True
ozone_level_8hr,hgb,sigmoid,1.0,10,0.34339250493096646,0.20433925049309667,0.32524654832347144,0.018145956607495066,-0.036755556456891894,0.07304746967188203,0.40750000000000003,False
ozone_level_8hr,hgb,sigmoid,2.0,10,0.5477317554240632,0.20433925049309667,0.32524654832347144,0.2224852071005917,0.14238324241998807,0.3025871717811953,0.0754,False
ozone_level_8hr,logreg,isotonic,0.0,10,0.06370808678500986,0.6514792899408285,0.29388560157790933,-0.2301775147928994,-0.2751985336462478,-0.18515649593955105,1.0,True
ozone_level_8hr,logreg,isotonic,0.5,10,0.3894477317554241,0.6514792899408285,0.29388560157790933,0.0955621301775148,0.008232907205645304,0.18289135314938432,0.27969999999999995,False
ozone_level_8hr,logreg,isotonic,1.0,10,0.7151873767258383,0.6514792899408285,0.29388560157790933,0.421301775147929,0.2527544329153355,0.5898491173805225,0.0222,False
ozone_level_8hr,logreg,isotonic,2.0,10,1.3666666666666667,0.6514792899408285,0.29388560157790933,1.0727810650887573,0.7329005414060334,1.412661588771481,0.0,False
ozone_level_8hr,logreg,none,0.0,10,0.16272189349112426,0.1591715976331361,0.2826429980276134,-0.11992110453648916,-0.1490212334911779,-0.09082097558180043,0.998,True
ozone_level_8hr,logreg,none,0.5,10,0.24230769230769228,0.1591715976331361,0.2826429980276134,-0.04033530571992111,-0.058480352767607276,-0.022190258672234946,0.8434000000000001,True
ozone_level_8hr,logreg,none,1.0,10,0.32189349112426036,0.1591715976331361,0.2826429980276134,0.039250493096646945,0.013740581822955254,0.06476040437033864,0.11059999999999999,False
ozone_level_8hr,logreg,none,2.0,10,0.4810650887573965,0.1591715976331361,0.2826429980276134,0.19842209072978303,0.13668843624710786,0.2601557452124582,0.0004,False
ozone_level_8hr,logreg,sigmoid,0.0,10,0.1504930966469428,0.2057199211045365,0.29684418145956604,-0.1463510848126233,-0.1805557897958017,-0.11214637982944489,0.9999,True
ozone_level_8hr,logreg,sigmoid,0.5,10,0.25335305719921103,0.2057199211045365,0.29684418145956604,-0.04349112426035503,-0.07305160985931691,-0.01393063866139315,0.7772,True
ozone_level_8hr,logreg,sigmoid,1.0,10,0.35621301775147934,0.2057199211045365,0.29684418145956604,0.05936883629191322,0.0176704869666143,0.10106718561721213,0.1471,False
ozone_level_8hr,logreg,sigmoid,2.0,10,0.5619329388560158,0.2057199211045365,0.29684418145956604,0.2650887573964497,0.18171117601562953,0.3484663387772699,0.00030000000000000003,False
ozone_level_8hr,rf,isotonic,0.0,10,0.0942800788954635,0.5321499013806708,0.2781065088757397,-0.18382642998027612,-0.22728504007785072,-0.14036781988270153,0.9998000000000001,True
ozone_level_8hr,rf,isotonic,0.5,10,0.3603550295857988,0.5321499013806708,0.2781065088757397,0.08224852071005918,-0.006291520103766643,0.170788561523885,0.34859999999999997,False
ozone_level_8hr,rf,isotonic,1.0,10,0.6264299802761342,0.5321499013806708,0.2781065088757397,0.34832347140039455,0.16578361938018635,0.5308633234206027,0.0718,False
ozone_level_8hr,rf,isotonic,2.0,10,1.1585798816568047,0.5321499013806708,0.2781065088757397,0.8804733727810652,0.5024839189471195,1.2584628266150109,0.0,False
ozone_level_8hr,rf,none,0.0,10,0.15680473372781062,0.16173570019723865,0.26015779092702174,-0.10335305719921103,-0.12924257466588746,-0.07746353973253461,0.9984999999999999,True
ozone_level_8hr,rf,none,0.5,10,0.23767258382643003,0.16173570019723865,0.26015779092702174,-0.02248520710059172,-0.04505051482661468,8.010062543124113e-05,0.6245999999999999,True
ozone_level_8hr,rf,none,1.0,10,0.3185404339250494,0.16173570019723865,0.26015779092702174,0.058382642998027624,0.0282155830634623,0.08854970293259296,0.15640000000000004,False
ozone_level_8hr,rf,none,2.0,10,0.48027613412228803,0.16173570019723865,0.26015779092702174,0.2201183431952663,0.16182970388720666,0.2784069825033259,0.0010999999999999998,False
ozone_level_8hr,rf,sigmoid,0.0,10,0.16153846153846155,0.183629191321499,0.2617357001972387,-0.10019723865877712,-0.13221019206229354,-0.06818428525526071,0.9995,True
ozone_level_8hr,rf,sigmoid,0.5,10,0.25335305719921103,0.183629191321499,0.2617357001972387,-0.008382642998027613,-0.04473839740679455,0.02797311141073932,0.5206,True
ozone_level_8hr,rf,sigmoid,1.0,10,0.3451676528599605,0.183629191321499,0.2617357001972387,0.0834319526627219,0.024393616288216333,0.14247028903722747,0.1653,False
ozone_level_8hr,rf,sigmoid,2.0,10,0.5287968441814594,0.183629191321499,0.2617357001972387,0.26706114398422093,0.15124356544357742,0.38287872252486443,0.012300000000000002,False
pc1,ada,isotonic,0.0,10,0.08063063063063064,0.7135135135135136,0.45495495495495497,-0.37432432432432433,-0.45274643746616355,-0.2959022111824851,0.9992000000000001,True
pc1,ada,isotonic,0.5,10,0.4373873873873874,0.7135135135135136,0.45495495495495497,-0.017567567567567575,-0.07938618389880628,0.04425104876367112,0.5288999999999999,True
pc1,ada,isotonic,1.0,10,0.7941441441441441,0.7135135135135136,0.45495495495495497,0.3391891891891892,0.23520663966842076,0.4431717387099577,0.0413,False
pc1,ada,isotonic,2.0,10,1.5076576576576577,0.7135135135135136,0.45495495495495497,1.052702702702703,0.823024718304856,1.2823806871005499,0.0001,False
pc1,ada,none,0.0,10,0.1288288288288288,0.48558558558558546,0.4315315315315315,-0.3027027027027028,-0.3657504045355221,-0.23965500086988342,1.0,True
pc1,ada,none,0.5,10,0.3716216216216216,0.48558558558558546,0.4315315315315315,-0.05990990990990991,-0.12998409437369945,0.010164274553879624,0.6153,True
pc1,ada,none,1.0,10,0.6144144144144145,0.48558558558558546,0.4315315315315315,0.18288288288288285,0.07470260600378176,0.29106315976198394,0.1738,False
pc1,ada,none,2.0,10,1.1,0.48558558558558546,0.4315315315315315,0.6684684684684683,0.46144252486015513,0.8754944120767815,0.0017000000000000001,False
pc1,ada,sigmoid,0.0,10,0.13963963963963963,0.5445945945945946,0.42837837837837833,-0.28873873873873873,-0.34130879468271813,-0.23616868279475933,1.0,True
pc1,ada,sigmoid,0.5,10,0.41193693693693695,0.5445945945945946,0.42837837837837833,-0.01644144144144144,-0.06448920992786536,0.031606327044982487,0.6324000000000001,True
pc1,ada,sigmoid,1.0,10,0.6842342342342341,0.5445945945945946,0.42837837837837833,0.2558558558558558,0.15838444822296804,0.35332726348874355,0.0031,False
pc1,ada,sigmoid,2.0,10,1.228828828828829,0.5445945945945946,0.42837837837837833,0.8004504504504505,0.5840568744615159,1.0168440264393852,0.0,False
pc1,et,isotonic,0.0,10,0.05855855855855856,0.7495495495495496,0.4045045045045045,-0.34594594594594597,-0.4210665461968727,-0.2708253456950192,1.0,True
pc1,et,isotonic,0.5,10,0.4333333333333334,0.7495495495495496,0.4045045045045045,0.028828828828828833,-0.051129907339145124,0.10878756499680278,0.36410000000000003,False
pc1,et,isotonic,1.0,10,0.8081081081081081,0.7495495495495496,0.4045045045045045,0.4036036036036036,0.2745683917204686,0.5326388154867385,0.019,False
pc1,et,isotonic,2.0,10,1.5576576576576575,0.7495495495495496,0.4045045045045045,1.1531531531531531,0.8968669200779165,1.4094393862283898,0.0,False
pc1,et,none,0.0,10,0.1288288288288288,0.40495495495495487,0.3355855855855856,-0.20675675675675675,-0.2773929051898747,-0.13612060832363884,0.9936999999999999,True
pc1,et,none,0.5,10,0.3313063063063063,0.40495495495495487,0.3355855855855856,-0.004279279279279282,-0.06544525276412119,0.056886694205562624,0.46799999999999997,True
pc1,et,none,1.0,10,0.5337837837837839,0.40495495495495487,0.3355855855855856,0.1981981981981982,0.09158402260088774,0.30481237379550863,0.1254,False
pc1,et,none,2.0,10,0.9387387387387387,0.40495495495495487,0.3355855855855856,0.6031531531531532,0.37242023281586323,0.8338860734904432,0.0393,False
pc1,et,sigmoid,0.0,10,0.10855855855855856,0.4914414414414415,0.395045045045045,-0.2864864864864865,-0.36145012365978274,-0.21152284931319026,0.9995,True
pc1,et,sigmoid,0.5,10,0.3542792792792793,0.4914414414414415,0.395045045045045,-0.040765765765765766,-0.11797091657182703,0.036439385040295494,0.5810000000000001,True
pc1,et,sigmoid,1.0,10,0.6,0.4914414414414415,0.395045045045045,0.20495495495495497,0.08224976153421851,0.32766014837569146,0.1136,False
pc1,et,sigmoid,2.0,10,1.0914414414414415,0.4914414414414415,0.395045045045045,0.6963963963963964,0.4524436444927181,0.9403491483000747,0.0009000000000000001,False
pc1,gb,isotonic,0.0,10,0.06216216216216216,0.7603603603603604,0.4333333333333333,-0.37117117117117115,-0.4351921876142288,-0.3071501547281135,1.0,True
pc1,gb,isotonic,0.5,10,0.4423423423423423,0.7603603603603604,0.4333333333333333,0.009009009009009005,-0.06266539816724528,0.08068341618526328,0.4079,False
pc1,gb,isotonic,1.0,10,0.8225225225225226,0.7603603603603604,0.4333333333333333,0.38918918918918916,0.25457600647214074,0.5238023719062376,0.0611,False
pc1,gb,isotonic,2.0,10,1.5828828828828827,0.7603603603603604,0.4333333333333333,1.1495495495495498,0.8668437656434761,1.4322553334556236,0.0002,False
pc1,gb,none,0.0,10,0.14504504504504506,0.47657657657657654,0.4031531531531532,-0.25810810810810814,-0.30213536075407876,-0.2140808554621375,0.9999,True
pc1,gb,none,0.5,10,0.38333333333333336,0.47657657657657654,0.4031531531531532,-0.01981981981981982,-0.04930658079277647,0.009666941153136838,0.6060000000000001,True
pc1,gb,none,1.0,10,0.6216216216216217,0.47657657657657654,0.4031531531531532,0.21846846846846849,0.13936678254233922,0.2975701543945978,0.039,False
pc1,gb,none,2.0,10,1.0981981981981979,0.47657657657657654,0.4031531531531532,0.6950450450450449,0.5042522133050078,0.8858378767850821,0.0,False
pc1,gb,sigmoid,0.0,10,0.12972972972972974,0.5333333333333333,0.42657657657657655,-0.2968468468468468,-0.35416174678142986,-0.23953194691226376,0.9984,True
pc1,gb,sigmoid,0.5,10,0.3963963963963964,0.5333333333333333,0.42657657657657655,-0.030180180180180177,-0.11474102524750718,0.05438066488714682,0.5297000000000001,True
pc1,gb,sigmoid,1.0,10,0.6630630630630632,0.5333333333333333,0.42657657657657655,0.23648648648648654,0.09515626683143719,0.3778167061415359,0.16779999999999998,False
pc1,gb,sigmoid,2.0,10,1.1963963963963964,0.5333333333333333,0.42657657657657655,0.7698198198198198,0.5005688457417361,1.0390707938979036,0.0201,False
pc1,gnb,isotonic,0.0,10,0.05990990990990991,0.8720720720720723,0.5734234234234233,-0.5135135135135135,-0.5673138590503461,-0.4597131679766809,0.9999,True
pc1,gnb,isotonic,0.5,10,0.495945945945946,0.8720720720720723,0.5734234234234233,-0.07747747747747748,-0.1140529425808827,-0.04090201237407226,0.681,True
pc1,gnb,isotonic,1.0,10,0.931981981981982,0.8720720720720723,0.5734234234234233,0.35855855855855856,0.3075818934444898,0.40953522367262735,0.0175,False
pc1,gnb,isotonic,2.0,10,1.8040540540540544,0.8720720720720723,0.5734234234234233,1.2306306306306305,1.1141272543863519,1.3471340068749091,0.0,False
pc1,gnb,none,0.0,10,0.1346846846846847,0.7166666666666666,0.5445945945945947,-0.40990990990990983,-0.47622741668903334,-0.3435924031307863,0.9994,True
pc1,gnb,none,0.5,10,0.49301801801801803,0.7166666666666666,0.5445945945945947,-0.051576576576576584,-0.10426450251850927,0.001111349365356111,0.6054,True
pc1,gnb,none,1.0,10,0.8513513513513514,0.7166666666666666,0.5445945945945947,0.30675675675675673,0.2159303664237226,0.39758314708979087,0.0713,False
pc1,gnb,none,2.0,10,1.568018018018018,0.7166666666666666,0.5445945945945947,1.0234234234234234,0.8222208044512325,1.2246260423956143,0.00030000000000000003,False
pc1,gnb,sigmoid,0.0,10,0.1018018018018018,0.8094594594594595,0.5549549549549548,-0.4531531531531532,-0.5095656157257183,-0.39674069058058803,0.9997,True
pc1,gnb,sigmoid,0.5,10,0.5065315315315315,0.8094594594594595,0.5549549549549548,-0.04842342342342342,-0.09960969593816524,0.002762849091318388,0.5961000000000001,True
pc1,gnb,sigmoid,1.0,10,0.9112612612612612,0.8094594594594595,0.5549549549549548,0.3563063063063063,0.2849868300538958,0.42762578255871675,0.027000000000000003,False
pc1,gnb,sigmoid,2.0,10,1.720720720720721,0.8094594594594595,0.5549549549549548,1.1657657657657656,1.0275426562421235,1.3039888752894078,0.0,False
pc1,hgb,isotonic,0.0,10,0.060810810810810814,0.7824324324324325,0.3918918918918919,-0.3310810810810811,-0.39549389387398226,-0.2666682682881799,1.0,True
pc1,hgb,isotonic,0.5,10,0.452027027027027,0.7824324324324325,0.3918918918918919,0.06013513513513513,-0.006573176466002792,0.12684344673627307,0.3565,False
pc1,hgb,isotonic,1.0,10,0.8432432432432432,0.7824324324324325,0.3918918918918919,0.4513513513513514,0.3273713438926621,0.5753313588100407,0.011100000000000002,False
pc1,hgb,isotonic,2.0,10,1.6256756756756754,0.7824324324324325,0.3918918918918919,1.2337837837837837,0.9709657970343532,1.4966017705332142,0.0,False
pc1,hgb,none,0.0,10,0.11621621621621622,0.5256756756756757,0.33783783783783783,-0.22162162162162163,-0.28125235622378697,-0.1619908870194563,0.9991,True
pc1,hgb,none,0.5,10,0.37905405405405407,0.5256756756756757,0.33783783783783783,0.041216216216216205,-0.02866566656182338,0.1110980989942558,0.3667999999999999,False
pc1,hgb,none,1.0,10,0.6418918918918919,0.5256756756756757,0.33783783783783783,0.30405405405405406,0.1942759705217733,0.4138321375863348,0.0263,False
pc1,hgb,none,2.0,10,1.1675675675675676,0.5256756756756757,0.33783783783783783,0.8297297297297298,0.6201897121987704,1.039269747260689,0.0,False
pc1,hgb,sigmoid,0.0,10,0.1189189189189189,0.5387387387387388,0.4171171171171171,-0.29819819819819815,-0.36138312150060414,-0.23501327489579216,0.9974000000000001,True
pc1,hgb,sigmoid,0.5,10,0.38828828828828826,0.5387387387387388,0.4171171171171171,-0.028828828828828822,-0.09967922516889476,0.042021567511237104,0.5482,True
pc1,hgb,sigmoid,1.0,10,0.6576576576576577,0.5387387387387388,0.4171171171171171,0.24054054054054053,0.12638469800405866,0.3546963830770224,0.1382,False
pc1,hgb,sigmoid,2.0,10,1.1963963963963966,0.5387387387387388,0.4171171171171171,0.7792792792792793,0.5556543419017104,1.0029042166568483,0.0025,False
pc1,logreg,isotonic,0.0,10,0.03468468468468468,0.8184684684684687,0.4891891891891892,-0.4545045045045045,-0.5179718512593839,-0.3910371577496251,1.0,True
pc1,logreg,isotonic,0.5,10,0.44391891891891894,0.8184684684684687,0.4891891891891892,-0.045270270270270266,-0.1302098696179193,0.03966932907737877,0.5354,True
pc1,logreg,isotonic,1.0,10,0.8531531531531531,0.8184684684684687,0.4891891891891892,0.36396396396396397,0.22471081986716612,0.5032171080607618,0.0846,False
pc1,logreg,isotonic,2.0,10,1.6716216216216213,0.8184684684684687,0.4891891891891892,1.1824324324324325,0.9165094043610365,1.4483554605038285,0.0,False
pc1,logreg,none,0.0,10,0.140990990990991,0.37747747747747745,0.4328828828828829,-0.2918918918918919,-0.3298957585302361,-0.2538880252535477,0.9996,True
pc1,logreg,none,0.5,10,0.32972972972972975,0.37747747747747745,0.4328828828828829,-0.10315315315315314,-0.1351135677113118,-0.07119273859499448,0.9079,True
pc1,logreg,none,1.0,10,0.5184684684684685,0.37747747747747745,0.4328828828828829,0.08558558558558559,0.005875825216165309,0.16529534595500586,0.1448,False
pc1,logreg,none,2.0,10,0.895945945945946,0.37747747747747745,0.4328828828828829,0.46306306306306305,0.27790633961651173,0.6482197865096144,0.0017000000000000001,False
pc1,logreg,sigmoid,0.0,10,0.12297297297297297,0.5247747747747747,0.4545045045045045,-0.3315315315315316,-0.38713991612037507,-0.2759231469426881,1.0,True
pc1,logreg,sigmoid,0.5,10,0.38536036036036037,0.5247747747747747,0.4545045045045045,-0.06914414414414415,-0.09691599985569783,-0.04137228843259046,0.7464000000000001,True
pc1,logreg,sigmoid,1.0,10,0.6477477477477478,0.5247747747747747,0.4545045045045045,0.19324324324324324,0.10555095059193496,0.2809355358945515,0.06899999999999999,False
pc1,logreg,sigmoid,2.0,10,1.1725225225225224,0.5247747747747747,0.4545045045045045,0.718018018018018,0.49610294711229636,0.9399330889237396,0.0001,False
pc1,rf,isotonic,0.0,10,0.059909909909909895,0.7,0.43828828828828825,-0.3783783783783784,-0.443960460366879,-0.3127962963898778,1.0,True
pc1,rf,isotonic,0.5,10,0.40990990990990994,0.7,0.43828828828828825,-0.028378378378378387,-0.13137759752809697,0.07462084077134021,0.5806000000000001,True
pc1,rf,isotonic,1.0,10,0.7599099099099098,0.7,0.43828828828828825,0.3216216216216216,0.15597183584692503,0.4872714073963182,0.10110000000000001,False
pc1,rf,isotonic,2.0,10,1.45990990990991,0.7,0.43828828828828825,1.0216216216216216,0.7172018055231251,1.3260414377201182,0.0021999999999999997,False
pc1,rf,none,0.0,10,0.12747747747747748,0.41846846846846847,0.38873873873873876,-0.26126126126126126,-0.32494045365601887,-0.19758206886650365,0.9997,True
pc1,rf,none,0.5,10,0.3367117117117117,0.41846846846846847,0.38873873873873876,-0.05202702702702703,-0.09315695787734932,-0.01089709617670475,0.6651,True
pc1,rf,none,1.0,10,0.5459459459459459,0.41846846846846847,0.38873873873873876,0.1572072072072072,0.09288589184450363,0.2215285225699108,0.0672,False
pc1,rf,none,2.0,10,0.9644144144144144,0.41846846846846847,0.38873873873873876,0.5756756756756756,0.42252497016617585,0.7288263811851753,0.0,False
pc1,rf,sigmoid,0.0,10,0.11261261261261261,0.4238738738738738,0.39144144144144144,-0.27882882882882887,-0.33817785388605887,-0.2194798037715989,0.9999,True
pc1,rf,sigmoid,0.5,10,0.3245495495495495,0.4238738738738738,0.39144144144144144,-0.06689189189189189,-0.12794306414124684,-0.0058407196425369415,0.7381,True
pc1,rf,sigmoid,1.0,10,0.5364864864864864,0.4238738738738738,0.39144144144144144,0.14504504504504503,0.051093694540291404,0.23899639554979868,0.1093,False
pc1,rf,sigmoid,2.0,10,0.9603603603603604,0.4238738738738738,0.39144144144144144,0.5689189189189189,0.38531583389154167,0.7525220039462961,0.0028,False
seismic_bumps,ada,isotonic,0.0,10,0.08974854932301742,0.7063829787234042,0.43675048355899426,-0.3470019342359768,-0.3869804439359129,-0.3070234245360407,1.0,True
seismic_bumps,ada,isotonic,0.5,10,0.44294003868471954,0.7063829787234042,0.43675048355899426,0.006189555125725339,-0.03142884702803252,0.043807957279483195,0.481,False
seismic_bumps,ada,isotonic,1.0,10,0.7961315280464217,0.7063829787234042,0.43675048355899426,0.35938104448742747,0.2737215140544821,0.44504057492037286,0.0013,False
seismic_bumps,ada,isotonic,2.0,10,1.502514506769826,0.7063829787234042,0.43675048355899426,1.0657640232108316,0.8721173831867274,1.259410663234936,0.0,False
seismic_bumps,ada,none,0.0,10,0.09477756286266925,0.6744680851063829,0.4032882011605416,-0.30851063829787234,-0.3400740807505481,-0.27694719584519656,1.0,True
seismic_bumps,ada,none,0.5,10,0.4320116054158608,0.6744680851063829,0.4032882011605416,0.028723404255319152,0.002354642719706191,0.05509216579093211,0.34149999999999997,False
seismic_bumps,ada,none,1.0,10,0.7692456479690521,0.6744680851063829,0.4032882011605416,0.36595744680851067,0.3106546869909937,0.42126020662602764,0.0,False
seismic_bumps,ada,none,2.0,10,1.4437137330754353,0.6744680851063829,0.4032882011605416,1.0404255319148938,0.914820470394198,1.1660305934355897,0.0,False
seismic_bumps,ada,sigmoid,0.0,10,0.12456479690522242,0.6284332688588008,0.448742746615087,-0.3241779497098646,-0.35195753201424457,-0.2963983674054846,1.0,True
seismic_bumps,ada,sigmoid,0.5,10,0.4387814313346228,0.6284332688588008,0.448742746615087,-0.009961315280464216,-0.04695997466293961,0.02703734410201117,0.5622,True
seismic_bumps,ada,sigmoid,1.0,10,0.7529980657640232,0.6284332688588008,0.448742746615087,0.3042553191489362,0.23281642071784941,0.375694217580023,0.0019,False
seismic_bumps,ada,sigmoid,2.0,10,1.381431334622824,0.6284332688588008,0.448742746615087,0.9326885880077371,0.7844151700782349,1.0809620059372393,0.0,False
seismic_bumps,et,isotonic,0.0,10,0.0725338491295938,0.8059961315280464,0.4493230174081238,-0.37678916827853,-0.41014129554099,-0.34343704101607,1.0,True
seismic_bumps,et,isotonic,0.5,10,0.475531914893617,0.8059961315280464,0.4493230174081238,0.026208897485493227,-0.013935687937466187,0.06635348290845264,0.3725,False
seismic_bumps,et,isotonic,1.0,10,0.8785299806576402,0.8059961315280464,0.4493230174081238,0.42920696324951646,0.3505758250996653,0.5078381013993677,0.0012000000000000001,False
seismic_bumps,et,isotonic,2.0,10,1.6845261121856865,0.8059961315280464,0.4493230174081238,1.2352030947775627,1.0692466951149115,1.401159494440214,0.0,False
seismic_bumps,et,none,0.0,10,0.13965183752417795,0.5957446808510638,0.44526112185686656,-0.3056092843326886,-0.3320445044027193,-0.27917406426265784,1.0,True
seismic_bumps,et,none,0.5,10,0.4375241779497099,0.5957446808510638,0.44526112185686656,-0.007736943907156672,-0.04297131642947476,0.027497428615161412,0.5059000000000001,True
seismic_bumps,et,none,1.0,10,0.7353965183752417,0.5957446808510638,0.44526112185686656,0.2901353965183752,0.22723659938120805,0.3530341936555424,0.0094,False
seismic_bumps,et,none,2.0,10,1.3311411992263056,0.5957446808510638,0.44526112185686656,0.8858800773694391,0.7597756499612943,1.0119845047775837,0.0,False
seismic_bumps,et,sigmoid,0.0,10,0.14332688588007736,0.5895551257253384,0.45048355899419723,-0.30715667311411987,-0.3327121911882795,-0.28160115503996025,1.0,True
seismic_bumps,et,sigmoid,0.5,10,0.43810444874274657,0.5895551257253384,0.45048355899419723,-0.012379110251450675,-0.04092980123772978,0.016171580734828432,0.5726000000000001,True
seismic_bumps,et,sigmoid,1.0,10,0.7328820116054159,0.5895551257253384,0.45048355899419723,0.28239845261121854,0.21226590232365505,0.35253100289878203,0.0075,False
seismic_bumps,et,sigmoid,2.0,10,1.3224371373307544,0.5895551257253384,0.45048355899419723,0.8719535783365571,0.7139992636604778,1.0299078930126364,0.0,False
seismic_bumps,gb,isotonic,0.0,10,0.07891682785299806,0.7829787234042553,0.4911025145067698,-0.4121856866537718,-0.4444060932315216,-0.37996528007602204,1.0,True
seismic_bumps,gb,isotonic,0.5,10,0.47040618955512575,0.7829787234042553,0.4911025145067698,-0.0206963249516441,-0.04491722105417763,0.0035245711508894266,0.6105000000000002,True
seismic_bumps,gb,isotonic,1.0,10,0.8618955512572534,0.7829787234042553,0.4911025145067698,0.3707930367504836,0.3243649706399795,0.4172211028609877,0.0,False
seismic_bumps,gb,isotonic,2.0,10,1.6448742746615086,0.7829787234042553,0.4911025145067698,1.153771760154739,1.0472136010462187,1.2603299192632593,0.0,False
seismic_bumps,gb,none,0.0,10,0.14003868471953576,0.6255319148936171,0.4667311411992263,-0.32669245647969053,-0.3530335721991673,-0.30035134076021375,1.0,True
seismic_bumps,gb,none,0.5,10,0.45280464216634425,0.6255319148936171,0.4667311411992263,-0.013926499032882006,-0.04995660227499569,0.02210360420923168,0.5573999999999999,True
seismic_bumps,gb,none,1.0,10,0.7655705996131528,0.6255319148936171,0.4667311411992263,0.29883945841392645,0.2152492060837956,0.3824297107440573,0.007000000000000001,False
seismic_bumps,gb,none,2.0,10,1.3911025145067697,0.6255319148936171,0.4667311411992263,0.9243713733075435,0.7410132588903426,1.1077294877247443,0.0,False
seismic_bumps,gb,sigmoid,0.0,10,0.1357833655705996,0.620889748549323,0.46982591876208896,-0.33404255319148934,-0.3736109213350267,-0.294474185047952,1.0,True
seismic_bumps,gb,sigmoid,0.5,10,0.44622823984526117,0.620889748549323,0.46982591876208896,-0.023597678916827854,-0.0456947446906579,-0.0015006131429978024,0.6202,True
seismic_bumps,gb,sigmoid,1.0,10,0.7566731141199226,0.620889748549323,0.46982591876208896,0.28684719535783365,0.22889290496961914,0.34480148574604813,0.0006000000000000001,False
seismic_bumps,gb,sigmoid,2.0,10,1.3775628626692458,0.620889748549323,0.46982591876208896,0.9077369439071568,0.7630202434454179,1.0524536443688957,0.0,False
seismic_bumps,gnb,isotonic,0.0,10,0.07040618955512572,0.825918762088975,0.4415860735009671,-0.37117988394584145,-0.40708967266529655,-0.33527009522638634,1.0,True
seismic_bumps,gnb,isotonic,0.5,10,0.4833655705996132,0.825918762088975,0.4415860735009671,0.041779497098646035,0.003055983432153478,0.08050301076513859,0.32199999999999995,False
seismic_bumps,gnb,isotonic,1.0,10,0.8963249516441005,0.825918762088975,0.4415860735009671,0.45473887814313346,0.37261494787082794,0.536862808415439,0.0,False
seismic_bumps,gnb,isotonic,2.0,10,1.7222437137330755,0.825918762088975,0.4415860735009671,1.2806576402321084,1.1008285707455028,1.460486709718714,0.0,False
seismic_bumps,gnb,none,0.0,10,0.14642166344294005,0.6077369439071567,0.4646034816247583,-0.3181818181818182,-0.37694662473004437,-0.259417011633592,1.0,True
seismic_bumps,gnb,none,0.5,10,0.4502901353965183,0.6077369439071567,0.4646034816247583,-0.014313346228239848,-0.0496572310700917,0.021030538613612003,0.5652999999999999,True
seismic_bumps,gnb,none,1.0,10,0.7541586073500968,0.6077369439071567,0.4646034816247583,0.2895551257253385,0.22435979641866333,0.35475045503201363,0.0010999999999999998,False
seismic_bumps,gnb,none,2.0,10,1.3618955512572533,0.6077369439071567,0.4646034816247583,0.8972920696324952,0.7364537294250884,1.058130409839902,0.0,False
seismic_bumps,gnb,sigmoid,0.0,10,0.14642166344294003,0.600386847195358,0.5147001934235977,-0.3682785299806577,-0.45860476846456066,-0.2779522914967547,1.0,True
seismic_bumps,gnb,sigmoid,0.5,10,0.446615087040619,0.600386847195358,0.5147001934235977,-0.06808510638297874,-0.12866911768133196,-0.007501095084625521,0.6587999999999999,True
seismic_bumps,gnb,sigmoid,1.0,10,0.7468085106382978,0.600386847195358,0.5147001934235977,0.2321083172147002,0.17068153657904303,0.29353509785035736,0.0047,False
seismic_bumps,gnb,sigmoid,2.0,10,1.3471953578336555,0.600386847195358,0.5147001934235977,0.8324951644100581,0.6992562626150954,0.9657340662050208,0.0,False
seismic_bumps,hgb,isotonic,0.0,10,0.06479690522243714,0.8547388781431333,0.5048355899419729,-0.4400386847195358,-0.4780096882090916,-0.40206768122997993,1.0,True
seismic_bumps,hgb,isotonic,0.5,10,0.4921663442940039,0.8547388781431333,0.5048355899419729,-0.012669245647969049,-0.04055304160296404,0.015214550307025943,0.5375,True
seismic_bumps,hgb,isotonic,1.0,10,0.9195357833655706,0.8547388781431333,0.5048355899419729,0.4147001934235977,0.3701533497251233,0.4592470371220721,0.0,False
seismic_bumps,hgb,isotonic,2.0,10,1.774274661508704,0.8547388781431333,0.5048355899419729,1.269439071566731,1.1693797371490413,1.3694984059844206,0.0,False
seismic_bumps,hgb,none,0.0,10,0.11334622823984526,0.6969052224371374,0.5288201160541586,-0.4154738878143133,-0.4508024071244172,-0.38014536850420944,1.0,True
seismic_bumps,hgb,none,0.5,10,0.4617988394584138,0.6969052224371374,0.5288201160541586,-0.06702127659574467,-0.09043736669549934,-0.04360518649598999,0.7656,True
seismic_bumps,hgb,none,1.0,10,0.8102514506769826,0.6969052224371374,0.5288201160541586,0.281431334622824,0.2548020063940634,0.30806066285158457,0.0023,False
seismic_bumps,hgb,none,2.0,10,1.50715667311412,0.6969052224371374,0.5288201160541586,0.9783365570599611,0.918232203166546,1.0384409109533763,0.0,False
seismic_bumps,hgb,sigmoid,0.0,10,0.13752417794970986,0.6849129593810445,0.5591876208897486,-0.4216634429400387,-0.45163207567891894,-0.3916948102011585,1.0,True
seismic_bumps,hgb,sigmoid,0.5,10,0.47998065764023207,0.6849129593810445,0.5591876208897486,-0.07920696324951644,-0.11055776126517466,-0.04785616523385822,0.7816,True
seismic_bumps,hgb,sigmoid,1.0,10,0.8224371373307544,0.6849129593810445,0.5591876208897486,0.2632495164410058,0.20812419746700767,0.31837483541500394,0.0125,False
seismic_bumps,hgb,sigmoid,2.0,10,1.5073500967117988,0.6849129593810445,0.5591876208897486,0.9481624758220504,0.8338638261936533,1.0624611254504475,0.0,False
seismic_bumps,logreg,isotonic,0.0,10,0.07292069632495166,0.8232108317214701,0.4332688588007737,-0.360348162475822,-0.38918741041343285,-0.3315089145382112,1.0,True
seismic_bumps,logreg,isotonic,0.5,10,0.48452611218568664,0.8232108317214701,0.4332688588007737,0.05125725338491296,0.03239040724439779,0.07012409952542813,0.25670000000000004,False
seismic_bumps,logreg,isotonic,1.0,10,0.8961315280464216,0.8232108317214701,0.4332688588007737,0.462862669245648,0.4179308623026454,0.5077944761886506,0.0,False
seismic_bumps,logreg,isotonic,2.0,10,1.7193423597678916,0.8232108317214701,0.4332688588007737,1.286073500967118,1.177626983044773,1.394520018889463,0.0,False
seismic_bumps,logreg,none,0.0,10,0.14854932301740814,0.6147001934235976,0.44429400386847195,-0.29574468085106387,-0.31607770194960666,-0.2754116597525211,1.0,True
seismic_bumps,logreg,none,0.5,10,0.455899419729207,0.6147001934235976,0.44429400386847195,0.01160541586073501,-0.026569018282356555,0.04977985000382658,0.4438,False
seismic_bumps,logreg,none,1.0,10,0.7632495164410058,0.6147001934235976,0.44429400386847195,0.31895551257253385,0.2402107247285442,0.3977003004165235,0.0031,False
seismic_bumps,logreg,none,2.0,10,1.3779497098646032,0.6147001934235976,0.44429400386847195,0.9336557059961315,0.7699900543175062,1.0973213576747567,0.0,False
seismic_bumps,logreg,sigmoid,0.0,10,0.13481624758220503,0.6475822050290135,0.4384912959381045,-0.3036750483558994,-0.3284513205199008,-0.27889877619189807,1.0,True
seismic_bumps,logreg,sigmoid,0.5,10,0.45860735009671183,0.6475822050290135,0.4384912959381045,0.02011605415860735,-0.0031456543915932174,0.043377762708807915,0.40700000000000003,False
seismic_bumps,logreg,sigmoid,1.0,10,0.7823984526112185,0.6475822050290135,0.4384912959381045,0.3439071566731141,0.28259278788963343,0.4052215254565948,0.00030000000000000003,False
seismic_bumps,logreg,sigmoid,2.0,10,1.429980657640232,0.6475822050290135,0.4384912959381045,0.9914893617021276,0.8498226922786594,1.133156031125596,0.0,False
seismic_bumps,rf,isotonic,0.0,10,0.08588007736943908,0.767504835589942,0.45377176015473886,-0.3678916827852999,-0.40177112281428445,-0.3340122427563153,1.0,True
seismic_bumps,rf,isotonic,0.5,10,0.46963249516441,0.767504835589942,0.45377176015473886,0.015860735009671178,-0.03555822565822492,0.06727969567756728,0.44420000000000004,False
seismic_bumps,rf,isotonic,1.0,10,0.8533849129593811,0.767504835589942,0.45377176015473886,0.39961315280464216,0.30105712524601635,0.49816918036326796,0.0044,False
seismic_bumps,rf,isotonic,2.0,10,1.6208897485493228,0.767504835589942,0.45377176015473886,1.1671179883945841,0.9656932713176594,1.368542705471509,0.0,False
seismic_bumps,rf,none,0.0,10,0.16382978723404257,0.5727272727272728,0.4709864603481625,-0.30715667311412,-0.34705361188653283,-0.26725973434170713,1.0,True
seismic_bumps,rf,none,0.5,10,0.45019342359767894,0.5727272727272728,0.4709864603481625,-0.020793036750483565,-0.06771808780580534,0.026132014304838205,0.5567,True
seismic_bumps,rf,none,1.0,10,0.7365570599613153,0.5727272727272728,0.4709864603481625,0.2655705996131528,0.19121804620657123,0.3399231530197344,0.0219,False
seismic_bumps,rf,none,2.0,10,1.3092843326885881,0.5727272727272728,0.4709864603481625,0.8382978723404255,0.6957165726327011,0.9808791720481499,0.0,False
seismic_bumps,rf,sigmoid,0.0,10,0.15589941972920698,0.5769825918762088,0.45299806576402313,-0.2970986460348162,-0.3269294814040545,-0.267267810665578,1.0,True
seismic_bumps,rf,sigmoid,0.5,10,0.44439071566731136,0.5769825918762088,0.45299806576402313,-0.008607350096711798,-0.05757184402322811,0.040357143829804515,0.5359999999999999,True
seismic_bumps,rf,sigmoid,1.0,10,0.7328820116054159,0.5769825918762088,0.45299806576402313,0.27988394584139265,0.19938501215976978,0.3603828795230155,0.0078,False
seismic_bumps,rf,sigmoid,2.0,10,1.309864603481625,0.5769825918762088,0.45299806576402313,0.8568665377176016,0.7073007233216947,1.0064323521135083,0.0,False
sick_numeric,ada,isotonic,0.0,10,0.0704635761589404,0.12172185430463578,0.1023841059602649,-0.031920529801324496,-0.05905269822188054,-0.004788361380768449,0.7542,True
sick_numeric,ada,isotonic,0.5,10,0.13132450331125828,0.12172185430463578,0.1023841059602649,0.028940397350993373,-0.012663598917326782,0.07054439361931353,0.3702,False
sick_numeric,ada,isotonic,1.0,10,0.19218543046357617,0.12172185430463578,0.1023841059602649,0.08980132450331126,-0.017113652121828513,0.196716301128451,0.1186,False
sick_numeric,ada,isotonic,2.0,10,0.31390728476821195,0.12172185430463578,0.1023841059602649,0.21152317880794702,-0.027110844345027058,0.4501572019609211,0.0949,False
sick_numeric,ada,none,0.0,10,0.06807947019867551,0.05417218543046357,0.08384105960264901,-0.015761589403973507,-0.029407955754470368,-0.002115223053476648,0.6803,True
sick_numeric,ada,none,0.5,10,0.09516556291390728,0.05417218543046357,0.08384105960264901,0.01132450331125828,0.0013853977903516643,0.021263608832164896,0.2486,False
sick_numeric,ada,none,1.0,10,0.12225165562913909,0.05417218543046357,0.08384105960264901,0.038410596026490065,0.026111773072423086,0.050709418980557044,0.0746,False
sick_numeric,ada,none,2.0,10,0.17642384105960263,0.05417218543046357,0.08384105960264901,0.09258278145695364,0.06658374932875516,0.11858181358515213,0.0075000000000000015,False
sick_numeric,ada,sigmoid,0.0,10,0.0733774834437086,0.05721854304635761,0.09549668874172186,-0.02211920529801325,-0.038836442355715206,-0.005401968240311295,0.7902,True
sick_numeric,ada,sigmoid,0.5,10,0.10198675496688743,0.05721854304635761,0.09549668874172186,0.006490066225165564,-0.00474072829403936,0.017720860744370487,0.32930000000000004,False
sick_numeric,ada,sigmoid,1.0,10,0.1305960264900662,0.05721854304635761,0.09549668874172186,0.035099337748344374,0.025140380998026707,0.04505829449866204,0.08530000000000001,False
sick_numeric,ada,sigmoid,2.0,10,0.18781456953642384,0.05721854304635761,0.09549668874172186,0.09231788079470199,0.07171601200574085,0.11291974958366313,0.0116,False
sick_numeric,et,isotonic,0.0,10,0.0895364238410596,0.18105960264900664,0.11655629139072847,-0.027019867549668876,-0.05296339710760156,-0.0010763379917361898,0.5336000000000001,True
sick_numeric,et,isotonic,0.5,10,0.18006622516556292,0.18105960264900664,0.11655629139072847,0.06350993377483444,-0.017328830981708038,0.1443486985313769,0.18250000000000002,False
sick_numeric,et,isotonic,1.0,10,0.2705960264900662,0.18105960264900664,0.11655629139072847,0.15403973509933774,-0.00942752236488184,0.3175069925635573,0.004999999999999999,False
sick_numeric,et,isotonic,2.0,10,0.45165562913907287,0.18105960264900664,0.11655629139072847,0.3350993377483444,0.0033325240732846595,0.6668661514234041,0.0,False
sick_numeric,et,none,0.0,10,0.09152317880794701,0.040794701986754965,0.12105960264900661,-0.029536423841059607,-0.051978835532136405,-0.007094012149982808,0.7727999999999999,True
sick_numeric,et,none,0.5,10,0.1119205298013245,0.040794701986754965,0.12105960264900661,-0.00913907284768212,-0.02846915884361167,0.01019101314824743,0.47109999999999996,True
sick_numeric,et,none,1.0,10,0.132317880794702,0.040794701986754965,0.12105960264900661,0.011258278145695366,-0.008464120837468347,0.030980677128859078,0.33290000000000003,False
sick_numeric,et,none,2.0,10,0.17311258278145697,0.040794701986754965,0.12105960264900661,0.052052980132450334,0.022802238935658907,0.08130372132924177,0.15600000000000003,False
sick_numeric,et,sigmoid,0.0,10,0.09854304635761589,0.043046357615894044,0.11774834437086093,-0.019205298013245033,-0.039636354518452016,0.0012257584919619507,0.6774,True
sick_numeric,et,sigmoid,0.5,10,0.12006622516556291,0.043046357615894044,0.11774834437086093,0.002317880794701987,-0.01616710188166296,0.020802863471066933,0.2675,False
sick_numeric,et,sigmoid,1.0,10,0.14158940397350994,0.043046357615894044,0.11774834437086093,0.023841059602649005,0.0022178921181064577,0.045464227087191555,0.18080000000000002,False
sick_numeric,et,sigmoid,2.0,10,0.18463576158940398,0.043046357615894044,0.11774834437086093,0.06688741721854305,0.030499290504183964,0.10327554393290214,0.09790000000000001,False
sick_numeric,gb,isotonic,0.0,10,0.07350993377483445,0.015496688741721856,0.08357615894039735,-0.010066225165562914,-0.022696664049242248,0.0025642137181164214,0.46449999999999997,True
sick_numeric,gb,isotonic,0.5,10,0.08125827814569538,0.015496688741721856,0.08357615894039735,-0.002317880794701987,-0.011286287142707435,0.00665052555330346,0.3933,True
sick_numeric,gb,isotonic,1.0,10,0.08900662251655629,0.015496688741721856,0.08357615894039735,0.005430463576158941,-0.004560023193004492,0.015420950345322374,0.21070000000000003,False
sick_numeric,gb,isotonic,2.0,10,0.10450331125827816,0.015496688741721856,0.08357615894039735,0.020927152317880796,9.485971460500633e-05,0.04175944492115659,0.1196,False
sick_numeric,gb,none,0.0,10,0.03350993377483444,0.07311258278145696,0.07033112582781456,-0.03682119205298014,-0.05546444623301415,-0.01817793787294612,0.906,True
sick_numeric,gb,none,0.5,10,0.0700662251655629,0.07311258278145696,0.07033112582781456,-0.00026490066225165633,-0.01576298312632298,0.01523318180181967,0.4478,True
sick_numeric,gb,none,1.0,10,0.10662251655629137,0.07311258278145696,0.07033112582781456,0.03629139072847682,0.02138237144498286,0.05120041001197078,0.1102,False
sick_numeric,gb,none,2.0,10,0.17973509933774837,0.07311258278145696,0.07033112582781456,0.10940397350993376,0.08807649276952763,0.13073145425033988,0.0024000000000000002,False
sick_numeric,gb,sigmoid,0.0,10,0.04556291390728477,0.0671523178807947,0.0809271523178808,-0.03536423841059603,-0.04715355282863237,-0.02357492399255969,0.9253,True
sick_numeric,gb,sigmoid,0.5,10,0.07913907284768212,0.0671523178807947,0.0809271523178808,-0.0017880794701986748,-0.012883456735264646,0.009307297794867296,0.4546999999999999,True
sick_numeric,gb,sigmoid,1.0,10,0.11271523178807948,0.0671523178807947,0.0809271523178808,0.03178807947019867,0.01878489170427436,0.04479126723612298,0.1307,False
sick_numeric,gb,sigmoid,2.0,10,0.1798675496688742,0.0671523178807947,0.0809271523178808,0.09894039735099337,0.07780743772475746,0.12007335697722929,0.005699999999999999,False
sick_numeric,gnb,isotonic,0.0,10,0.0304635761589404,0.72158940397351,0.5868874172185431,-0.5564238410596027,-0.6049099593894578,-0.5079377227297477,1.0,True
sick_numeric,gnb,isotonic,0.5,10,0.3912582781456953,0.72158940397351,0.5868874172185431,-0.19562913907284768,-0.2525556323470467,-0.13870264579864866,0.9069,True
sick_numeric,gnb,isotonic,1.0,10,0.7520529801324503,0.72158940397351,0.5868874172185431,0.1651655629139073,0.08676436901824701,0.24356675680956758,0.0649,False
sick_numeric,gnb,isotonic,2.0,10,1.4736423841059603,0.72158940397351,0.5868874172185431,0.8867549668874173,0.7525603725637254,1.0209495612111092,0.0,False
sick_numeric,gnb,none,0.0,10,0.051523178807947025,0.6750993377483444,0.5998675496688742,-0.5483443708609272,-0.6522769721596381,-0.4444117695622164,1.0,True
sick_numeric,gnb,none,0.5,10,0.3890728476821192,0.6750993377483444,0.5998675496688742,-0.21079470198675496,-0.27779813228440337,-0.14379127168910655,0.9009,True
sick_numeric,gnb,none,1.0,10,0.7266225165562914,0.6750993377483444,0.5998675496688742,0.12675496688741722,0.07613126697105843,0.177378666803776,0.0,False
sick_numeric,gnb,none,2.0,10,1.4017218543046357,0.6750993377483444,0.5998675496688742,0.8018543046357616,0.6929193083110495,0.9107893009604736,0.0,False
sick_numeric,gnb,sigmoid,0.0,10,0.0409271523178808,0.6970860927152318,0.6092715231788081,-0.5683443708609273,-0.5884025840913174,-0.5482861576305371,1.0,True
sick_numeric,gnb,sigmoid,0.5,10,0.38947019867549665,0.6970860927152318,0.6092715231788081,-0.21980132450331125,-0.2463106477319627,-0.19329200127465979,0.9889999999999999,True
sick_numeric,gnb,sigmoid,1.0,10,0.7380132450331126,0.6970860927152318,0.6092715231788081,0.12874172185430463,0.06617826141867864,0.19130518228993063,0.12569999999999998,False
sick_numeric,gnb,sigmoid,2.0,10,1.4350993377483443,0.6970860927152318,0.6092715231788081,0.8258278145695364,0.6877330590581873,0.9639225700808854,0.0,False
sick_numeric,hgb,isotonic,0.0,10,0.05827814569536425,0.019072847682119205,0.07350993377483443,-0.015231788079470199,-0.03574696851722145,0.00528339235828105,0.4765,True
sick_numeric,hgb,isotonic,0.5,10,0.06781456953642385,0.019072847682119205,0.07350993377483443,-0.005695364238410595,-0.026296324331197222,0.014905595854376032,0.328,True
sick_numeric,hgb,isotonic,1.0,10,0.07735099337748344,0.019072847682119205,0.07350993377483443,0.003841059602649008,-0.02319710984714161,0.030879229052439627,0.118,False
sick_numeric,hgb,isotonic,2.0,10,0.09642384105960267,0.019072847682119205,0.07350993377483443,0.022913907284768213,-0.024560265424161863,0.07038807999369828,0.11710000000000001,False
sick_numeric,hgb,none,0.0,10,0.02596026490066225,0.08264900662251655,0.058145695364238414,-0.03218543046357616,-0.04402544911824088,-0.02034541180891144,0.9559999999999998,True
sick_numeric,hgb,none,0.5,10,0.06728476821192052,0.08264900662251655,0.058145695364238414,0.009139072847682119,-0.005345783104377343,0.02362392879974158,0.2994,False
sick_numeric,hgb,none,1.0,10,0.10860927152317881,0.08264900662251655,0.058145695364238414,0.05046357615894039,0.032052112481469795,0.068875039836411,0.0646,False
sick_numeric,hgb,none,2.0,10,0.19125827814569535,0.08264900662251655,0.058145695364238414,0.13311258278145696,0.1052564940737069,0.16096867148920702,0.0008,False
sick_numeric,hgb,sigmoid,0.0,10,0.024238410596026494,0.07735099337748344,0.07655629139072848,-0.05231788079470199,-0.06660127002520272,-0.03803449156420125,0.966,True
sick_numeric,hgb,sigmoid,0.5,10,0.06291390728476821,0.07735099337748344,0.07655629139072848,-0.013642384105960265,-0.027652110709748323,0.0003673424978277908,0.5937,True
sick_numeric,hgb,sigmoid,1.0,10,0.10158940397350993,0.07735099337748344,0.07655629139072848,0.025033112582781458,0.009301725166096068,0.04076449999946685,0.2171,False
sick_numeric,hgb,sigmoid,2.0,10,0.17894039735099337,0.07735099337748344,0.07655629139072848,0.1023841059602649,0.0794336068818147,0.1253346050387151,0.0273,False
sick_numeric,logreg,isotonic,0.0,10,0.09403973509933775,0.48529801324503313,0.18675496688741725,-0.09271523178807947,-0.1348761370946529,-0.05055432648150604,0.9181999999999999,True
sick_numeric,logreg,isotonic,0.5,10,0.3366887417218543,0.48529801324503313,0.18675496688741725,0.1499337748344371,0.0906530364006782,0.20921451326819598,0.0182,False
sick_numeric,logreg,isotonic,1.0,10,0.5793377483443709,0.48529801324503313,0.18675496688741725,0.39258278145695363,0.250139365444839,0.5350261974690682,0.0001,False
sick_numeric,logreg,isotonic,2.0,10,1.064635761589404,0.48529801324503313,0.18675496688741725,0.8778807947019868,0.5633021259941455,1.192459463409828,0.0,False
sick_numeric,logreg,none,0.0,10,0.14317880794701987,0.15642384105960266,0.17655629139072848,-0.03337748344370861,-0.05336220428116978,-0.013392762606247444,0.8074999999999999,True
sick_numeric,logreg,none,0.5,10,0.2213907284768212,0.15642384105960266,0.17655629139072848,0.044834437086092714,0.016756083976848787,0.07291279019533664,0.205,False
sick_numeric,logreg,none,1.0,10,0.2996026490066225,0.15642384105960266,0.17655629139072848,0.12304635761589403,0.07331146136514882,0.17278125386663923,0.0675,False
sick_numeric,logreg,none,2.0,10,0.45602649006622514,0.15642384105960266,0.17655629139072848,0.2794701986754967,0.18081739676562192,0.3781230005853715,0.0094,False
sick_numeric,logreg,sigmoid,0.0,10,0.13761589403973512,0.18582781456953643,0.19430463576158938,-0.056688741721854306,-0.08801556227126581,-0.0253619211724428,0.8591999999999999,True
sick_numeric,logreg,sigmoid,0.5,10,0.23052980132450332,0.18582781456953643,0.19430463576158938,0.03622516556291391,-0.000653566203343614,0.07310389732917143,0.2344,False
sick_numeric,logreg,sigmoid,1.0,10,0.3234437086092715,0.18582781456953643,0.19430463576158938,0.1291390728476821,0.06980505254536784,0.18847309314999638,0.10429999999999999,False
sick_numeric,logreg,sigmoid,2.0,10,0.5092715231788079,0.18582781456953643,0.19430463576158938,0.31496688741721857,0.2001324936359251,0.429801281198512,0.0715,False
sick_numeric,rf,isotonic,0.0,10,0.06874172185430463,0.04092715231788079,0.08476821192052979,-0.016026490066225165,-0.027145042507198465,-0.004907937625251867,0.6472999999999999,True
sick_numeric,rf,isotonic,0.5,10,0.08920529801324503,0.04092715231788079,0.08476821192052979,0.004437086092715232,-0.0014670909177394824,0.010341263103169946,0.3946,False
sick_numeric,rf,isotonic,1.0,10,0.10966887417218543,0.04092715231788079,0.08476821192052979,0.024900662251655627,0.006548878666348314,0.043252445836962944,0.0859,False
sick_numeric,rf,isotonic,2.0,10,0.15059602649006626,0.04092715231788079,0.08476821192052979,0.06582781456953643,0.019863481219062472,0.11179214792001038,0.0498,False
sick_numeric,rf,none,0.0,10,0.043576158940397354,0.07350993377483443,0.0713907284768212,-0.02781456953642384,-0.03699698756873089,-0.018632151504116793,0.9089,True
sick_numeric,rf,none,0.5,10,0.08033112582781457,0.07350993377483443,0.0713907284768212,0.008940397350993378,0.0009406612326607958,0.01694013346932596,0.2944,False
sick_numeric,rf,none,1.0,10,0.11708609271523178,0.07350993377483443,0.0713907284768212,0.0456953642384106,0.03233850590761637,0.05905222256920483,0.0446,False
sick_numeric,rf,none,2.0,10,0.1905960264900662,0.07350993377483443,0.0713907284768212,0.11920529801324505,0.09071989533275063,0.14769070069373946,0.0009,False
sick_numeric,rf,sigmoid,0.0,10,0.05682119205298013,0.06304635761589403,0.07827814569536422,-0.021456953642384105,-0.03671644750287257,-0.006197459781895641,0.7548,True
sick_numeric,rf,sigmoid,0.5,10,0.08834437086092714,0.06304635761589403,0.07827814569536422,0.010066225165562914,-0.00034272965061285,0.02047517998173868,0.2988,False
sick_numeric,rf,sigmoid,1.0,10,0.11986754966887418,0.06304635761589403,0.07827814569536422,0.041589403973509936,0.027916997792494486,0.05526181015452539,0.0693,False
sick_numeric,rf,sigmoid,2.0,10,0.18291390728476822,0.06304635761589403,0.07827814569536422,0.10463576158940398,0.0737586846489719,0.13551283852983606,0.015300000000000003,False
uci_default,ada,isotonic,0.0,10,0.19666666666666666,0.6354833333333332,0.7232000000000001,-0.5265333333333333,-0.5654979346891128,-0.4875687319775538,1.0,True
uci_default,ada,isotonic,0.5,10,0.5144083333333332,0.6354833333333332,0.7232000000000001,-0.20879166666666665,-0.22872730497790572,-0.18885602835542759,1.0,True
uci_default,ada,isotonic,1.0,10,0.8321499999999998,0.6354833333333332,0.7232000000000001,0.10894999999999999,0.10280842533965091,0.11509157466034907,0.0,False
uci_default,ada,isotonic,2.0,10,1.4676333333333331,0.6354833333333332,0.7232000000000001,0.7444333333333333,0.70441337939428,0.7844532872723866,0.0,False
uci_default,ada,none,0.0,10,0.27746666666666664,0.5473833333333334,0.7180333333333333,-0.44056666666666666,-0.452374179328496,-0.42875915400483733,1.0,True
uci_default,ada,none,0.5,10,0.5511583333333333,0.5473833333333334,0.7180333333333333,-0.16687500000000005,-0.17477332031291673,-0.15897667968708337,1.0,True
uci_default,ada,none,1.0,10,0.82485,0.5473833333333334,0.7180333333333333,0.10681666666666667,0.10004145859642545,0.11359187473690789,0.0,False
uci_default,ada,none,2.0,10,1.3722333333333334,0.5473833333333334,0.7180333333333333,0.6542,0.6402499096051426,0.6681500903948574,0.0,False
uci_default,ada,sigmoid,0.0,10,0.27756666666666663,0.5489499999999999,0.7213333333333333,-0.4437666666666667,-0.45553273464849847,-0.4320005986848349,1.0,True
uci_default,ada,sigmoid,0.5,10,0.5520416666666668,0.5489499999999999,0.7213333333333333,-0.16929166666666665,-0.17541255170414083,-0.16317078162919246,1.0,True
uci_default,ada,sigmoid,1.0,10,0.8265166666666666,0.5489499999999999,0.7213333333333333,0.10518333333333332,0.10109965157042124,0.10926701509624541,0.0,False
uci_default,ada,sigmoid,2.0,10,1.3754666666666666,0.5489499999999999,0.7213333333333333,0.6541333333333333,0.6394480366537323,0.6688186300129344,0.0,False
uci_default,et,isotonic,0.0,10,0.24611666666666668,0.5739833333333333,0.71905,-0.4729333333333333,-0.5091613130557169,-0.4367053536109498,1.0,True
uci_default,et,isotonic,0.5,10,0.5331083333333334,0.5739833333333333,0.71905,-0.18594166666666667,-0.20180932323437123,-0.17007401009896211,1.0,True
uci_default,et,isotonic,1.0,10,0.8201,0.5739833333333333,0.71905,0.10105,0.09472617992853241,0.10737382007146759,0.0,False
uci_default,et,isotonic,2.0,10,1.3940833333333336,0.5739833333333333,0.71905,0.6750333333333334,0.6285243713317026,0.7215422953349642,0.0,False
uci_default,et,none,0.0,10,0.29796666666666666,0.5088166666666667,0.7102666666666666,-0.4123,-0.42250548585471875,-0.40209451414528125,1.0,True
uci_default,et,none,0.5,10,0.552375,0.5088166666666667,0.7102666666666666,-0.15789166666666668,-0.16439644728376232,-0.15138688604957104,1.0,True
uci_default,et,none,1.0,10,0.8067833333333333,0.5088166666666667,0.7102666666666666,0.09651666666666667,0.09161438053330671,0.10141895280002662,0.0,False
uci_default,et,none,2.0,10,1.3156,0.5088166666666667,0.7102666666666666,0.6053333333333334,0.594463516702854,0.6162031499638128,0.0,False
uci_default,et,sigmoid,0.0,10,0.29601666666666665,0.5118833333333332,0.71905,-0.42303333333333326,-0.43589963264875703,-0.4101670340179095,1.0,True
uci_default,et,sigmoid,0.5,10,0.5519583333333332,0.5118833333333332,0.71905,-0.16709166666666667,-0.17533590936335963,-0.1588474239699737,1.0,True
uci_default,et,sigmoid,1.0,10,0.8079000000000001,0.5118833333333332,0.71905,0.08885000000000001,0.08420222985099042,0.0934977701490096,0.0,False
uci_default,et,sigmoid,2.0,10,1.3197833333333335,0.5118833333333332,0.71905,0.6007333333333332,0.5916506422544421,0.6098160244122244,0.0,False
uci_default,gb,isotonic,0.0,10,0.21953333333333336,0.5904166666666667,0.7096833333333333,-0.49015000000000003,-0.5221428990338887,-0.4581571009661114,1.0,True
uci_default,gb,isotonic,0.5,10,0.5147416666666667,0.5904166666666667,0.7096833333333333,-0.19494166666666665,-0.20942153591996424,-0.18046179741336907,1.0,True
uci_default,gb,isotonic,1.0,10,0.8099500000000001,0.5904166666666667,0.7096833333333333,0.10026666666666666,0.092583523457,0.10794980987633332,0.0,False
uci_default,gb,isotonic,2.0,10,1.4003666666666668,0.5904166666666667,0.7096833333333333,0.6906833333333333,0.6488803669969773,0.7324862996696894,0.0,False
uci_default,gb,none,0.0,10,0.28875,0.5062,0.7018666666666667,-0.41311666666666663,-0.42408573469374694,-0.4021475986395863,1.0,True
uci_default,gb,none,0.5,10,0.5418499999999999,0.5062,0.7018666666666667,-0.16001666666666664,-0.1684480986408809,-0.1515852346924524,1.0,True
uci_default,gb,none,1.0,10,0.7949499999999998,0.5062,0.7018666666666667,0.09308333333333334,0.08581966087851654,0.10034700578815013,0.0,False
uci_default,gb,none,2.0,10,1.30115,0.5062,0.7018666666666667,0.5992833333333334,0.5888519084907285,0.6097147581759382,0.0,False
uci_default,gb,sigmoid,0.0,10,0.2909833333333333,0.5091166666666667,0.7047833333333333,-0.4138,-0.4213708401477782,-0.4062291598522218,1.0,True
uci_default,gb,sigmoid,0.5,10,0.5455416666666666,0.5091166666666667,0.7047833333333333,-0.15924166666666667,-0.16536091463244373,-0.1531224187008896,1.0,True
uci_default,gb,sigmoid,1.0,10,0.8001000000000001,0.5091166666666667,0.7047833333333333,0.09531666666666667,0.08931661222658444,0.10131672110674891,0.0,False
uci_default,gb,sigmoid,2.0,10,1.3092166666666665,0.5091166666666667,0.7047833333333333,0.6044333333333334,0.5950314603284476,0.6138352063382192,0.0,False
uci_default,gnb,isotonic,0.0,10,0.2192333333333333,0.6926666666666667,0.7814666666666666,-0.5622333333333334,-0.6011973991236687,-0.5232692675429981,1.0,True
uci_default,gnb,isotonic,0.5,10,0.5655666666666667,0.6926666666666667,0.7814666666666666,-0.21589999999999998,-0.23828723248794131,-0.19351276751205865,1.0,True
uci_default,gnb,isotonic,1.0,10,0.9119000000000002,0.6926666666666667,0.7814666666666666,0.13043333333333332,0.12021700197758872,0.1406496646890779,0.0,False
uci_default,gnb,isotonic,2.0,10,1.6045666666666665,0.6926666666666667,0.7814666666666666,0.8230999999999999,0.7888752954839654,0.8573247045160345,0.0,False
uci_default,gnb,none,0.0,10,0.2961,0.6068833333333334,0.78635,-0.4902500000000001,-0.4994872505262092,-0.48101274947379097,1.0,True
uci_default,gnb,none,0.5,10,0.5995416666666668,0.6068833333333334,0.78635,-0.18680833333333333,-0.1953504237625687,-0.17826624290409795,1.0,True
uci_default,gnb,none,1.0,10,0.9029833333333335,0.6068833333333334,0.78635,0.11663333333333332,0.10602744376057095,0.12723922290609568,0.0,False
uci_default,gnb,none,2.0,10,1.5098666666666667,0.6068833333333334,0.78635,0.7235166666666666,0.704884670466051,0.7421486628672822,0.0,False
uci_default,gnb,sigmoid,0.0,10,0.29364999999999997,0.6088999999999999,0.7838333333333333,-0.4901833333333333,-0.5014866556221753,-0.4788800110444913,1.0,True
uci_default,gnb,sigmoid,0.5,10,0.5981000000000001,0.6088999999999999,0.7838333333333333,-0.18573333333333333,-0.19526026485130638,-0.1762064018153603,1.0,True
uci_default,gnb,sigmoid,1.0,10,0.9025500000000001,0.6088999999999999,0.7838333333333333,0.11871666666666666,0.10780569029049017,0.12962764304284316,0.0,False
uci_default,gnb,sigmoid,2.0,10,1.5114500000000002,0.6088999999999999,0.7838333333333333,0.7276166666666668,0.7083425305251947,0.7468908028081389,0.0,False
uci_default,hgb,isotonic,0.0,10,0.2581833333333333,0.5540833333333334,0.7109833333333334,-0.45280000000000004,-0.4821329285965344,-0.4234670714034657,1.0,True
uci_default,hgb,isotonic,0.5,10,0.5352250000000002,0.5540833333333334,0.7109833333333334,-0.17575833333333332,-0.18894228797945947,-0.16257437868720717,1.0,True
uci_default,hgb,isotonic,1.0,10,0.8122666666666667,0.5540833333333334,0.7109833333333334,0.10128333333333332,0.09582408922611278,0.10674257744055386,0.0,False
uci_default,hgb,isotonic,2.0,10,1.3663500000000002,0.5540833333333334,0.7109833333333334,0.6553666666666667,0.6183592498885045,0.6923740834448288,0.0,False
uci_default,hgb,none,0.0,10,0.29461666666666664,0.50525,0.7082833333333333,-0.4136666666666667,-0.4254173872854938,-0.4019159460478396,1.0,True
uci_default,hgb,none,0.5,10,0.5472416666666667,0.50525,0.7082833333333333,-0.16104166666666667,-0.16884096397990245,-0.15324236935343089,1.0,True
uci_default,hgb,none,1.0,10,0.7998666666666666,0.50525,0.7082833333333333,0.09158333333333332,0.08631233499745898,0.09685433166920766,0.0,False
uci_default,hgb,none,2.0,10,1.3051166666666667,0.50525,0.7082833333333333,0.5968333333333333,0.5871221780321372,0.6065444886345295,0.0,False
uci_default,hgb,sigmoid,0.0,10,0.2983833333333333,0.50575,0.7127833333333333,-0.4144,-0.4250816836514488,-0.40371831634855115,1.0,True
uci_default,hgb,sigmoid,0.5,10,0.5512583333333333,0.50575,0.7127833333333333,-0.161525,-0.16971468419249727,-0.15333531580750273,1.0,True
uci_default,hgb,sigmoid,1.0,10,0.8041333333333334,0.50575,0.7127833333333333,0.09135,0.08347131135496319,0.09922868864503681,0.0,False
uci_default,hgb,sigmoid,2.0,10,1.3098833333333333,0.50575,0.7127833333333333,0.5971,0.5837519631368966,0.6104480368631033,0.0,False
uci_default,logreg,isotonic,0.0,10,0.18995,0.72255,0.7774666666666665,-0.5875166666666667,-0.6338813062202993,-0.5411520271130341,1.0,True
uci_default,logreg,isotonic,0.5,10,0.5512250000000001,0.72255,0.7774666666666665,-0.22624166666666667,-0.25435286233386495,-0.1981304709994684,1.0,True
uci_default,logreg,isotonic,1.0,10,0.9125,0.72255,0.7774666666666665,0.1350333333333333,0.12399199999999998,0.14607466666666663,0.0,False
uci_default,logreg,isotonic,2.0,10,1.6350500000000001,0.72255,0.7774666666666665,0.8575833333333334,0.8282816084904946,0.8868850581761721,0.0,False
uci_default,logreg,none,0.0,10,0.28361666666666674,0.6363833333333333,0.7787666666666666,-0.4951499999999999,-0.5096038218603375,-0.4806961781396624,1.0,True
uci_default,logreg,none,0.5,10,0.6018083333333333,0.6363833333333333,0.7787666666666666,-0.17695833333333336,-0.18776739307076692,-0.1661492735958998,1.0,True
uci_default,logreg,none,1.0,10,0.9200000000000002,0.6363833333333333,0.7787666666666666,0.14123333333333335,0.13158781812395645,0.15087884854271025,0.0,False
uci_default,logreg,none,2.0,10,1.5563833333333332,0.6363833333333333,0.7787666666666666,0.7776166666666666,0.7617967898726528,0.7934365434606805,0.0,False
uci_default,logreg,sigmoid,0.0,10,0.2877166666666667,0.6352333333333333,0.7775333333333332,-0.4898166666666667,-0.5051964233617513,-0.47443690997158205,1.0,True
uci_default,logreg,sigmoid,0.5,10,0.6053333333333333,0.6352333333333333,0.7775333333333332,-0.1722,-0.18516713518338562,-0.15923286481661436,1.0,True
uci_default,logreg,sigmoid,1.0,10,0.9229499999999999,0.6352333333333333,0.7775333333333332,0.1454166666666667,0.13274495175646484,0.15808838157686855,0.0,False
uci_default,logreg,sigmoid,2.0,10,1.5581833333333335,0.6352333333333333,0.7775333333333332,0.78065,0.7625427599651683,0.7987572400348316,0.0,False
uci_default,rf,isotonic,0.0,10,0.24318333333333336,0.5814666666666667,0.7205333333333332,-0.47735000000000005,-0.5057118434764513,-0.4489881565235489,1.0,True
uci_default,rf,isotonic,0.5,10,0.5339166666666666,0.5814666666666667,0.7205333333333332,-0.18661666666666665,-0.19967911774590638,-0.17355421558742692,1.0,True
uci_default,rf,isotonic,1.0,10,0.8246500000000001,0.5814666666666667,0.7205333333333332,0.10411666666666666,0.09910256092928148,0.10913077240405185,0.0,False
uci_default,rf,isotonic,2.0,10,1.4061166666666667,0.5814666666666667,0.7205333333333332,0.6855833333333333,0.650956623864457,0.7202100428022097,0.0,False
uci_default,rf,none,0.0,10,0.29396666666666665,0.5198,0.7156166666666668,-0.42164999999999997,-0.42985829405593157,-0.41344170594406837,1.0,True
uci_default,rf,none,0.5,10,0.5538666666666667,0.5198,0.7156166666666668,-0.16175,-0.16756496233122625,-0.15593503766877376,1.0,True
uci_default,rf,none,1.0,10,0.8137666666666666,0.5198,0.7156166666666668,0.09815,0.09312446221046204,0.10317553778953796,0.0,False
uci_default,rf,none,2.0,10,1.3335666666666666,0.5198,0.7156166666666668,0.61795,0.6088311097680843,0.6270688902319157,0.0,False
uci_default,rf,sigmoid,0.0,10,0.29711666666666664,0.5218,0.7177166666666667,-0.4206,-0.43000805041138757,-0.4111919495886124,1.0,True
uci_default,rf,sigmoid,0.5,10,0.5580166666666667,0.5218,0.7177166666666667,-0.15969999999999998,-0.16704076687553743,-0.15235923312446253,1.0,True
uci_default,rf,sigmoid,1.0,10,0.8189166666666665,0.5218,0.7177166666666667,0.1012,0.09405207682411212,0.10834792317588787,0.0,False
uci_default,rf,sigmoid,2.0,10,1.3407166666666668,0.5218,0.7177166666666667,0.6229999999999999,0.6111258176941694,0.6348741823058304,0.0,False
wilt,ada,isotonic,0.0,10,0.06673553719008266,0.07809917355371901,0.10051652892561984,-0.03378099173553718,-0.052645407358456395,-0.014916576112617971,0.6880999999999999,True
wilt,ada,isotonic,0.5,10,0.10578512396694215,0.07809917355371901,0.10051652892561984,0.0052685950413223145,-0.021040216922713545,0.031577407005358174,0.3896,False
wilt,ada,isotonic,1.0,10,0.14483471074380166,0.07809917355371901,0.10051652892561984,0.044318181818181826,-0.019200296415178453,0.1078366600515421,0.1981,False
wilt,ada,isotonic,2.0,10,0.22293388429752067,0.07809917355371901,0.10051652892561984,0.12241735537190082,-0.01807446751185965,0.2629091782556613,0.081,False
wilt,ada,none,0.0,10,0.054648760330578514,0.055371900826446274,0.09576446280991734,-0.04111570247933884,-0.05627628428951207,-0.025955120669165617,0.9521000000000001,True
wilt,ada,none,0.5,10,0.08233471074380165,0.055371900826446274,0.09576446280991734,-0.0134297520661157,-0.023934638269936574,-0.002924865862294823,0.632,True
wilt,ada,none,1.0,10,0.1100206611570248,0.055371900826446274,0.09576446280991734,0.014256198347107438,0.0050079177574096825,0.02350447893680519,0.22410000000000002,False
wilt,ada,none,2.0,10,0.16539256198347108,0.055371900826446274,0.09576446280991734,0.06962809917355371,0.051742551588373716,0.08751364675873372,0.0308,False
wilt,ada,sigmoid,0.0,10,0.05423553719008265,0.08946280991735538,0.0978305785123967,-0.04359504132231405,-0.06014888823739695,-0.02704119440723116,0.9400000000000001,True
wilt,ada,sigmoid,0.5,10,0.09896694214876031,0.08946280991735538,0.0978305785123967,0.001136363636363635,-0.031260611798595773,0.03353333907132305,0.5547,False
wilt,ada,sigmoid,1.0,10,0.14369834710743803,0.08946280991735538,0.0978305785123967,0.04586776859504132,-0.012421590783685758,0.10415712797376839,0.20579999999999998,False
wilt,ada,sigmoid,2.0,10,0.2331611570247934,0.08946280991735538,0.0978305785123967,0.13533057851239666,0.022142796905495782,0.24851836011929754,0.004,False
wilt,et,isotonic,0.0,10,0.046694214876033056,0.20123966942148758,0.06363636363636363,-0.016942148760330577,-0.03381866635571809,-6.563116494305923e-05,0.5282,True
wilt,et,isotonic,0.5,10,0.14731404958677685,0.20123966942148758,0.06363636363636363,0.08367768595041322,-0.023493854299465156,0.1908492262002916,0.2598,False
wilt,et,isotonic,1.0,10,0.24793388429752067,0.20123966942148758,0.06363636363636363,0.18429752066115704,-0.04256533608178012,0.41116037740409417,0.1212,False
wilt,et,isotonic,2.0,10,0.4491735537190083,0.20123966942148758,0.06363636363636363,0.38553719008264464,-0.08112014977133258,0.8521945299366218,0.0613,False
wilt,et,none,0.0,10,0.029235537190082643,0.07985537190082645,0.06136363636363636,-0.03212809917355371,-0.04874964003454535,-0.015506558312562077,0.9458,True
wilt,et,none,0.5,10,0.06916322314049586,0.07985537190082645,0.06136363636363636,0.0077995867768595045,-0.00910164420172754,0.02470081775544655,0.29660000000000003,False
wilt,et,none,1.0,10,0.1090909090909091,0.07985537190082645,0.06136363636363636,0.04772727272727272,0.029875886602308083,0.06557865885223736,0.0772,False
wilt,et,none,2.0,10,0.18894628099173555,0.07985537190082645,0.06136363636363636,0.12758264462809915,0.10623678056632077,0.14892850868987753,0.0026,False
wilt,et,sigmoid,0.0,10,0.039359504132231396,0.07603305785123968,0.0668388429752066,-0.027479338842975203,-0.046076600418414757,-0.008882077267535645,0.7915000000000001,True
wilt,et,sigmoid,0.5,10,0.07737603305785125,0.07603305785123968,0.0668388429752066,0.010537190082644629,-0.0069174476012012175,0.027991827766490476,0.35650000000000004,False
wilt,et,sigmoid,1.0,10,0.11539256198347107,0.07603305785123968,0.0668388429752066,0.04855371900826447,0.03095884568467868,0.06614859233185025,0.0617,False
wilt,et,sigmoid,2.0,10,0.19142561983471074,0.07603305785123968,0.0668388429752066,0.12458677685950414,0.10319199234178829,0.14598156137722001,0.0001,False
wilt,gb,isotonic,0.0,10,0.051652892561983466,0.15206611570247933,0.0784090909090909,-0.026756198347107442,-0.051762282839176756,-0.0017501138550381282,0.5477,True
wilt,gb,isotonic,0.5,10,0.12768595041322311,0.15206611570247933,0.0784090909090909,0.04927685950413223,-0.0377540898934272,0.13630780890169164,0.2839,False
wilt,gb,isotonic,1.0,10,0.20371900826446282,0.15206611570247933,0.0784090909090909,0.1253099173553719,-0.048970330507470905,0.2995901652182147,0.14920000000000003,False
wilt,gb,isotonic,2.0,10,0.3557851239669422,0.15206611570247933,0.0784090909090909,0.27737603305785125,-0.07408157794431869,0.6288336440600212,0.0627,False
wilt,gb,none,0.0,10,0.03419421487603306,0.07634297520661157,0.07386363636363638,-0.03966942148760331,-0.058900103297121725,-0.020438739678084895,0.8891,True
wilt,gb,none,0.5,10,0.07236570247933885,0.07634297520661157,0.07386363636363638,-0.0014979338842975203,-0.017540473258016737,0.014544605489421696,0.47190000000000004,True
wilt,gb,none,1.0,10,0.11053719008264462,0.07634297520661157,0.07386363636363638,0.03667355371900827,0.022269663173311388,0.051077444264705146,0.11899999999999997,False
wilt,gb,none,2.0,10,0.18688016528925622,0.07634297520661157,0.07386363636363638,0.11301652892561984,0.09582975525419819,0.1302033025970415,0.0004,False
wilt,gb,sigmoid,0.0,10,0.03966942148760331,0.08429752066115703,0.07809917355371901,-0.038429752066115694,-0.056436125308468685,-0.0204233788237627,0.8558,True
wilt,gb,sigmoid,0.5,10,0.08181818181818182,0.08429752066115703,0.07809917355371901,0.00371900826446281,-0.013346075127141607,0.020784091656067226,0.437,False
wilt,gb,sigmoid,1.0,10,0.12396694214876033,0.08429752066115703,0.07809917355371901,0.04586776859504132,0.022177397520062453,0.06955813967002018,0.09590000000000001,False
wilt,gb,sigmoid,2.0,10,0.20826446280991737,0.08429752066115703,0.07809917355371901,0.13016528925619836,0.08532831843132385,0.17500226008107286,0.0009000000000000001,False
wilt,gnb,isotonic,0.0,10,0.06983471074380167,0.6596074380165289,0.33553719008264465,-0.26570247933884295,-0.280745420905989,-0.2506595377716969,1.0,True
wilt,gnb,isotonic,0.5,10,0.39963842975206615,0.6596074380165289,0.33553719008264465,0.0641012396694215,0.01197696573457005,0.11622551360427294,0.2475,False
wilt,gnb,isotonic,1.0,10,0.7294421487603306,0.6596074380165289,0.33553719008264465,0.393904958677686,0.29704632149328525,0.49076359586208673,0.0,False
wilt,gnb,isotonic,2.0,10,1.3890495867768595,0.6596074380165289,0.33553719008264465,1.053512396694215,0.8658080430142577,1.2412167503741722,0.0,False
wilt,gnb,none,0.0,10,0.13915289256198346,0.41311983471074376,0.3229338842975207,-0.18378099173553722,-0.20967839028763793,-0.1578835931834365,1.0,True
wilt,gnb,none,0.5,10,0.34571280991735537,0.41311983471074376,0.3229338842975207,0.02277892561983471,-0.006607117687517882,0.052164968927187305,0.3504,False
wilt,gnb,none,1.0,10,0.5522727272727272,0.41311983471074376,0.3229338842975207,0.22933884297520662,0.18163787351404154,0.2770398124363717,0.0023,False
wilt,gnb,none,2.0,10,0.9653925619834711,0.41311983471074376,0.3229338842975207,0.6424586776859504,0.5488851539176522,0.7360322014542486,0.0,False
wilt,gnb,sigmoid,0.0,10,0.13822314049586776,0.4216942148760331,0.3347107438016529,-0.19648760330578513,-0.21614606592567523,-0.17682914068589503,1.0,True
wilt,gnb,sigmoid,0.5,10,0.3490702479338843,0.4216942148760331,0.3347107438016529,0.014359504132231407,-0.011658543780178858,0.04037755204464167,0.39920000000000005,False
wilt,gnb,sigmoid,1.0,10,0.5599173553719008,0.4216942148760331,0.3347107438016529,0.22520661157024796,0.18134024177323557,0.2690729813672604,0.0021,False
wilt,gnb,sigmoid,2.0,10,0.9816115702479339,0.4216942148760331,0.3347107438016529,0.646900826446281,0.5615228122074707,0.7322788406850913,0.0,False
wilt,hgb,isotonic,0.0,10,0.056714876033057846,0.031095041322314047,0.07148760330578512,-0.014772727272727274,-0.03638328006531344,0.006837825519858887,0.4736000000000001,True
wilt,hgb,isotonic,0.5,10,0.07226239669421489,0.031095041322314047,0.07148760330578512,0.0007747933884297521,-0.0100591127197317,0.011608699496591206,0.364,False
wilt,hgb,isotonic,1.0,10,0.0878099173553719,0.031095041322314047,0.07148760330578512,0.016322314049586777,0.0011467161090609468,0.031497911990112606,0.1935,False
wilt,hgb,isotonic,2.0,10,0.11890495867768595,0.031095041322314047,0.07148760330578512,0.047417355371900824,0.004477252430306153,0.0903574583134955,0.0697,False
wilt,hgb,none,0.0,10,0.03171487603305785,0.08006198347107438,0.0643595041322314,-0.03264462809917355,-0.04473776676382178,-0.020551489434525325,0.9375,True
wilt,hgb,none,0.5,10,0.07174586776859504,0.08006198347107438,0.0643595041322314,0.007386363636363634,-0.0034756773541701914,0.01824840462689746,0.344,False
wilt,hgb,none,1.0,10,0.11177685950413223,0.08006198347107438,0.0643595041322314,0.04741735537190083,0.0356439174174343,0.05919079332636736,0.0378,False
wilt,hgb,none,2.0,10,0.1918388429752066,0.08006198347107438,0.0643595041322314,0.1274793388429752,0.1094088219700971,0.14554985571585327,0.00030000000000000003,False
wilt,hgb,sigmoid,0.0,10,0.04297520661157024,0.07551652892561983,0.07066115702479339,-0.027685950413223144,-0.04364860670976595,-0.011723294116680345,0.8562,True
wilt,hgb,sigmoid,0.5,10,0.08073347107438016,0.07551652892561983,0.07066115702479339,0.010072314049586778,-0.0029559985178826964,0.023100626617056252,0.2639000000000001,False
wilt,hgb,sigmoid,1.0,10,0.11849173553719008,0.07551652892561983,0.07066115702479339,0.04783057851239669,0.033379957845454944,0.06228119917933844,0.07150000000000001,False
wilt,hgb,sigmoid,2.0,10,0.19400826446280992,0.07551652892561983,0.07066115702479339,0.12334710743801654,0.0976674192148649,0.14902679566116817,0.0057,False
wilt,logreg,isotonic,0.0,10,0.09194214876033056,0.10289256198347108,0.10433884297520661,-0.012396694214876033,-0.020799519012416636,-0.003993869417335431,0.5737,True
wilt,logreg,isotonic,0.5,10,0.1433884297520661,0.10289256198347108,0.10433884297520661,0.039049586776859505,-0.04288774728421238,0.12098692083793139,0.2761,False
wilt,logreg,isotonic,1.0,10,0.19483471074380165,0.10289256198347108,0.10433884297520661,0.09049586776859504,-0.07549087127436567,0.25648260681155577,0.13679999999999998,False
wilt,logreg,isotonic,2.0,10,0.29772727272727273,0.10289256198347108,0.10433884297520661,0.1933884297520661,-0.14099397695938842,0.5277708364635206,0.063,False
wilt,logreg,none,0.0,10,0.07076446280991736,0.0590909090909091,0.09824380165289257,-0.02747933884297521,-0.0427429328229711,-0.012215744862979322,0.8887,True
wilt,logreg,none,0.5,10,0.10030991735537191,0.0590909090909091,0.09824380165289257,0.002066115702479339,-0.01348075841652242,0.017612989821481097,0.4373,False
wilt,logreg,none,1.0,10,0.12985537190082644,0.0590909090909091,0.09824380165289257,0.03161157024793389,0.01441949643339694,0.048803644062470834,0.13929999999999998,False
wilt,logreg,none,2.0,10,0.18894628099173555,0.0590909090909091,0.09824380165289257,0.09070247933884297,0.06749269784808508,0.11391226082960086,0.019200000000000002,False
wilt,logreg,sigmoid,0.0,10,0.07128099173553719,0.05661157024793388,0.10681818181818181,-0.035537190082644624,-0.048625286368465546,-0.0224490937968237,0.9046,True
wilt,logreg,sigmoid,0.5,10,0.09958677685950414,0.05661157024793388,0.10681818181818181,-0.007231404958677687,-0.021152830962012256,0.006690021044656881,0.6085999999999999,True
wilt,logreg,sigmoid,1.0,10,0.12789256198347104,0.05661157024793388,0.10681818181818181,0.021074380165289258,0.0050963211269248986,0.037052439203653614,0.23010000000000003,False
wilt,logreg,sigmoid,2.0,10,0.18450413223140497,0.05661157024793388,0.10681818181818181,0.07768595041322315,0.05543204735710866,0.09993985346933765,0.028800000000000003,False
wilt,rf,isotonic,0.0,10,0.05526859504132231,0.11973140495867769,0.07262396694214876,-0.017355371900826446,-0.036139324860675455,0.0014285810590225628,0.666,True
wilt,rf,isotonic,0.5,10,0.11513429752066114,0.11973140495867769,0.07262396694214876,0.0425103305785124,-0.04006909285247912,0.12508975400950392,0.4692,False
wilt,rf,isotonic,1.0,10,0.175,0.11973140495867769,0.07262396694214876,0.10237603305785123,-0.0690879455830253,0.27384001169872774,0.1147,False
wilt,rf,isotonic,2.0,10,0.2947314049586777,0.11973140495867769,0.07262396694214876,0.22210743801652894,-0.1284677994161616,0.5726826754492195,0.021,False
wilt,rf,none,0.0,10,0.033471074380165285,0.07820247933884297,0.06725206611570247,-0.03378099173553718,-0.04622628985823067,-0.021335693612843695,0.8968,True
wilt,rf,none,0.5,10,0.07257231404958676,0.07820247933884297,0.06725206611570247,0.005320247933884298,-0.007760232528392204,0.0184007283961608,0.3715,False
wilt,rf,none,1.0,10,0.11167355371900826,0.07820247933884297,0.06725206611570247,0.04442148760330579,0.029683859853799392,0.05915911535281219,0.0771,False
wilt,rf,none,2.0,10,0.18987603305785125,0.07820247933884297,0.06725206611570247,0.12262396694214876,0.10264771571239341,0.1426002181719041,0.0021999999999999997,False
wilt,rf,sigmoid,0.0,10,0.036466942148760326,0.07882231404958678,0.06952479338842975,-0.03305785123966943,-0.043924032816279976,-0.022191669663058883,0.9526,True
wilt,rf,sigmoid,0.5,10,0.07587809917355372,0.07882231404958678,0.06952479338842975,0.006353305785123968,-0.004763662256718036,0.01747027382696597,0.32930000000000004,False
wilt,rf,sigmoid,1.0,10,0.11528925619834711,0.07882231404958678,0.06952479338842975,0.04576446280991736,0.03188629659790133,0.059642629021933395,0.06760000000000001,False
wilt,rf,sigmoid,2.0,10,0.19411157024793388,0.07882231404958678,0.06952479338842975,0.12458677685950414,0.10175813557117995,0.14741541814782833,0.0021,False
