dataset,model,probability_calibration,defer_cost,n_seeds,mondrian_cost,mondrian_abstain,threshold_cost,cost_diff,cost_diff_ci_lo,cost_diff_ci_hi,p_mondrian_cheaper,mondrian_wins
adult,ada,isotonic,0.0,10,0.2427372300133074,0.2578769577234108,0.4080970416624015,-0.16535981164909405,-0.19392965505182216,-0.13678996824636594,1.0,True
adult,ada,isotonic,0.5,10,0.3716757088750128,0.2578769577234108,0.4080970416624015,-0.036421332787388676,-0.05527729206639448,-0.01756537350838287,0.8564,True
adult,ada,isotonic,1.0,10,0.5006141877367183,0.2578769577234108,0.4080970416624015,0.09251714607431673,0.08171740887628923,0.10331688327234423,0.0,False
adult,ada,isotonic,2.0,10,0.758491145460129,0.2578769577234108,0.4080970416624015,0.35039410379772756,0.33295460280728145,0.3678336047881737,0.0,False
adult,ada,none,0.0,10,0.2883304330023544,0.21271368615006653,0.40518988637526876,-0.11685945337291433,-0.1307817641211415,-0.10293714262468714,1.0,True
adult,ada,none,0.5,10,0.3946872760773877,0.21271368615006653,0.40518988637526876,-0.010502610297881052,-0.019760858253060707,-0.0012443623427013974,0.7021000000000001,True
adult,ada,none,1.0,10,0.5010441191524209,0.21271368615006653,0.40518988637526876,0.09585423277715223,0.08942520751787512,0.10228325803642933,0.0,False
adult,ada,none,2.0,10,0.7137578053024874,0.21271368615006653,0.40518988637526876,0.30856791892721874,0.2965777078022869,0.32055813005215056,0.0,False
adult,ada,sigmoid,0.0,10,0.3002866209438018,0.2117207493090388,0.4076978196335347,-0.10741119868973281,-0.12191955113908168,-0.09290284624038395,1.0,True
adult,ada,sigmoid,0.5,10,0.40614699559832124,0.2117207493090388,0.4076978196335347,-0.00155082403521343,-0.01133488194257909,0.008233233872152228,0.5076,True
adult,ada,sigmoid,1.0,10,0.5120073702528407,0.2117207493090388,0.4076978196335347,0.10430955061930595,0.09847878228070077,0.11014031895791114,0.0,False
adult,ada,sigmoid,2.0,10,0.7237281195618793,0.2117207493090388,0.4076978196335347,0.31603029992834475,0.30768513870659536,0.32437546115009414,0.0,False
adult,et,isotonic,0.0,10,0.25919746135735494,0.2068174838775719,0.3886579997952707,-0.12946053843791588,-0.14798179834832587,-0.1109392785275059,1.0,True
adult,et,isotonic,0.5,10,0.36260620329614085,0.2068174838775719,0.3886579997952707,-0.0260517964991299,-0.03938957567397043,-0.012714017324289364,0.8555999999999999,True
adult,et,isotonic,1.0,10,0.4660149452349268,0.2068174838775719,0.3886579997952707,0.07735694543965607,0.06791237438682929,0.08680151649248286,0.0,False
adult,et,isotonic,2.0,10,0.6728324291124987,0.2068174838775719,0.3886579997952707,0.28417442931722803,0.2722941972612553,0.29605466137320074,0.0,False
adult,et,none,0.0,10,0.2969085883918518,0.17350803562288875,0.38656976149042893,-0.08966117309857713,-0.1064976092990972,-0.07282473689805706,0.9964000000000001,True
adult,et,none,0.5,10,0.38366260620329606,0.17350803562288875,0.38656976149042893,-0.002907155287132767,-0.01528696960765775,0.009472659033392216,0.6197999999999999,True
adult,et,none,1.0,10,0.4704166240147405,0.17350803562288875,0.38656976149042893,0.0838468625243116,0.07536742944866778,0.09232629559995542,0.0,False
adult,et,none,2.0,10,0.6439246596376292,0.17350803562288875,0.38656976149042893,0.25735489814720036,0.24989011130341984,0.2648196849909809,0.0,False
adult,et,sigmoid,0.0,10,0.2963558194288054,0.17391749411403418,0.38672330842460845,-0.09036748899580305,-0.10489013108944595,-0.07584484690216015,0.9998000000000001,True
adult,et,sigmoid,0.5,10,0.3833145664858225,0.17391749411403418,0.38672330842460845,-0.003408741938785955,-0.014071857047704734,0.007254373170132824,0.6138,True
adult,et,sigmoid,1.0,10,0.4702733135428395,0.17391749411403418,0.38672330842460845,0.08355000511823114,0.07614807549300547,0.09095193474345682,0.0,False
adult,et,sigmoid,2.0,10,0.6441908076568738,0.17391749411403418,0.38672330842460845,0.2574674992322653,0.2502677365561425,0.26466726190838813,0.0,False
adult,gb,isotonic,0.0,10,0.26149042890776947,0.1838980448357048,0.37604667826799054,-0.11455624936022113,-0.1368556273349008,-0.09225687138554145,1.0,True
adult,gb,isotonic,0.5,10,0.3534394513256219,0.1838980448357048,0.37604667826799054,-0.02260722694236872,-0.03820300743038256,-0.007011446454354878,0.7991,True
adult,gb,isotonic,1.0,10,0.44538847374347423,0.1838980448357048,0.37604667826799054,0.06934179547548366,0.058805803124149854,0.07987778782681748,0.0,False
adult,gb,isotonic,2.0,10,0.629286518579179,0.1838980448357048,0.37604667826799054,0.2532398403111884,0.23867953018761726,0.2678001504347596,0.0,False
adult,gb,none,0.0,10,0.30020472924557273,0.14911454601289795,0.3697103081175146,-0.06950557887194185,-0.08360511927856928,-0.05540603846531442,0.9994,True
adult,gb,none,0.5,10,0.3747620022520218,0.14911454601289795,0.3697103081175146,0.0050516941345071145,-0.0059309950826219975,0.016034383351636226,0.4165,False
adult,gb,none,1.0,10,0.4493192752584706,0.14911454601289795,0.3697103081175146,0.07960896714095608,0.07107461180480772,0.08814332247710445,0.0,False
adult,gb,none,2.0,10,0.5984338212713686,0.14911454601289795,0.3697103081175146,0.228723513153854,0.22045025832060536,0.23699676798710265,0.0,False
adult,gb,sigmoid,0.0,10,0.2959054150885454,0.15097758214760978,0.3720032756679291,-0.07609786057938375,-0.0919624739773034,-0.060233247181464104,0.9983000000000001,True
adult,gb,sigmoid,0.5,10,0.3713942061623503,0.15097758214760978,0.3720032756679291,-0.0006090695055788721,-0.012589434684333866,0.01137129567317612,0.5609,True
adult,gb,sigmoid,1.0,10,0.44688299723615516,0.15097758214760978,0.3720032756679291,0.07487972156822602,0.0660480860443293,0.08371135709212274,0.0,False
adult,gb,sigmoid,2.0,10,0.597860579383765,0.15097758214760978,0.3720032756679291,0.22585730371583584,0.21720794579588126,0.23450666163579043,0.0,False
adult,gnb,isotonic,0.0,10,0.26449994881768857,0.35855256423380083,0.5257651755553281,-0.26126522673763947,-0.27995928759841554,-0.24257116587686342,1.0,True
adult,gnb,isotonic,0.5,10,0.44377623093458907,0.35855256423380083,0.5257651755553281,-0.08198894462073908,-0.09249090641394635,-0.07148698282753181,1.0,True
adult,gnb,isotonic,1.0,10,0.6230525130514895,0.35855256423380083,0.5257651755553281,0.09728733749616132,0.08949338747207757,0.10508128752024508,0.0,False
adult,gnb,isotonic,2.0,10,0.9816050772852902,0.35855256423380083,0.5257651755553281,0.4558399017299622,0.4328062727449584,0.47887353071496597,0.0,False
adult,gnb,none,0.0,10,0.3062544784522469,0.3149759443136452,0.5362984952400451,-0.23004401678779812,-0.24166009368350078,-0.21842793989209547,1.0,True
adult,gnb,none,0.5,10,0.4637424506090695,0.3149759443136452,0.5362984952400451,-0.07255604463097555,-0.0808059034413564,-0.0643061858205947,1.0,True
adult,gnb,none,1.0,10,0.621230422765892,0.3149759443136452,0.5362984952400451,0.08493192752584706,0.07941295055530684,0.09045090449638729,0.0,False
adult,gnb,none,2.0,10,0.9362063670795372,0.3149759443136452,0.5362984952400451,0.3999078718394923,0.39334486909539695,0.4064708745835876,0.0,False
adult,gnb,sigmoid,0.0,10,0.30856791892721874,0.3143515201146484,0.5420616235029174,-0.23349370457569862,-0.2436680339702482,-0.22331937518114905,1.0,True
adult,gnb,sigmoid,0.5,10,0.46574367898454294,0.3143515201146484,0.5420616235029174,-0.07631794451837445,-0.08549828604240606,-0.06713760299434285,1.0,True
adult,gnb,sigmoid,1.0,10,0.6229194390418671,0.3143515201146484,0.5420616235029174,0.08085781553894975,0.07078637079569851,0.09092926028220098,0.0,False
adult,gnb,sigmoid,2.0,10,0.9372709591565155,0.3143515201146484,0.5420616235029174,0.3952093356535981,0.37955923766024063,0.4108594336469556,0.0,False
adult,hgb,isotonic,0.0,10,0.23764970826082504,0.1889446207390726,0.3553792609274235,-0.11772955266659843,-0.13432342459180116,-0.1011356807413957,1.0,True
adult,hgb,isotonic,0.5,10,0.3321220186303614,0.1889446207390726,0.3553792609274235,-0.023257242297062133,-0.03521033928117619,-0.011304145312948075,0.8569999999999999,True
adult,hgb,isotonic,1.0,10,0.4265943289998976,0.1889446207390726,0.3553792609274235,0.07121506807247416,0.06244789456402147,0.07998224158092684,0.0,False
adult,hgb,isotonic,2.0,10,0.6155389497389702,0.1889446207390726,0.3553792609274235,0.2601596888115467,0.2481497960442948,0.2721695815787986,0.0,False
adult,hgb,none,0.0,10,0.29726686457160406,0.13420002047292454,0.3559934486641417,-0.058726584092537615,-0.07290678717776906,-0.044546381007306166,0.9945,True
adult,hgb,none,0.5,10,0.3643668748080663,0.13420002047292454,0.3559934486641417,0.008373426143924658,-0.002859688265160254,0.01960654055300957,0.3068,False
adult,hgb,none,1.0,10,0.43146688504452857,0.13420002047292454,0.3559934486641417,0.07547343638038694,0.06601154842163523,0.08493532433913864,0.0,False
adult,hgb,none,2.0,10,0.5656669055174531,0.13420002047292454,0.3559934486641417,0.20967345685331149,0.19823074972351404,0.22111616398310893,0.0,False
adult,hgb,sigmoid,0.0,10,0.292087214658614,0.14103797727505377,0.3536697717268912,-0.06158255706827721,-0.07741720128792633,-0.0457479128486281,0.9926999999999999,True
adult,hgb,sigmoid,0.5,10,0.36260620329614085,0.14103797727505377,0.3536697717268912,0.008936431569249666,-0.003602318011100199,0.02147518114959953,0.3964,False
adult,hgb,sigmoid,1.0,10,0.4331251919336677,0.14103797727505377,0.3536697717268912,0.07945542020677653,0.06965148370676333,0.08925935670678972,0.0,False
adult,hgb,sigmoid,2.0,10,0.5741631692087215,0.14103797727505377,0.3536697717268912,0.22049339748183025,0.21205841261186417,0.22892838235179633,0.0,False
adult,logreg,isotonic,0.0,10,0.27027331354283957,0.36358890367488994,0.5430340874193877,-0.2727607738765483,-0.29203078345034683,-0.25349076430274975,1.0,True
adult,logreg,isotonic,0.5,10,0.45206776538028465,0.36358890367488994,0.5430340874193877,-0.09096632203910329,-0.10220100761919201,-0.07973163645901457,1.0,True
adult,logreg,isotonic,1.0,10,0.6338622172177296,0.36358890367488994,0.5430340874193877,0.0908281297983417,0.08521362055968423,0.09644263903699918,0.0,False
adult,logreg,isotonic,2.0,10,0.9974511208926196,0.36358890367488994,0.5430340874193877,0.4544170334732317,0.4372883788208354,0.471545688125628,0.0,False
adult,logreg,none,0.0,10,0.3063466066127546,0.32180366465349575,0.5442010441191524,-0.2378544375063978,-0.24939360337509203,-0.22631527163770354,1.0,True
adult,logreg,none,0.5,10,0.4672484389395025,0.32180366465349575,0.5442010441191524,-0.07695260517964991,-0.08632609832325447,-0.06757911203604536,1.0,True
adult,logreg,none,1.0,10,0.6281502712662503,0.32180366465349575,0.5442010441191524,0.08394922714709795,0.07633794209950595,0.09156051219468994,0.0,False
adult,logreg,none,2.0,10,0.9499539359197462,0.32180366465349575,0.5442010441191524,0.40575289180059365,0.3991084943422618,0.4123972892589255,0.0,False
adult,logreg,sigmoid,0.0,10,0.30694032142491556,0.32180366465349575,0.5464223564336166,-0.23948203500870097,-0.2512655997447097,-0.22769847027269224,1.0,True
adult,logreg,sigmoid,0.5,10,0.4678421537516634,0.32180366465349575,0.5464223564336166,-0.07858020268195312,-0.08807509712142392,-0.06908530824248232,1.0,True
adult,logreg,sigmoid,1.0,10,0.6287439860784113,0.32180366465349575,0.5464223564336166,0.08232162964479475,0.0745474112150557,0.0900958480745338,0.0,False
adult,logreg,sigmoid,2.0,10,0.9505476507319071,0.32180366465349575,0.5464223564336166,0.4041252942982905,0.396511894040236,0.41173869455634504,0.0,False
adult,rf,isotonic,0.0,10,0.2673354488688709,0.19477940423789536,0.3885658716347631,-0.12123042276589209,-0.14210834318595494,-0.10035250234582925,1.0,True
adult,rf,isotonic,0.5,10,0.36472515098781855,0.19477940423789536,0.3885658716347631,-0.023840720646944417,-0.03846221616804065,-0.009219225125848182,0.8252,True
adult,rf,isotonic,1.0,10,0.46211485310676625,0.19477940423789536,0.3885658716347631,0.07354898147200327,0.06382105064093077,0.08327691230307577,0.0,False
adult,rf,isotonic,2.0,10,0.6568942573446617,0.19477940423789536,0.3885658716347631,0.2683283857098987,0.25547718099840494,0.28117959042139246,0.0,False
adult,rf,none,0.0,10,0.29843382127136864,0.16832838570989866,0.3860374654519398,-0.08760364418057119,-0.10171655870384914,-0.07349072965729324,1.0,True
adult,rf,none,0.5,10,0.382598014126318,0.16832838570989866,0.3860374654519398,-0.003439451325621866,-0.0144600486052035,0.007581145953959768,0.5447,True
adult,rf,none,1.0,10,0.46676220698126725,0.16832838570989866,0.3860374654519398,0.08072474152932746,0.07192883420516015,0.08952064885349477,0.0,False
adult,rf,none,2.0,10,0.635090592691166,0.16832838570989866,0.3860374654519398,0.24905312723922615,0.23956089526954102,0.25854535920891125,0.0,False
adult,rf,sigmoid,0.0,10,0.2954959565973999,0.16931108608864776,0.38798239328488077,-0.0924864366874808,-0.10698912176566802,-0.07798375160929358,1.0,True
adult,rf,sigmoid,0.5,10,0.3801514996417238,0.16931108608864776,0.38798239328488077,-0.007830893643156926,-0.018788069068939373,0.00312628178262552,0.6249,True
adult,rf,sigmoid,1.0,10,0.4648070426860477,0.16931108608864776,0.38798239328488077,0.07682464940116696,0.0688053818779324,0.0848439169244015,0.0,False
adult,rf,sigmoid,2.0,10,0.6341181287746955,0.16931108608864776,0.38798239328488077,0.24613573548981474,0.23862853983527874,0.2536429311443507,0.0,False
aps_failure,ada,isotonic,0.0,10,0.040125,0.050394736842105256,0.048243421052631574,-0.00811842105263158,-0.014221845069834076,-0.002014997035429085,0.7748999999999999,True
aps_failure,ada,isotonic,0.5,10,0.06532236842105263,0.050394736842105256,0.048243421052631574,0.01707894736842105,0.012428762067784583,0.02172913266905752,0.0091,False
aps_failure,ada,isotonic,1.0,10,0.09051973684210526,0.050394736842105256,0.048243421052631574,0.042276315789473676,0.034564798367192916,0.049987833211754436,0.0,False
aps_failure,ada,isotonic,2.0,10,0.14091447368421053,0.050394736842105256,0.048243421052631574,0.09267105263157896,0.07547900292003824,0.10986310234311968,0.0,False
aps_failure,ada,none,0.0,10,0.03631578947368421,0.06719078947368422,0.04802631578947369,-0.011710526315789473,-0.01596739558560522,-0.007453657045973729,0.9412,True
aps_failure,ada,none,0.5,10,0.0699111842105263,0.06719078947368422,0.04802631578947369,0.021884868421052632,0.019159393446493183,0.02461034339561208,0.0,False
aps_failure,ada,none,1.0,10,0.10350657894736844,0.06719078947368422,0.04802631578947369,0.05548026315789474,0.05316630152378395,0.05779422479200553,0.0,False
aps_failure,ada,none,2.0,10,0.17069736842105263,0.06719078947368422,0.04802631578947369,0.12267105263157893,0.11746878313547185,0.127873322127686,0.0,False
aps_failure,ada,sigmoid,0.0,10,0.034124999999999996,0.06878947368421051,0.048230263157894734,-0.014105263157894737,-0.019340526315789475,-0.00887,0.9747,True
aps_failure,ada,sigmoid,0.5,10,0.06851973684210526,0.06878947368421051,0.048230263157894734,0.02028947368421053,0.01687611725002227,0.023702830118398792,0.0010999999999999998,False
aps_failure,ada,sigmoid,1.0,10,0.10291447368421054,0.06878947368421051,0.048230263157894734,0.054684210526315793,0.052324101825228495,0.05704431922740309,0.0,False
aps_failure,ada,sigmoid,2.0,10,0.17170394736842104,0.06878947368421051,0.048230263157894734,0.12347368421052632,0.11873695513780086,0.12821041328325178,0.0,False
aps_failure,et,isotonic,0.0,10,0.01992105263157895,0.04536842105263158,0.031960526315789474,-0.012039473684210527,-0.016076256356447754,-0.0080026910119733,0.9776,True
aps_failure,et,isotonic,0.5,10,0.042605263157894736,0.04536842105263158,0.031960526315789474,0.010644736842105262,0.006154374234463525,0.015135099449747,0.0568,False
aps_failure,et,isotonic,1.0,10,0.06528947368421054,0.04536842105263158,0.031960526315789474,0.033328947368421055,0.024346206348747203,0.042311688388094904,0.0,False
aps_failure,et,isotonic,2.0,10,0.11065789473684211,0.04536842105263158,0.031960526315789474,0.07869736842105263,0.0594173837321854,0.09797735310991985,0.0,False
aps_failure,et,none,0.0,10,0.015243421052631578,0.08701315789473682,0.030289473684210526,-0.01504605263157895,-0.018457194620129277,-0.01163491064302862,0.9997,True
aps_failure,et,none,0.5,10,0.058750000000000004,0.08701315789473682,0.030289473684210526,0.02846052631578947,0.026434169032854393,0.03048688359872455,0.0,False
aps_failure,et,none,1.0,10,0.10225657894736842,0.08701315789473682,0.030289473684210526,0.07196710526315789,0.06990596763752775,0.07402824288878802,0.0,False
aps_failure,et,none,2.0,10,0.18926973684210527,0.08701315789473682,0.030289473684210526,0.15898026315789474,0.15373160540909359,0.16422892090669589,0.0,False
aps_failure,et,sigmoid,0.0,10,0.016065789473684207,0.08593421052631578,0.03202631578947368,-0.015960526315789474,-0.019400476487932482,-0.012520576143646465,0.9999,True
aps_failure,et,sigmoid,0.5,10,0.059032894736842104,0.08593421052631578,0.03202631578947368,0.027006578947368427,0.025337165582787754,0.0286759923119491,0.0,False
aps_failure,et,sigmoid,1.0,10,0.10200000000000001,0.08593421052631578,0.03202631578947368,0.06997368421052633,0.06773667963438344,0.07221068878666921,0.0,False
aps_failure,et,sigmoid,2.0,10,0.18793421052631581,0.08593421052631578,0.03202631578947368,0.1559078947368421,0.14933298937266684,0.16248280010101737,0.0,False
aps_failure,gb,isotonic,0.0,10,0.03105263157894737,0.04692105263157894,0.037875,-0.0068223684210526325,-0.011534745447311416,-0.00210999139479385,0.8023,True
aps_failure,gb,isotonic,0.5,10,0.05451315789473684,0.04692105263157894,0.037875,0.01663815789473684,0.010496276234670912,0.022780039554802768,0.0154,False
aps_failure,gb,isotonic,1.0,10,0.0779736842105263,0.04692105263157894,0.037875,0.040098684210526314,0.031382052993138926,0.0488153154279137,0.0,False
aps_failure,gb,isotonic,2.0,10,0.12489473684210525,0.04692105263157894,0.037875,0.08701973684210526,0.07216323093451062,0.1018762427496999,0.0,False
aps_failure,gb,none,0.0,10,0.022355263157894736,0.07644736842105264,0.03692105263157895,-0.014565789473684209,-0.019071540120234556,-0.01006003882713386,0.9861000000000001,True
aps_failure,gb,none,0.5,10,0.06057894736842105,0.07644736842105264,0.03692105263157895,0.023657894736842107,0.020649709267681882,0.02666608020600233,0.0,False
aps_failure,gb,none,1.0,10,0.09880263157894738,0.07644736842105264,0.03692105263157895,0.06188157894736843,0.05764309901984376,0.06612005887489311,0.0,False
aps_failure,gb,none,2.0,10,0.17525,0.07644736842105264,0.03692105263157895,0.13832894736842105,0.1285156808017823,0.1481422139350598,0.0,False
aps_failure,gb,sigmoid,0.0,10,0.023625,0.07725000000000001,0.03760526315789474,-0.013980263157894735,-0.01806894317544736,-0.009891583140342112,0.9714,True
aps_failure,gb,sigmoid,0.5,10,0.06225000000000001,0.07725000000000001,0.03760526315789474,0.024644736842105264,0.021509052510405056,0.027780421173805473,0.0,False
aps_failure,gb,sigmoid,1.0,10,0.100875,0.07725000000000001,0.03760526315789474,0.06326973684210527,0.06052107346481627,0.06601840021939426,0.0,False
aps_failure,gb,sigmoid,2.0,10,0.178125,0.07725000000000001,0.03760526315789474,0.14051973684210525,0.13641819015784828,0.14462128352636222,0.0,False
aps_failure,gnb,isotonic,0.0,10,0.04661842105263157,0.3815855263157895,0.05596710526315789,-0.009348684210526315,-0.015674307298897953,-0.0030230611221546766,0.9084999999999999,True
aps_failure,gnb,isotonic,0.5,10,0.23741118421052634,0.3815855263157895,0.05596710526315789,0.18144407894736841,0.03617681096022826,0.32671134693450854,0.3019,False
aps_failure,gnb,isotonic,1.0,10,0.42820394736842105,0.3815855263157895,0.05596710526315789,0.37223684210526314,0.07550665062898487,0.6689670335815414,0.135,False
aps_failure,gnb,isotonic,2.0,10,0.8097894736842107,0.3815855263157895,0.05596710526315789,0.7538223684210525,0.15416225924579618,1.3534824775963088,0.0342,False
aps_failure,gnb,none,0.0,10,0.048118421052631574,0.37976973684210524,0.055940789473684215,-0.00782236842105263,-0.013795335550257512,-0.0018494012918477479,0.7985,True
aps_failure,gnb,none,0.5,10,0.23800328947368418,0.37976973684210524,0.055940789473684215,0.18206249999999996,0.03663756449625469,0.32748743550374526,0.2453,False
aps_failure,gnb,none,1.0,10,0.42788815789473683,0.37976973684210524,0.055940789473684215,0.37194736842105264,0.075255609698407,0.6686391271436982,0.1853,False
aps_failure,gnb,none,2.0,10,0.807657894736842,0.37976973684210524,0.055940789473684215,0.7517171052631579,0.15248782339982025,1.3509463871264957,0.10149999999999999,False
aps_failure,gnb,sigmoid,0.0,10,0.048967105263157895,0.2866776315789473,0.05569078947368421,-0.006723684210526315,-0.011901734158327779,-0.0015456342627248511,0.8564999999999999,True
aps_failure,gnb,sigmoid,0.5,10,0.19230592105263156,0.2866776315789473,0.05569078947368421,0.13661513157894736,0.0002873370997201752,0.27294292605817455,0.3144,False
aps_failure,gnb,sigmoid,1.0,10,0.3356447368421053,0.2866776315789473,0.05569078947368421,0.27995394736842105,0.0022426669993358406,0.5576652277375063,0.1193,False
aps_failure,gnb,sigmoid,2.0,10,0.6223223684210527,0.2866776315789473,0.05569078947368421,0.5666315789473684,0.0061499756019572915,1.1271131822927796,0.0104,False
aps_failure,hgb,isotonic,0.0,10,0.022105263157894732,0.05601973684210526,0.03151315789473684,-0.009407894736842105,-0.013947216558185285,-0.004868572915498925,0.8462999999999999,True
aps_failure,hgb,isotonic,0.5,10,0.05011513157894737,0.05601973684210526,0.03151315789473684,0.018601973684210526,0.014033752929841332,0.02317019443857972,0.0004,False
aps_failure,hgb,isotonic,1.0,10,0.078125,0.05601973684210526,0.03151315789473684,0.04661184210526316,0.037654763350964356,0.055568920859561964,0.0,False
aps_failure,hgb,isotonic,2.0,10,0.13414473684210526,0.05601973684210526,0.03151315789473684,0.10263157894736843,0.08323460083807942,0.12202855705665745,0.0,False
aps_failure,hgb,none,0.0,10,0.016302631578947367,0.08695394736842105,0.030940789473684217,-0.014638157894736844,-0.016922403496712396,-0.01235391229276129,0.9996,True
aps_failure,hgb,none,0.5,10,0.0597796052631579,0.08695394736842105,0.030940789473684217,0.028838815789473688,0.027884932043863928,0.02979269953508345,0.0,False
aps_failure,hgb,none,1.0,10,0.10325657894736842,0.08695394736842105,0.030940789473684217,0.07231578947368421,0.06990640905450815,0.07472516989286027,0.0,False
aps_failure,hgb,none,2.0,10,0.19021052631578947,0.08695394736842105,0.030940789473684217,0.15926973684210527,0.1526966961199448,0.16584277756426574,0.0,False
aps_failure,hgb,sigmoid,0.0,10,0.017631578947368422,0.08564473684210526,0.032203947368421054,-0.01457236842105263,-0.017717864970996117,-0.011426871871109145,0.9996,True
aps_failure,hgb,sigmoid,0.5,10,0.060453947368421045,0.08564473684210526,0.032203947368421054,0.028249999999999997,0.02549260257374311,0.031007397426256883,0.0,False
aps_failure,hgb,sigmoid,1.0,10,0.10327631578947367,0.08564473684210526,0.032203947368421054,0.07107236842105263,0.06714413640410036,0.07500060043800491,0.0,False
aps_failure,hgb,sigmoid,2.0,10,0.18892105263157893,0.08564473684210526,0.032203947368421054,0.1567171052631579,0.1488785746750599,0.1645556358512559,0.0,False
aps_failure,logreg,isotonic,0.0,10,0.054125,0.028164473684210527,0.04271052631578947,0.011414473684210526,-2.537383677846637e-05,0.02285432120519952,0.31120000000000003,False
aps_failure,logreg,isotonic,0.5,10,0.06820723684210525,0.028164473684210527,0.04271052631578947,0.025496710526315792,0.019531313501862456,0.03146210755076913,0.0007,False
aps_failure,logreg,isotonic,1.0,10,0.08228947368421054,0.028164473684210527,0.04271052631578947,0.03957894736842105,0.030824397021899798,0.048333497714942296,0.0,False
aps_failure,logreg,isotonic,2.0,10,0.11045394736842104,0.028164473684210527,0.04271052631578947,0.06774342105263158,0.043915379772361984,0.09157146233290117,0.0,False
aps_failure,logreg,none,0.0,10,0.03545394736842106,0.07257236842105264,0.04143421052631578,-0.005980263157894737,-0.010164046144805452,-0.0017964801709840208,0.7455999999999999,True
aps_failure,logreg,none,0.5,10,0.07174013157894736,0.07257236842105264,0.04143421052631578,0.03030592105263158,0.02746681594448624,0.03314502616077692,0.0,False
aps_failure,logreg,none,1.0,10,0.10802631578947368,0.07257236842105264,0.04143421052631578,0.06659210526315788,0.06289912426970065,0.07028508625661511,0.0,False
aps_failure,logreg,none,2.0,10,0.18059868421052633,0.07257236842105264,0.04143421052631578,0.13916447368421053,0.13080644584074572,0.14752250152767535,0.0,False
aps_failure,logreg,sigmoid,0.0,10,0.045664473684210526,0.06251973684210525,0.04168421052631579,0.003980263157894737,-0.004697175139390988,0.012657701455180461,0.40619999999999995,False
aps_failure,logreg,sigmoid,0.5,10,0.07692434210526315,0.06251973684210525,0.04168421052631579,0.03524013157894737,0.03061949705226902,0.039860766105625715,0.0,False
aps_failure,logreg,sigmoid,1.0,10,0.1081842105263158,0.06251973684210525,0.04168421052631579,0.06650000000000002,0.06382341098072837,0.06917658901927166,0.0,False
aps_failure,logreg,sigmoid,2.0,10,0.17070394736842104,0.06251973684210525,0.04168421052631579,0.12901973684210527,0.11911638026743525,0.13892309341677528,0.0,False
aps_failure,rf,isotonic,0.0,10,0.020309210526315787,0.04217763157894737,0.03064473684210526,-0.010335526315789472,-0.014530642660601212,-0.006140409970977732,0.9286999999999999,True
aps_failure,rf,isotonic,0.5,10,0.04139802631578947,0.04217763157894737,0.03064473684210526,0.010753289473684209,0.006147057460101108,0.01535952148726731,0.0951,False
aps_failure,rf,isotonic,1.0,10,0.06248684210526316,0.04217763157894737,0.03064473684210526,0.031842105263157894,0.023142536839012382,0.04054167368730341,0.0,False
aps_failure,rf,isotonic,2.0,10,0.10466447368421053,0.04217763157894737,0.03064473684210526,0.07401973684210526,0.055658011402098403,0.09238146228211212,0.0,False
aps_failure,rf,none,0.0,10,0.014671052631578946,0.08594736842105263,0.029157894736842105,-0.014486842105263159,-0.01735862348907444,-0.011615060721451876,0.999,True
aps_failure,rf,none,0.5,10,0.05764473684210526,0.08594736842105263,0.029157894736842105,0.028486842105263154,0.026994849293097384,0.029978834917428924,0.0,False
aps_failure,rf,none,1.0,10,0.10061842105263157,0.08594736842105263,0.029157894736842105,0.07146052631578947,0.06923083444843868,0.07369021818314027,0.0,False
aps_failure,rf,none,2.0,10,0.1865657894736842,0.08594736842105263,0.029157894736842105,0.1574078947368421,0.15134471079795636,0.16347107867572785,0.0,False
aps_failure,rf,sigmoid,0.0,10,0.015335526315789475,0.08674342105263158,0.030815789473684213,-0.015480263157894737,-0.019282014630339156,-0.011678511685450317,0.9993000000000001,True
aps_failure,rf,sigmoid,0.5,10,0.05870723684210527,0.08674342105263158,0.030815789473684213,0.02789144736842105,0.02521989753820896,0.03056299719863314,0.0,False
aps_failure,rf,sigmoid,1.0,10,0.10207894736842105,0.08674342105263158,0.030815789473684213,0.07126315789473685,0.06774716145512355,0.07477915433435015,0.0,False
aps_failure,rf,sigmoid,2.0,10,0.1888223684210526,0.08674342105263158,0.030815789473684213,0.15800657894736841,0.15023252591227212,0.1657806319824647,0.0,False
bank_marketing,ada,isotonic,0.0,10,0.16746654871171068,0.23128386597368128,0.3608647572708172,-0.19339820855910647,-0.20832965099912198,-0.17846676611909096,1.0,True
bank_marketing,ada,isotonic,0.5,10,0.28310848169855135,0.23128386597368128,0.3608647572708172,-0.07775627557226585,-0.08484878678915356,-0.07066376435537813,1.0,True
bank_marketing,ada,isotonic,1.0,10,0.3987504146853921,0.23128386597368128,0.3608647572708172,0.03788565741457481,0.02822624617446791,0.04754506865468171,0.0032,False
bank_marketing,ada,isotonic,2.0,10,0.6300342806590733,0.23128386597368128,0.3608647572708172,0.2691695233882561,0.2404251404559668,0.29791390632054543,0.0,False
bank_marketing,ada,none,0.0,10,0.20049762247041913,0.18698440782926018,0.36194846842861883,-0.16145084595819972,-0.17207190335294406,-0.15082978856345539,1.0,True
bank_marketing,ada,none,0.5,10,0.2939898263850492,0.18698440782926018,0.36194846842861883,-0.0679586420435696,-0.07381708851708223,-0.06210019557005698,1.0,True
bank_marketing,ada,none,1.0,10,0.3874820302996793,0.18698440782926018,0.36194846842861883,0.025533561871060484,0.01937916375694865,0.03168795998517231,0.0187,False
bank_marketing,ada,none,2.0,10,0.5744664381289395,0.18698440782926018,0.36194846842861883,0.2125179697003207,0.19545604962181956,0.22957988977882182,0.0,False
bank_marketing,ada,sigmoid,0.0,10,0.19932544509565409,0.18701758266062146,0.35973681300453386,-0.16041136790887978,-0.1739153424367763,-0.14690739338098324,1.0,True
bank_marketing,ada,sigmoid,0.5,10,0.29283423642596484,0.18701758266062146,0.35973681300453386,-0.06690257657856906,-0.07466059959831785,-0.05914455355882028,1.0,True
bank_marketing,ada,sigmoid,1.0,10,0.3863430277562756,0.18701758266062146,0.35973681300453386,0.02660621475174168,0.020823334158121758,0.0323890953453616,0.00030000000000000003,False
bank_marketing,ada,sigmoid,2.0,10,0.5733606104168969,0.18701758266062146,0.35973681300453386,0.21362379741236315,0.19730733754782714,0.22994025727689915,0.0,False
bank_marketing,et,isotonic,0.0,10,0.18227358177595931,0.11514983965498175,0.27893398208559106,-0.09666040030963176,-0.10611302631983764,-0.08720777429942587,1.0,True
bank_marketing,et,isotonic,0.5,10,0.23984850160345017,0.11514983965498175,0.27893398208559106,-0.03908548048214089,-0.04446821439643978,-0.033702746567841994,1.0,True
bank_marketing,et,isotonic,1.0,10,0.297423421430941,0.11514983965498175,0.27893398208559106,0.018489439345349995,0.0157698640896108,0.02120901460108919,0.0006000000000000001,False
bank_marketing,et,isotonic,2.0,10,0.41257326108592285,0.11514983965498175,0.27893398208559106,0.13363927900033173,0.12465916999436263,0.14261938800630083,0.0,False
bank_marketing,et,none,0.0,10,0.20015481587968592,0.09064469755612076,0.27214419993365035,-0.0719893840539644,-0.08145307784590479,-0.06252569026202402,1.0,True
bank_marketing,et,none,0.5,10,0.24547716465774633,0.09064469755612076,0.27214419993365035,-0.026667035275904017,-0.03258502106635332,-0.02074904948545472,0.9847999999999999,True
bank_marketing,et,none,1.0,10,0.29079951343580673,0.09064469755612076,0.27214419993365035,0.01865531350215636,0.014971538548517582,0.02233908845579514,0.0006000000000000001,False
bank_marketing,et,none,2.0,10,0.3814442109919275,0.09064469755612076,0.27214419993365035,0.10930001105827711,0.1009378796619468,0.11766214245460742,0.0,False
bank_marketing,et,sigmoid,0.0,10,0.198827822625235,0.09630653544177817,0.27957536215857565,-0.08074753953334071,-0.09065196125749131,-0.07084311780919011,1.0,True
bank_marketing,et,sigmoid,0.5,10,0.2469810903461241,0.09630653544177817,0.27957536215857565,-0.032594271812451614,-0.03965795271771628,-0.02553059090718695,0.9986,True
bank_marketing,et,sigmoid,1.0,10,0.2951343580670131,0.09630653544177817,0.27957536215857565,0.015558995908437465,0.010876934478678782,0.020241057338196148,0.0644,False
bank_marketing,et,sigmoid,2.0,10,0.39144089350879135,0.09630653544177817,0.27957536215857565,0.11186553135021562,0.10670237330397325,0.117028689396458,0.0,False
bank_marketing,gb,isotonic,0.0,10,0.17675550149286742,0.13840539643923475,0.2920490987504147,-0.11529359725754729,-0.1307644385126443,-0.09982275600245027,1.0,True
bank_marketing,gb,isotonic,0.5,10,0.2459581997124848,0.13840539643923475,0.2920490987504147,-0.046090899037929886,-0.05347833719428434,-0.03870346088157543,1.0,True
bank_marketing,gb,isotonic,1.0,10,0.3151608979321022,0.13840539643923475,0.2920490987504147,0.023111799181687494,0.017998437981174478,0.02822516038220051,0.0005,False
bank_marketing,gb,isotonic,2.0,10,0.453566294371337,0.13840539643923475,0.2920490987504147,0.16151719562092226,0.14058096807365356,0.18245342316819096,0.0,False
bank_marketing,gb,none,0.0,10,0.20298573482251467,0.10077407939842972,0.28711710715470534,-0.08413137233219065,-0.09128552965995013,-0.07697721500443117,1.0,True
bank_marketing,gb,none,0.5,10,0.2533727745217295,0.10077407939842972,0.28711710715470534,-0.033744332632975785,-0.038256964249141656,-0.029231701016809913,1.0,True
bank_marketing,gb,none,1.0,10,0.3037598142209444,0.10077407939842972,0.28711710715470534,0.016642707066239076,0.014289780712974896,0.018995633419503256,0.0125,False
bank_marketing,gb,none,2.0,10,0.40453389361937414,0.10077407939842972,0.28711710715470534,0.11741678646466883,0.11253286151350955,0.1223007114158281,0.0,False
bank_marketing,gb,sigmoid,0.0,10,0.2048545836558664,0.10124958531460797,0.2915072431715139,-0.08665265951564746,-0.09677365276368634,-0.07653166626760859,1.0,True
bank_marketing,gb,sigmoid,0.5,10,0.25547937631317036,0.10124958531460797,0.2915072431715139,-0.036027866858343464,-0.04246257670682336,-0.029593157009863567,0.9999,True
bank_marketing,gb,sigmoid,1.0,10,0.30610416897047443,0.10124958531460797,0.2915072431715139,0.014596925798960523,0.011401988789877356,0.01779186280804369,0.032600000000000004,False
bank_marketing,gb,sigmoid,2.0,10,0.40735375428508236,0.10124958531460797,0.2915072431715139,0.1158465111135685,0.10973870289297019,0.12195431933416681,0.0,False
bank_marketing,gnb,isotonic,0.0,10,0.12416233550812783,0.5450624792657304,0.49269047882339934,-0.3685281433152715,-0.3841081830673883,-0.3529481035631547,1.0,True
bank_marketing,gnb,isotonic,0.5,10,0.39669357514099296,0.5450624792657304,0.49269047882339934,-0.09599690368240628,-0.10565054471362993,-0.08634326265118263,1.0,True
bank_marketing,gnb,isotonic,1.0,10,0.6692248147738583,0.5450624792657304,0.49269047882339934,0.17653433595045892,0.15129972714307052,0.20176894475784732,0.0,False
bank_marketing,gnb,isotonic,2.0,10,1.2142872940395886,0.5450624792657304,0.49269047882339934,0.7215968152161893,0.6599252372833493,0.7832683931490294,0.0,False
bank_marketing,gnb,none,0.0,10,0.1949463673559659,0.4048214088245052,0.49060046444763905,-0.2956540970916731,-0.3025340993017628,-0.28877409488158345,1.0,True
bank_marketing,gnb,none,0.5,10,0.3973570717682185,0.4048214088245052,0.49060046444763905,-0.09324339267942054,-0.0974690077837368,-0.08901777757510429,1.0,True
bank_marketing,gnb,none,1.0,10,0.5997677761804712,0.4048214088245052,0.49060046444763905,0.10916731173283203,0.09697376371746336,0.12136085974820071,0.0,False
bank_marketing,gnb,none,2.0,10,1.0045891850049762,0.4048214088245052,0.49060046444763905,0.513988720557337,0.4841348701126704,0.5438425710020036,0.0,False
bank_marketing,gnb,sigmoid,0.0,10,0.1973460134910981,0.4031294924250802,0.4901360168085812,-0.2927900033174831,-0.30216882200008616,-0.2834111846348801,1.0,True
bank_marketing,gnb,sigmoid,0.5,10,0.39891075970363815,0.4031294924250802,0.4901360168085812,-0.09122525710494304,-0.09648431405277366,-0.08596620015711243,1.0,True
bank_marketing,gnb,sigmoid,1.0,10,0.6004755059161784,0.4031294924250802,0.4901360168085812,0.11033948910759703,0.09738080074556603,0.12329817746962803,0.0,False
bank_marketing,gnb,sigmoid,2.0,10,1.0036049983412585,0.4031294924250802,0.4901360168085812,0.5134689815326772,0.48106233245899704,0.5458756306063574,0.0,False
bank_marketing,hgb,isotonic,0.0,10,0.171458586752184,0.11057171292712595,0.26004644476390576,-0.08858785801172177,-0.10068585678816393,-0.07648985923527961,1.0,True
bank_marketing,hgb,isotonic,0.5,10,0.226744443215747,0.11057171292712595,0.26004644476390576,-0.0333020015481588,-0.03895983299101545,-0.02764417010530215,0.9997,True
bank_marketing,hgb,isotonic,1.0,10,0.28203029967931,0.11057171292712595,0.26004644476390576,0.021983854915404184,0.018804344958833638,0.02516336487197473,0.006900000000000001,False
bank_marketing,hgb,isotonic,2.0,10,0.3926020126064359,0.11057171292712595,0.26004644476390576,0.13255556784253014,0.11694621258737124,0.14816492309768903,0.0,False
bank_marketing,hgb,none,0.0,10,0.20507574919827493,0.07004312728076964,0.2587968594492978,-0.053721110251022886,-0.0642318943571593,-0.04321032614488647,0.9998000000000001,True
bank_marketing,hgb,none,0.5,10,0.24009731283865973,0.07004312728076964,0.2587968594492978,-0.018699546610638062,-0.02606532512988443,-0.011333768091391692,0.8907,True
bank_marketing,hgb,none,1.0,10,0.2751188764790446,0.07004312728076964,0.2587968594492978,0.016322017029746762,0.011741485621036264,0.02090254843845726,0.029300000000000003,False
bank_marketing,hgb,none,2.0,10,0.34516200375981426,0.07004312728076964,0.2587968594492978,0.08636514431051642,0.08154022877365985,0.091190059847373,0.0,False
bank_marketing,hgb,sigmoid,0.0,10,0.20025434037376977,0.0767886763242287,0.26129603007851376,-0.061041689704743995,-0.06866384287516068,-0.05341953653432731,1.0,True
bank_marketing,hgb,sigmoid,0.5,10,0.23864867853588406,0.0767886763242287,0.26129603007851376,-0.022647351542629656,-0.027617275015724793,-0.01767742806953452,0.9853,True
bank_marketing,hgb,sigmoid,1.0,10,0.2770430166979984,0.0767886763242287,0.26129603007851376,0.015746986619484683,0.012766012584847485,0.01872796065412188,0.0185,False
bank_marketing,hgb,sigmoid,2.0,10,0.35383169302222717,0.0767886763242287,0.26129603007851376,0.09253566294371336,0.08705772725555577,0.09801359863187095,0.0,False
bank_marketing,logreg,isotonic,0.0,10,0.16569722437244278,0.32045781267278556,0.4072099966825169,-0.24151277231007406,-0.2484807344855451,-0.23454481013460302,1.0,True
bank_marketing,logreg,isotonic,0.5,10,0.3259261307088356,0.32045781267278556,0.4072099966825169,-0.0812838659736813,-0.08825378395749447,-0.07431394798986812,1.0,True
bank_marketing,logreg,isotonic,1.0,10,0.48615503704522833,0.32045781267278556,0.4072099966825169,0.07894504036271151,0.06799134886321365,0.08989873186220937,0.0,False
bank_marketing,logreg,isotonic,2.0,10,0.806612849718014,0.32045781267278556,0.4072099966825169,0.39940285303549705,0.3775643644929088,0.4212413415780853,0.0,False
bank_marketing,logreg,none,0.0,10,0.19617383611633307,0.26743337388034943,0.40855910649120863,-0.21238527037487556,-0.22277801454857368,-0.20199252620117744,1.0,True
bank_marketing,logreg,none,0.5,10,0.3298905230565078,0.26743337388034943,0.40855910649120863,-0.07866858343470087,-0.08528557069324542,-0.07205159617615632,1.0,True
bank_marketing,logreg,none,1.0,10,0.46360720999668253,0.26743337388034943,0.40855910649120863,0.055048103505473844,0.04579841450985295,0.06429779250109474,0.0015,False
bank_marketing,logreg,none,2.0,10,0.731040583877032,0.26743337388034943,0.40855910649120863,0.3224814773858233,0.30041132309465113,0.34455163167699543,0.0,False
bank_marketing,logreg,sigmoid,0.0,10,0.1940395886320911,0.2705739245825501,0.40436801946256773,-0.21032843083047661,-0.22295214377702013,-0.1977047178839331,1.0,True
bank_marketing,logreg,sigmoid,0.5,10,0.32932655092336616,0.2705739245825501,0.40436801946256773,-0.0750414685392016,-0.08261520286823235,-0.06746773421017085,1.0,True
bank_marketing,logreg,sigmoid,1.0,10,0.4646135132146411,0.2705739245825501,0.40436801946256773,0.06024549375207342,0.05445471168921244,0.0660362758149344,0.0,False
bank_marketing,logreg,sigmoid,2.0,10,0.7351874377971912,0.2705739245825501,0.40436801946256773,0.33081941833462347,0.3159741593751578,0.3456646772940891,0.0,False
bank_marketing,rf,isotonic,0.0,10,0.16100851487338272,0.13483357292933762,0.27172398540307424,-0.11071547052969147,-0.12219120700711064,-0.0992397340522723,1.0,True
bank_marketing,rf,isotonic,0.5,10,0.2284253013380515,0.13483357292933762,0.27172398540307424,-0.04329868406502267,-0.04928895841723941,-0.03730840971280593,1.0,True
bank_marketing,rf,isotonic,1.0,10,0.2958420878027203,0.13483357292933762,0.27172398540307424,0.024118102399646135,0.019040034455604038,0.02919617034368823,0.0127,False
bank_marketing,rf,isotonic,2.0,10,0.430675660732058,0.13483357292933762,0.27172398540307424,0.15895167532898374,0.14274269223797065,0.17516065841999684,0.0,False
bank_marketing,rf,none,0.0,10,0.19922592060157027,0.08780272033617162,0.2667477606988831,-0.06752184009731284,-0.0787121314082778,-0.056331548786347864,1.0,True
bank_marketing,rf,none,0.5,10,0.24312728076965612,0.08780272033617162,0.2667477606988831,-0.02362047992922703,-0.03151573367492693,-0.015725226183527126,0.9435,True
bank_marketing,rf,none,1.0,10,0.2870286409377419,0.08780272033617162,0.2667477606988831,0.020280880238858785,0.015127436439359113,0.025434324038358457,0.005300000000000001,False
bank_marketing,rf,none,2.0,10,0.37483136127391353,0.08780272033617162,0.2667477606988831,0.10808360057503041,0.10205570681613937,0.11411149433392145,0.0,False
bank_marketing,rf,sigmoid,0.0,10,0.19718013933429174,0.09272365365476058,0.27221054959637286,-0.07503041026208115,-0.08365538649863818,-0.06640543402552412,1.0,True
bank_marketing,rf,sigmoid,0.5,10,0.243541966161672,0.09272365365476058,0.27221054959637286,-0.028668583434700873,-0.03546835162182957,-0.021868815247572178,0.9947000000000001,True
bank_marketing,rf,sigmoid,1.0,10,0.2899037929890523,0.09272365365476058,0.27221054959637286,0.01769324339267942,0.012077987989324943,0.0233084987960339,0.0613,False
bank_marketing,rf,sigmoid,2.0,10,0.38262744664381293,0.09272365365476058,0.27221054959637286,0.11041689704744,0.10390057711027989,0.1169332169846001,0.0,False
credit_g,ada,isotonic,0.0,10,0.215,0.6815,0.7344999999999999,-0.5195000000000001,-0.6119697497683553,-0.42703025023164487,0.9989000000000001,True
credit_g,ada,isotonic,0.5,10,0.55575,0.6815,0.7344999999999999,-0.17875000000000002,-0.24650184007341303,-0.11099815992658701,0.9305999999999999,True
credit_g,ada,isotonic,1.0,10,0.8965,0.6815,0.7344999999999999,0.16199999999999998,0.1030151793537806,0.22098482064621935,0.06670000000000001,False
credit_g,ada,isotonic,2.0,10,1.5779999999999998,0.6815,0.7344999999999999,0.8435,0.7444811957252564,0.9425188042747437,0.0,False
credit_g,ada,none,0.0,10,0.378,0.5325,0.7224999999999999,-0.34450000000000003,-0.45388651734915864,-0.23511348265084142,0.9184000000000001,True
credit_g,ada,none,0.5,10,0.64425,0.5325,0.7224999999999999,-0.07825000000000001,-0.15794612293650873,0.001446122936508698,0.7960999999999999,True
credit_g,ada,none,1.0,10,0.9105000000000001,0.5325,0.7224999999999999,0.188,0.12858257494640146,0.24741742505359854,0.0229,False
credit_g,ada,none,2.0,10,1.443,0.5325,0.7224999999999999,0.7205,0.6413353813598244,0.7996646186401757,0.0,False
credit_g,ada,sigmoid,0.0,10,0.354,0.5455,0.6805000000000001,-0.3265,-0.41705268349910396,-0.2359473165008961,0.959,True
credit_g,ada,sigmoid,0.5,10,0.6267499999999999,0.5455,0.6805000000000001,-0.05375,-0.11592939324603002,0.008429393246030023,0.6740000000000002,True
credit_g,ada,sigmoid,1.0,10,0.8995,0.5455,0.6805000000000001,0.219,0.17469359414260732,0.2633064058573927,0.0123,False
credit_g,ada,sigmoid,2.0,10,1.4449999999999998,0.5455,0.6805000000000001,0.7645000000000001,0.6906928491871479,0.8383071508128522,0.0,False
credit_g,et,isotonic,0.0,10,0.188,0.6515000000000001,0.644,-0.45600000000000007,-0.5129337923478765,-0.3990662076521237,0.9998000000000001,True
credit_g,et,isotonic,0.5,10,0.51375,0.6515000000000001,0.644,-0.13025,-0.18013730510972817,-0.08036269489027184,0.9077,True
credit_g,et,isotonic,1.0,10,0.8394999999999999,0.6515000000000001,0.644,0.1955,0.1367462960032873,0.2542537039967127,0.0379,False
credit_g,et,isotonic,2.0,10,1.491,0.6515000000000001,0.644,0.8470000000000001,0.7444017015519048,0.9495982984480954,0.0,False
credit_g,et,none,0.0,10,0.34149999999999997,0.516,0.6595000000000001,-0.318,-0.4122499853227221,-0.2237500146772779,0.9495000000000001,True
credit_g,et,none,0.5,10,0.5994999999999999,0.516,0.6595000000000001,-0.06,-0.13758935064384373,0.017589350643843732,0.7072,True
credit_g,et,none,1.0,10,0.8574999999999999,0.516,0.6595000000000001,0.19799999999999998,0.12831655576824577,0.26768344423175416,0.029200000000000004,False
credit_g,et,none,2.0,10,1.3735000000000002,0.516,0.6595000000000001,0.7140000000000001,0.6266901212156761,0.801309878784324,0.0,False
credit_g,et,sigmoid,0.0,10,0.3295,0.515,0.665,-0.3355,-0.41292,-0.25808000000000003,0.9804999999999999,True
credit_g,et,sigmoid,0.5,10,0.587,0.515,0.665,-0.07799999999999999,-0.1363527620978171,-0.01964723790218286,0.7647,True
credit_g,et,sigmoid,1.0,10,0.8445,0.515,0.665,0.1795,0.12917954734349507,0.22982045265650491,0.0235,False
credit_g,et,sigmoid,2.0,10,1.3595,0.515,0.665,0.6945,0.6174669020629588,0.7715330979370412,0.0,False
credit_g,gb,isotonic,0.0,10,0.17350000000000002,0.7129999999999999,0.666,-0.49250000000000005,-0.5703433712299542,-0.41465662877004594,0.9997,True
credit_g,gb,isotonic,0.5,10,0.53,0.7129999999999999,0.666,-0.136,-0.1826470392057917,-0.08935296079420832,0.9426,True
credit_g,gb,isotonic,1.0,10,0.8864999999999998,0.7129999999999999,0.666,0.2205,0.17739856460240178,0.2636014353975982,0.0,False
credit_g,gb,isotonic,2.0,10,1.5995000000000001,0.7129999999999999,0.666,0.9334999999999999,0.8243322227028506,1.0426677772971493,0.0,False
credit_g,gb,none,0.0,10,0.31050000000000005,0.5455,0.7114999999999999,-0.40099999999999997,-0.47351411387523884,-0.3284858861247611,0.9971,True
credit_g,gb,none,0.5,10,0.5832499999999999,0.5455,0.7114999999999999,-0.12824999999999998,-0.1803277262048437,-0.07617227379515626,0.8958000000000002,True
credit_g,gb,none,1.0,10,0.8560000000000001,0.5455,0.7114999999999999,0.1445,0.09358923318415074,0.19541076681584924,0.0398,False
credit_g,gb,none,2.0,10,1.4015,0.5455,0.7114999999999999,0.6900000000000001,0.5918694203284895,0.7881305796715106,0.0,False
credit_g,gb,sigmoid,0.0,10,0.30500000000000005,0.5825,0.6545,-0.3495,-0.4419004831637199,-0.2570995168362801,0.9635,True
credit_g,gb,sigmoid,0.5,10,0.59625,0.5825,0.6545,-0.05825,-0.12488539608279606,0.008385396082796044,0.6909000000000001,True
credit_g,gb,sigmoid,1.0,10,0.8875,0.5825,0.6545,0.233,0.1793589858410563,0.2866410141589437,0.0005,False
credit_g,gb,sigmoid,2.0,10,1.47,0.5825,0.6545,0.8155000000000001,0.7297358456126468,0.9012641543873534,0.0,False
credit_g,gnb,isotonic,0.0,10,0.23149999999999998,0.6985,0.6735,-0.442,-0.559982304511218,-0.324017695488782,0.942,True
credit_g,gnb,isotonic,0.5,10,0.58075,0.6985,0.6735,-0.09274999999999997,-0.1908790844302091,0.005379084430209152,0.8539999999999999,True
credit_g,gnb,isotonic,1.0,10,0.93,0.6985,0.6735,0.2565,0.17177989586618508,0.3412201041338149,0.012,False
credit_g,gnb,isotonic,2.0,10,1.6285,0.6985,0.6735,0.9550000000000001,0.8667395269041056,1.0432604730958945,0.0,False
credit_g,gnb,none,0.0,10,0.28550000000000003,0.5765,0.6759999999999999,-0.3905,-0.4684556993853988,-0.3125443006146012,0.9872,True
credit_g,gnb,none,0.5,10,0.5737500000000001,0.5765,0.6759999999999999,-0.10225000000000002,-0.1595399670293344,-0.044960032970665635,0.8246,True
credit_g,gnb,none,1.0,10,0.8620000000000001,0.5765,0.6759999999999999,0.186,0.13706973851603807,0.23493026148396193,0.012,False
credit_g,gnb,none,2.0,10,1.4385,0.5765,0.6759999999999999,0.7625,0.6828810728811574,0.8421189271188425,0.0,False
credit_g,gnb,sigmoid,0.0,10,0.3215,0.5675000000000001,0.6895,-0.368,-0.46811360746671754,-0.26788639253328245,0.9477,True
credit_g,gnb,sigmoid,0.5,10,0.60525,0.5675000000000001,0.6895,-0.08425,-0.17222603973052358,0.0037260397305235865,0.82,True
credit_g,gnb,sigmoid,1.0,10,0.8889999999999999,0.5675000000000001,0.6895,0.19949999999999996,0.11789280832344898,0.28110719167655096,0.031599999999999996,False
credit_g,gnb,sigmoid,2.0,10,1.4565000000000001,0.5675000000000001,0.6895,0.767,0.6769536948749886,0.8570463051250115,0.0,False
credit_g,hgb,isotonic,0.0,10,0.1565,0.7515,0.6885000000000001,-0.532,-0.640581169638202,-0.423418830361798,0.9882,True
credit_g,hgb,isotonic,0.5,10,0.5322500000000001,0.7515,0.6885000000000001,-0.15625,-0.22867226522278905,-0.08382773477721096,0.8915,True
credit_g,hgb,isotonic,1.0,10,0.908,0.7515,0.6885000000000001,0.21949999999999997,0.1789498888890411,0.2600501111109589,0.0,False
credit_g,hgb,isotonic,2.0,10,1.6595,0.7515,0.6885000000000001,0.9709999999999999,0.9137671050298285,1.0282328949701711,0.0,False
credit_g,hgb,none,0.0,10,0.312,0.541,0.667,-0.355,-0.43296322779932145,-0.2770367722006785,0.9875999999999999,True
credit_g,hgb,none,0.5,10,0.5825000000000001,0.541,0.667,-0.08449999999999999,-0.15355272832328123,-0.015447271676718749,0.7403,True
credit_g,hgb,none,1.0,10,0.853,0.541,0.667,0.186,0.11553079916256559,0.2564692008374344,0.0883,False
credit_g,hgb,none,2.0,10,1.3940000000000001,0.541,0.667,0.727,0.6275816417578948,0.8264183582421052,0.0,False
credit_g,hgb,sigmoid,0.0,10,0.3375,0.5705,0.7055,-0.368,-0.46824143388173706,-0.26775856611826293,0.9622999999999999,True
credit_g,hgb,sigmoid,0.5,10,0.62275,0.5705,0.7055,-0.08274999999999999,-0.15670032784842058,-0.00879967215157941,0.755,True
credit_g,hgb,sigmoid,1.0,10,0.9079999999999998,0.5705,0.7055,0.20249999999999999,0.1478723859003322,0.2571276140996678,0.032799999999999996,False
credit_g,hgb,sigmoid,2.0,10,1.4785,0.5705,0.7055,0.773,0.7074188699226506,0.8385811300773495,0.0,False
credit_g,logreg,isotonic,0.0,10,0.19600000000000004,0.7135,0.7005,-0.5045,-0.5703450129723833,-0.43865498702761657,0.9984999999999999,True
credit_g,logreg,isotonic,0.5,10,0.5527500000000001,0.7135,0.7005,-0.14775,-0.20409621243309575,-0.09140378756690423,0.931,True
credit_g,logreg,isotonic,1.0,10,0.9094999999999999,0.7135,0.7005,0.209,0.14239203384312388,0.2756079661568761,0.058499999999999996,False
credit_g,logreg,isotonic,2.0,10,1.623,0.7135,0.7005,0.9225000000000001,0.8032219262023029,1.0417780737976972,0.0,False
credit_g,logreg,none,0.0,10,0.34,0.5595,0.6725000000000001,-0.3325,-0.40469628953223447,-0.26030371046776557,0.9613999999999999,True
credit_g,logreg,none,0.5,10,0.61975,0.5595,0.6725000000000001,-0.05275,-0.11199048437419201,0.006490484374192015,0.7492,True
credit_g,logreg,none,1.0,10,0.8995000000000001,0.5595,0.6725000000000001,0.227,0.17134765693262424,0.2826523430673758,0.013000000000000001,False
credit_g,logreg,none,2.0,10,1.459,0.5595,0.6725000000000001,0.7865,0.7081129316220534,0.8648870683779466,0.0,False
credit_g,logreg,sigmoid,0.0,10,0.34900000000000003,0.5730000000000001,0.6835,-0.33449999999999996,-0.4410699622053252,-0.22793003779467474,0.9268000000000001,True
credit_g,logreg,sigmoid,0.5,10,0.6355000000000001,0.5730000000000001,0.6835,-0.048,-0.13219449150627371,0.03619449150627373,0.6811,True
credit_g,logreg,sigmoid,1.0,10,0.9219999999999999,0.5730000000000001,0.6835,0.2385,0.16814825485857193,0.30885174514142805,0.0327,False
credit_g,logreg,sigmoid,2.0,10,1.4949999999999999,0.5730000000000001,0.6835,0.8115,0.7274882174930206,0.8955117825069794,0.0,False
credit_g,rf,isotonic,0.0,10,0.1715,0.6815,0.655,-0.4835,-0.6134464233187406,-0.3535535766812594,0.9295,True
credit_g,rf,isotonic,0.5,10,0.51225,0.6815,0.655,-0.14275,-0.2445695685732583,-0.0409304314267417,0.8932,True
credit_g,rf,isotonic,1.0,10,0.853,0.6815,0.655,0.198,0.12039070960538581,0.27560929039461424,0.0168,False
credit_g,rf,isotonic,2.0,10,1.5345,0.6815,0.655,0.8795,0.8173740458602221,0.9416259541397778,0.0,False
credit_g,rf,none,0.0,10,0.3075,0.5365,0.6685,-0.361,-0.4887663450730799,-0.23323365492692005,0.915,True
credit_g,rf,none,0.5,10,0.57575,0.5365,0.6685,-0.09275,-0.1879369055536994,0.002436905553699409,0.8128000000000002,True
credit_g,rf,none,1.0,10,0.844,0.5365,0.6685,0.17550000000000002,0.10621200552925655,0.24478799447074348,0.0617,False
credit_g,rf,none,2.0,10,1.3805,0.5365,0.6685,0.7120000000000001,0.6392449454982299,0.7847550545017703,0.0,False
credit_g,rf,sigmoid,0.0,10,0.299,0.5265000000000001,0.6435,-0.34450000000000003,-0.4720795401569808,-0.21692045984301928,0.9096,True
credit_g,rf,sigmoid,0.5,10,0.5622499999999999,0.5265000000000001,0.6435,-0.08125,-0.17659876244608524,0.014098762446085239,0.7917,True
credit_g,rf,sigmoid,1.0,10,0.8255000000000001,0.5265000000000001,0.6435,0.182,0.11681055845546083,0.24718944154453915,0.016000000000000004,False
credit_g,rf,sigmoid,2.0,10,1.3519999999999999,0.5265000000000001,0.6435,0.7085,0.6685437122178082,0.7484562877821919,0.0,False
diabetes130us,ada,isotonic,0.0,10,0.13446988306966692,0.7796158003340866,0.7764026726933281,-0.6419327896236612,-0.660128815965726,-0.6237367632815963,1.0,True
diabetes130us,ada,isotonic,0.5,10,0.5242777832367104,0.7796158003340866,0.7764026726933281,-0.2521248894566178,-0.25975635375814016,-0.24449342515509548,1.0,True
diabetes130us,ada,isotonic,1.0,10,0.9140856834037535,0.7796158003340866,0.7764026726933281,0.1376830107104255,0.12476453599959894,0.15060148542125204,0.0,False
diabetes130us,ada,isotonic,2.0,10,1.6937014837378404,0.7796158003340866,0.7764026726933281,0.9172988110445122,0.8782002934515694,0.956397328637455,0.0,False
diabetes130us,ada,none,0.0,10,0.1931020929547018,0.6867544463004814,0.7774491500442173,-0.5843470570895156,-0.592997341595017,-0.5756967725840142,1.0,True
diabetes130us,ada,none,0.5,10,0.5364793161049425,0.6867544463004814,0.7774491500442173,-0.24096983393927482,-0.24545385626698146,-0.23648581161156818,1.0,True
diabetes130us,ada,none,1.0,10,0.8798565392551833,0.6867544463004814,0.7774491500442173,0.1024073892109659,0.09802464886619158,0.10679012955574022,0.0,False
diabetes130us,ada,none,2.0,10,1.5666109855556647,0.6867544463004814,0.7774491500442173,0.7891618355114474,0.7757871918237204,0.8025364791991744,0.0,False
diabetes130us,ada,sigmoid,0.0,10,0.19682617667288985,0.6886459663948118,0.7751449346565785,-0.5783187579836888,-0.5890296887576139,-0.5676078272097638,1.0,True
diabetes130us,ada,sigmoid,0.5,10,0.5411491598702958,0.6886459663948118,0.7751449346565785,-0.2339957747862828,-0.2404660251172516,-0.22752552445531402,1.0,True
diabetes130us,ada,sigmoid,1.0,10,0.8854721430677017,0.6886459663948118,0.7751449346565785,0.11032720841112313,0.10604831278384694,0.11460610403839933,0.0,False
diabetes130us,ada,sigmoid,2.0,10,1.5741181094625134,0.6886459663948118,0.7751449346565785,0.798973174805935,0.7880592989543885,0.8098870506574815,0.0,False
diabetes130us,et,isotonic,0.0,10,0.1598702957649602,0.7366512724771543,0.7759850643608136,-0.6161147685958535,-0.64280397981425,-0.5894255573774569,1.0,True
diabetes130us,et,isotonic,0.5,10,0.5281959320035374,0.7366512724771543,0.7759850643608136,-0.2477891323572762,-0.25604834175576546,-0.23952992295878694,1.0,True
diabetes130us,et,isotonic,1.0,10,0.8965215682421146,0.7366512724771543,0.7759850643608136,0.12053650388130095,0.10510201872040524,0.13597098904219668,0.0,False
diabetes130us,et,isotonic,2.0,10,1.633172840719269,0.7366512724771543,0.7759850643608136,0.8571877763584554,0.8022281033211524,0.9121474493957585,0.0,False
diabetes130us,et,none,0.0,10,0.20366021420850938,0.6681536798663653,0.7672300284956275,-0.563569814287118,-0.5720980656123165,-0.5550415629619196,1.0,True
diabetes130us,et,none,0.5,10,0.5377370541416919,0.6681536798663653,0.7672300284956275,-0.22949297435393534,-0.23404349783135742,-0.22494245087651327,1.0,True
diabetes130us,et,none,1.0,10,0.8718138940748746,0.6681536798663653,0.7672300284956275,0.10458386557924733,0.10051020892886574,0.10865752222962892,0.0,False
diabetes130us,et,none,2.0,10,1.53996757394124,0.6681536798663653,0.7672300284956275,0.7727375454456127,0.7604045339853133,0.7850705569059121,0.0,False
diabetes130us,et,sigmoid,0.0,10,0.20143952048737349,0.6723887196619829,0.7757148472044806,-0.5742753267171072,-0.5846230342104501,-0.5639276192237643,1.0,True
diabetes130us,et,sigmoid,0.5,10,0.5376338803183649,0.6723887196619829,0.7757148472044806,-0.23808096688611574,-0.2457994429837505,-0.23036249078848098,1.0,True
diabetes130us,et,sigmoid,1.0,10,0.8738282401493563,0.6723887196619829,0.7757148472044806,0.09811339294487571,0.09085083704014309,0.10537594884960834,0.0,False
diabetes130us,et,sigmoid,2.0,10,1.5462169598113393,0.6723887196619829,0.7757148472044806,0.7705021126068586,0.7578098127931339,0.7831944124205834,0.0,False
diabetes130us,gb,isotonic,0.0,10,0.156318168418984,0.7143460744816743,0.7478235236317187,-0.5915053552127346,-0.6070921166294518,-0.5759185937960174,1.0,True
diabetes130us,gb,isotonic,0.5,10,0.5134912056598212,0.7143460744816743,0.7478235236317187,-0.2343323179718974,-0.23873253727206428,-0.22993209867173053,1.0,True
diabetes130us,gb,isotonic,1.0,10,0.8706642429006584,0.7143460744816743,0.7478235236317187,0.12284071926893976,0.1119434995788001,0.13373793895907943,0.0,False
diabetes130us,gb,isotonic,2.0,10,1.5850103173823327,0.7143460744816743,0.7478235236317187,0.8371867937506142,0.8013197847155761,0.8730538027856524,0.0,False
diabetes130us,gb,none,0.0,10,0.20101699911565296,0.6461088729488061,0.7491058268644984,-0.5480888277488454,-0.556649917190478,-0.5395277383072128,1.0,True
diabetes130us,gb,none,0.5,10,0.5240714355900561,0.6461088729488061,0.7491058268644984,-0.22503439127444236,-0.23138909648032285,-0.21867968606856186,1.0,True
diabetes130us,gb,none,1.0,10,0.8471258720644592,0.6461088729488061,0.7491058268644984,0.0980200451999607,0.09247196711276218,0.10356812328715922,0.0,False
diabetes130us,gb,none,2.0,10,1.493234745013265,0.6461088729488061,0.7491058268644984,0.7441289181487669,0.7351008755024535,0.7531569607950803,0.0,False
diabetes130us,gb,sigmoid,0.0,10,0.19984769578461237,0.6503979561756903,0.7511791294094528,-0.5513314336248403,-0.5603733635950221,-0.5422895036546584,1.0,True
diabetes130us,gb,sigmoid,0.5,10,0.5250466738724574,0.6503979561756903,0.7511791294094528,-0.22613245553699518,-0.23273655090007198,-0.21952836017391839,1.0,True
diabetes130us,gb,sigmoid,1.0,10,0.8502456519603026,0.6503979561756903,0.7511791294094528,0.09906652255084995,0.09357401225995382,0.10455903284174609,0.0,False
diabetes130us,gb,sigmoid,2.0,10,1.5006436081359928,0.6503979561756903,0.7511791294094528,0.7494644787265403,0.7406688602710981,0.7582600971819825,0.0,False
diabetes130us,gnb,isotonic,0.0,10,0.0659477252628476,0.9077969932200061,0.8617470767416723,-0.7957993514788247,-0.8673425839212036,-0.7242561190364459,1.0,True
diabetes130us,gnb,isotonic,0.5,10,0.5198462218728505,0.9077969932200061,0.8617470767416723,-0.3419008548688218,-0.3776618430839258,-0.30613986665371784,1.0,True
diabetes130us,gnb,isotonic,1.0,10,0.9737447184828536,0.9077969932200061,0.8617470767416723,0.1119976417411811,0.10479624389911005,0.11919903958325215,0.0,False
diabetes130us,gnb,isotonic,2.0,10,1.8815417117028594,0.9077969932200061,0.8617470767416723,1.019794634961187,0.9460675918547055,1.0935216780676686,0.0,False
diabetes130us,gnb,none,0.0,10,0.04648226392846615,0.9370541416920506,0.888198879827061,-0.8417166158985949,-0.8938804408391912,-0.7895527909579987,1.0,True
diabetes130us,gnb,none,0.5,10,0.5150093347744915,0.9370541416920506,0.888198879827061,-0.3731895450525695,-0.3893079291077556,-0.35707116099738345,1.0,True
diabetes130us,gnb,none,1.0,10,0.9835364056205169,0.9370541416920506,0.888198879827061,0.09533752579345582,0.07511624488852393,0.11555880669838771,0.0,False
diabetes130us,gnb,none,2.0,10,1.9205905473125675,0.9370541416920506,0.888198879827061,1.0323916674855065,0.9399894128078597,1.124793922163153,0.0,False
diabetes130us,gnb,sigmoid,0.0,10,0.07915888768792376,0.9030018669548984,0.888375749238479,-0.8092168615505552,-0.8669837478922743,-0.751449975208836,1.0,True
diabetes130us,gnb,sigmoid,0.5,10,0.5306598211653729,0.9030018669548984,0.888375749238479,-0.35771592807310604,-0.3830633019810765,-0.33236855416513555,1.0,True
diabetes130us,gnb,sigmoid,1.0,10,0.982160754642822,0.9030018669548984,0.888375749238479,0.09378500540434312,0.06613640490572872,0.12143360590295751,0.0026,False
diabetes130us,gnb,sigmoid,2.0,10,1.8851626215977202,0.9030018669548984,0.888375749238479,0.9967868723592413,0.8995356758740595,1.0940380688444231,0.0,False
diabetes130us,hgb,isotonic,0.0,10,0.1533654318561462,0.721750024565196,0.753444040483443,-0.6000786086272968,-0.6131047966537304,-0.5870524206008632,1.0,True
diabetes130us,hgb,isotonic,0.5,10,0.5142404441387443,0.721750024565196,0.753444040483443,-0.23920359634469884,-0.24409410019805547,-0.23431309249134222,1.0,True
diabetes130us,hgb,isotonic,1.0,10,0.8751154564213423,0.721750024565196,0.753444040483443,0.12167141593789918,0.11094840245921075,0.1323944294165876,0.0,False
diabetes130us,hgb,isotonic,2.0,10,1.5968654809865381,0.721750024565196,0.753444040483443,0.8434214405030952,0.8116786207107825,0.875164260295408,0.0,False
diabetes130us,hgb,none,0.0,10,0.20122334676230716,0.6454308735383708,0.7487373489240444,-0.5475140021617373,-0.558985445247,-0.5360425590764746,1.0,True
diabetes130us,hgb,none,0.5,10,0.5239387835314926,0.6454308735383708,0.7487373489240444,-0.22479856539255186,-0.23208458875114513,-0.2175125420339586,1.0,True
diabetes130us,hgb,none,1.0,10,0.8466542203006779,0.6454308735383708,0.7487373489240444,0.09791687137663357,0.09336795461037448,0.10246578814289267,0.0,False
diabetes130us,hgb,none,2.0,10,1.4920850938390489,0.6454308735383708,0.7487373489240444,0.7433477449150044,0.7336395632728199,0.753055926557189,0.0,False
diabetes130us,hgb,sigmoid,0.0,10,0.20072221676328977,0.6506386950967868,0.7535226491107399,-0.5528004323474501,-0.5588349896372187,-0.5467658750576816,1.0,True
diabetes130us,hgb,sigmoid,0.5,10,0.5260415643116833,0.6506386950967868,0.7535226491107399,-0.2274810847990567,-0.23149578789127334,-0.22346638170684008,1.0,True
diabetes130us,hgb,sigmoid,1.0,10,0.8513609118600766,0.6506386950967868,0.7535226491107399,0.09783826274933674,0.09275551056501738,0.1029210149336561,0.0,False
diabetes130us,hgb,sigmoid,2.0,10,1.5019996069568635,0.6506386950967868,0.7535226491107399,0.7484769578461237,0.7368446263384472,0.7601092893538002,0.0,False
diabetes130us,logreg,isotonic,0.0,10,0.1357079689495922,0.7787019750417608,0.7904883560970817,-0.6547803871474895,-0.6713854850697752,-0.6381752892252038,1.0,True
diabetes130us,logreg,isotonic,0.5,10,0.5250589564704726,0.7787019750417608,0.7904883560970817,-0.265429399626609,-0.27248383216745903,-0.25837496708575897,1.0,True
diabetes130us,logreg,isotonic,1.0,10,0.9144099439913532,0.7787019750417608,0.7904883560970817,0.12392158789427139,0.11145001634080691,0.13639315944773586,0.0,False
diabetes130us,logreg,isotonic,2.0,10,1.6931119190331139,0.7787019750417608,0.7904883560970817,0.9026235629360322,0.8657141025590778,0.9395330233129866,0.0,False
diabetes130us,logreg,none,0.0,10,0.19662474206544167,0.6873882283580623,0.7875847499263042,-0.5909600078608628,-0.5994258823523975,-0.5824941333693281,1.0,True
diabetes130us,logreg,none,0.5,10,0.540318856244473,0.6873882283580623,0.7875847499263042,-0.24726589368183155,-0.25398142343505997,-0.24055036392860313,1.0,True
diabetes130us,logreg,none,1.0,10,0.8840129704235039,0.6873882283580623,0.7875847499263042,0.09642822049719957,0.0893115349655767,0.10354490602882244,0.0,False
diabetes130us,logreg,none,2.0,10,1.5714011987815661,0.6873882283580623,0.7875847499263042,0.7838164488552619,0.7712422828183692,0.7963906148921547,0.0,False
diabetes130us,logreg,sigmoid,0.0,10,0.19961678294192786,0.686145229438931,0.7895303134519013,-0.5899135305099735,-0.6001367004007202,-0.5796903606192269,1.0,True
diabetes130us,logreg,sigmoid,0.5,10,0.5426893976613933,0.686145229438931,0.7895303134519013,-0.24684091579050804,-0.255150324440323,-0.2385315071406931,1.0,True
diabetes130us,logreg,sigmoid,1.0,10,0.8857620123808587,0.686145229438931,0.7895303134519013,0.09623169892895746,0.08858660095570792,0.103876796902207,0.0,False
diabetes130us,logreg,sigmoid,2.0,10,1.5719072418197897,0.686145229438931,0.7895303134519013,0.7823769283678884,0.7718007963201237,0.7929530604156532,0.0,False
diabetes130us,rf,isotonic,0.0,10,0.1582784710621991,0.7393534440404833,0.7769234548491697,-0.6186449837869705,-0.6365180537909074,-0.6007719137830336,1.0,True
diabetes130us,rf,isotonic,0.5,10,0.5279551930824408,0.7393534440404833,0.7769234548491697,-0.2489682617667289,-0.2562519711166359,-0.24168455241682194,1.0,True
diabetes130us,rf,isotonic,1.0,10,0.8976319151026825,0.7393534440404833,0.7769234548491697,0.12070846025351283,0.11377967680690199,0.12763724370012366,0.0,False
diabetes130us,rf,isotonic,2.0,10,1.636985359143166,0.7393534440404833,0.7769234548491697,0.8600619042939963,0.8313919067487283,0.8887319018392643,0.0,False
diabetes130us,rf,none,0.0,10,0.20019160852903606,0.6734597622089025,0.7725754151518129,-0.5723838066227767,-0.5810220797143301,-0.5637455335312233,1.0,True
diabetes130us,rf,none,0.5,10,0.5369214896334873,0.6734597622089025,0.7725754151518129,-0.23565392551832565,-0.2426254298394566,-0.2286824211971947,1.0,True
diabetes130us,rf,none,1.0,10,0.8736513707379384,0.6734597622089025,0.7725754151518129,0.10107595558612559,0.09492488608698109,0.10722702508527009,0.0,False
diabetes130us,rf,none,2.0,10,1.547111132946841,0.6734597622089025,0.7725754151518129,0.774535717795028,0.7666580124237778,0.782413423166278,0.0,False
diabetes130us,rf,sigmoid,0.0,10,0.20037830401886608,0.6772477154367691,0.7765991942615702,-0.5762208902427042,-0.5851193881412465,-0.5673223923441618,1.0,True
diabetes130us,rf,sigmoid,0.5,10,0.5390021617372507,0.6772477154367691,0.7765991942615702,-0.23759703252431957,-0.24425120591678673,-0.23094285913185242,1.0,True
diabetes130us,rf,sigmoid,1.0,10,0.8776260194556352,0.6772477154367691,0.7765991942615702,0.10102682519406506,0.09494756410943052,0.1071060862786996,0.0,False
diabetes130us,rf,sigmoid,2.0,10,1.5548737348924044,0.6772477154367691,0.7765991942615702,0.7782745406308342,0.7680241699904203,0.7885249112712481,0.0,False
fraud,ada,isotonic,0.0,10,0.04625188722306099,0.05943962641761173,0.005601980267546785,0.0406499069555142,0.024634663115130875,0.056665150795897526,0.0,False
fraud,ada,isotonic,0.5,10,0.07597170043186686,0.05943962641761173,0.005601980267546785,0.07036972016432005,0.04524360655406475,0.09549583377457535,0.0,False
fraud,ada,isotonic,1.0,10,0.10569151364067272,0.05943962641761173,0.005601980267546785,0.10008953337312594,0.06132523096661772,0.13885383577963417,0.0,False
fraud,ada,isotonic,2.0,10,0.16513114005828447,0.05943962641761173,0.005601980267546785,0.15952915979073767,0.09071841738131098,0.22833990220016437,0.0,False
fraud,ada,none,0.0,10,0.05292300129911169,0.06902320845475932,0.005616024718233208,0.04730697658087848,0.024392833049976585,0.07022112011178037,0.0857,False
fraud,ada,none,0.5,10,0.08743460552649134,0.06902320845475932,0.005616024718233208,0.08181858080825813,0.05744533181739782,0.10619182979911844,0.0,False
fraud,ada,none,1.0,10,0.12194620975387101,0.06902320845475932,0.005616024718233208,0.11633018503563779,0.08654816489672951,0.14611220517454607,0.0,False
fraud,ada,none,2.0,10,0.1909694182086303,0.06902320845475932,0.005616024718233208,0.1853533934903971,0.13904417052534873,0.23166261645544545,0.0,False
fraud,ada,sigmoid,0.0,10,0.05442751307889469,0.06274182788525684,0.005995224886766616,0.04843228819212809,0.025308440820607424,0.07155613556364876,0.0013,False
fraud,ada,sigmoid,0.5,10,0.08579842702152313,0.06274182788525684,0.005995224886766616,0.0798032021347565,0.060279519918324656,0.09932688435118835,0.0,False
fraud,ada,sigmoid,1.0,10,0.11716934096415155,0.06274182788525684,0.005995224886766616,0.11117411607738492,0.09330184575814361,0.12904638639662622,0.0,False
fraud,ada,sigmoid,2.0,10,0.1799111688494084,0.06274182788525684,0.005995224886766616,0.17391594396264176,0.15220760704654854,0.19562428087873499,0.0,False
fraud,et,isotonic,0.0,10,0.019400653066956916,0.03904181735191882,0.003393490397106844,0.016007162669850077,0.006990767910879818,0.025023557428820335,0.202,False
fraud,et,isotonic,0.5,10,0.038921561742916326,0.03904181735191882,0.003393490397106844,0.03552807134580949,0.024596360366274498,0.04645978232534448,0.0,False
fraud,et,isotonic,1.0,10,0.058442470418875736,0.03904181735191882,0.003393490397106844,0.05504898002176889,0.03299713979082566,0.07710082025271212,0.0,False
fraud,et,isotonic,2.0,10,0.09748428777079457,0.03904181735191882,0.003393490397106844,0.09409079737368772,0.04712730485817787,0.14105428988919758,0.0,False
fraud,et,none,0.0,10,0.02061900916400407,0.16508900670622523,0.0034672237632105618,0.017151785400793512,-0.0009180000234910723,0.0352215708250781,0.3014,False
fraud,et,none,0.5,10,0.10316351251711667,0.16508900670622523,0.0034672237632105618,0.09969628875390611,0.002696348828818751,0.19669622867899347,0.0,False
fraud,et,none,1.0,10,0.18570801587022928,0.16508900670622523,0.0034672237632105618,0.1822407921070187,0.004926603516351352,0.3595549806976861,0.0,False
fraud,et,none,2.0,10,0.3507970225764545,0.16508900670622523,0.0034672237632105618,0.3473297988132439,0.009173661022614576,0.6854859366038732,0.0,False
fraud,et,sigmoid,0.0,10,0.0181401636178505,0.07576278922790633,0.0034250904111512936,0.0147150732066992,-0.0009224425450737785,0.030352588958472176,0.2967,False
fraud,et,sigmoid,0.5,10,0.05602155823180366,0.07576278922790633,0.0034250904111512936,0.05259646782065236,0.04183112738262707,0.06336180825867764,0.0,False
fraud,et,sigmoid,1.0,10,0.09390295284575681,0.07576278922790633,0.0034250904111512936,0.09047786243460552,0.08288700583741254,0.0980687190317985,0.0,False
fraud,et,sigmoid,2.0,10,0.16966574207366314,0.07576278922790633,0.0034250904111512936,0.16624065166251184,0.15390444957422414,0.17857685375079954,0.0,False
fraud,gb,isotonic,0.0,10,0.028942101752045223,0.9700203644534954,0.008161581405147292,0.02078052034689793,-0.002581774225491787,0.04414281491928765,0.6,False
fraud,gb,isotonic,0.5,10,0.5139522839787929,0.9700203644534954,0.008161581405147292,0.5057907025736456,0.4940175504663685,0.5175638546809226,0.0,False
fraud,gb,isotonic,1.0,10,0.9989624662055405,0.9700203644534954,0.008161581405147292,0.9908008848003933,0.9886173784121556,0.992984391188631,0.0,False
fraud,gb,isotonic,2.0,10,1.9689828306590358,0.9700203644534954,0.008161581405147292,1.9608212492538883,1.9372174415183232,1.9844250569894535,0.0,False
fraud,gb,none,0.0,10,0.01094764931006636,0.9881482391769951,0.00945718198096977,0.0014904673290965912,-0.016566714830213398,0.019547649488406583,0.9,False
fraud,gb,none,0.5,10,0.5050217688985639,0.9881482391769951,0.00945718198096977,0.4955645869175941,0.4867221244671724,0.5044070493680157,0.0,False
fraud,gb,none,1.0,10,0.9990958884870615,0.9881482391769951,0.00945718198096977,0.9896387065060918,0.9878428620234759,0.9914345509887076,0.0,False
fraud,gb,none,2.0,10,1.987244127664057,0.9881482391769951,0.00945718198096977,1.977786945683087,1.9584990559711195,1.9970748353950545,0.0,False
fraud,gb,sigmoid,0.0,10,0.0378410168182297,0.9613760050560021,0.008087848039043572,0.029753168779186122,0.001291033300976071,0.05821530425739617,0.5053,False
fraud,gb,sigmoid,0.5,10,0.5185290193462307,0.9613760050560021,0.008087848039043572,0.5104411713071872,0.49612094967053605,0.5247613929438384,0.0,False
fraud,gb,sigmoid,1.0,10,0.999217021874232,0.9613760050560021,0.008087848039043572,0.9911291738351883,0.9888409483620418,0.9934173993083347,0.0,False
fraud,gb,sigmoid,2.0,10,1.9605930269302345,0.9613760050560021,0.008087848039043572,1.9525051788911902,1.9238495452207725,1.981160812561608,0.0,False
fraud,gnb,isotonic,0.0,10,0.04308837470594431,0.15469786875460834,0.016486429549524242,0.026601945156420066,0.013833096908285094,0.039370793404555036,0.0,False
fraud,gnb,isotonic,0.5,10,0.12043730908324848,0.15469786875460834,0.016486429549524242,0.10395087953372424,0.013920114299917324,0.19398164476753116,0.0,False
fraud,gnb,isotonic,1.0,10,0.19778624346055262,0.15469786875460834,0.016486429549524242,0.1812998139110284,0.0028007661573181686,0.3597988616647386,0.0,False
fraud,gnb,isotonic,2.0,10,0.35248411221516096,0.15469786875460834,0.016486429549524242,0.33599768266563673,-0.020115054037167457,0.6921104193684409,0.0,False
fraud,gnb,none,0.0,10,0.059669604297601896,0.05181348969488432,0.016356518380674836,0.04331308591692708,0.024369417754649684,0.062256754079204474,0.0,False
fraud,gnb,none,0.5,10,0.08557634914504406,0.05181348969488432,0.016356518380674836,0.06921983076436923,0.05138397127121204,0.08705569025752642,0.0,False
fraud,gnb,none,1.0,10,0.11148309399248621,0.05181348969488432,0.016356518380674836,0.09512657561181138,0.0729185238712815,0.11733462735234126,0.0,False
fraud,gnb,none,2.0,10,0.16329658368737052,0.05181348969488432,0.016356518380674836,0.1469400653066957,0.10832879762340678,0.18555133298998464,0.0,False
fraud,gnb,sigmoid,0.0,10,0.05973455988202662,0.056349847266598786,0.017380007724447873,0.04235455215757874,0.023537067159201255,0.06117203715595622,0.003,False
fraud,gnb,sigmoid,0.5,10,0.08790948351532601,0.056349847266598786,0.017380007724447873,0.07052947579087812,0.048366869450253605,0.09269208213150264,0.0,False
fraud,gnb,sigmoid,1.0,10,0.1160844071486254,0.056349847266598786,0.017380007724447873,0.09870439942417751,0.06670529010374429,0.13070350874461073,0.0,False
fraud,gnb,sigmoid,2.0,10,0.1724342544152242,0.056349847266598786,0.017380007724447873,0.15505424669077633,0.09781350726226459,0.21229498611928807,0.0,False
fraud,hgb,isotonic,0.0,10,0.02083494259330782,0.9778677012745339,0.005609002492889996,0.01522594010041782,0.0017737365318651298,0.02867814366897051,0.2001,False
fraud,hgb,isotonic,0.5,10,0.5097687932305748,0.9778677012745339,0.005609002492889996,0.5041597907376848,0.4974407584733175,0.5108788230020521,0.0,False
fraud,hgb,isotonic,1.0,10,0.9987026438678417,0.9778677012745339,0.005609002492889996,0.9930936413749517,0.992160275227512,0.9940270075223914,0.0,False
fraud,hgb,isotonic,2.0,10,1.9765703451423757,0.9778677012745339,0.005609002492889996,1.9709613426494854,1.9572884051383435,1.9846342801606274,0.0,False
fraud,hgb,none,0.0,10,0.08277097012043116,0.7104227379656612,0.006032091569818475,0.07673887855061268,0.060043028970183404,0.09343472813104195,0.0,False
fraud,hgb,none,0.5,10,0.4379823391032619,0.7104227379656612,0.006032091569818475,0.4319502475334433,0.3250700006926185,0.5388304943742681,0.0,False
fraud,hgb,none,1.0,10,0.7931937080860925,0.7104227379656612,0.006032091569818475,0.787161616516274,0.5690393230841946,1.0052839099483535,0.0,False
fraud,hgb,none,2.0,10,1.5036164460517538,0.7104227379656612,0.006032091569818475,1.4975843544819354,1.056094642015141,1.9390740669487299,0.0,False
fraud,hgb,sigmoid,0.0,10,0.07309083248481443,0.8018714230539657,0.00569151364067273,0.06739931884414171,0.05191531043307632,0.08288332725520711,0.0,False
fraud,hgb,sigmoid,0.5,10,0.47402654401179734,0.8018714230539657,0.00569151364067273,0.46833503037112456,0.38659218671142315,0.550077874030826,0.0,False
fraud,hgb,sigmoid,1.0,10,0.8749622555387802,0.8018714230539657,0.00569151364067273,0.8692707418981076,0.7137336901697175,1.0248077936264977,0.0,False
fraud,hgb,sigmoid,2.0,10,1.676833678592746,0.8018714230539657,0.00569151364067273,1.671142164952073,1.3671441873354677,1.9751401425686783,0.0,False
fraud,logreg,isotonic,0.0,10,0.030104280046346688,0.05448720199431199,0.0041501351778378565,0.025954144868508833,0.012183479399184391,0.039724810337833275,0.0985,False
fraud,logreg,isotonic,0.5,10,0.05734788104350268,0.05448720199431199,0.0041501351778378565,0.053197745865664836,0.03383448780872954,0.07256100392260013,0.0,False
fraud,logreg,isotonic,1.0,10,0.08459148204065868,0.05448720199431199,0.0041501351778378565,0.08044134686282083,0.048875250269638154,0.1120074434560035,0.0,False
fraud,logreg,isotonic,2.0,10,0.13907868403497067,0.05448720199431199,0.0041501351778378565,0.13492854885713282,0.07536414416314458,0.19449295355112106,0.0,False
fraud,logreg,none,0.0,10,0.035585126926723075,0.06760471893543066,0.004199290755240335,0.031385836171482745,0.008967709461508853,0.05380396288145664,0.1401,False
fraud,logreg,none,0.5,10,0.0693874863944384,0.06760471893543066,0.004199290755240335,0.06518819563919806,0.052354980218655825,0.0780214110597403,0.0,False
fraud,logreg,none,1.0,10,0.10318984586215371,0.06760471893543066,0.004199290755240335,0.09899055510691337,0.09440191546995212,0.10357919474387463,0.0,False
fraud,logreg,none,2.0,10,0.17079456479758434,0.06760471893543066,0.004199290755240335,0.16659527404234403,0.14880427762223472,0.18438627046245334,0.0,False
fraud,logreg,sigmoid,0.0,10,0.03656121624942944,0.06787683016748007,0.004859379937502194,0.03170183631192725,0.010356160875753955,0.053047511748100545,0.1288,False
fraud,logreg,sigmoid,0.5,10,0.07049963133316947,0.06787683016748007,0.004859379937502194,0.06564025139566729,0.05238573411810042,0.07889476867323415,0.0,False
fraud,logreg,sigmoid,1.0,10,0.10443804641690953,0.06787683016748007,0.004859379937502194,0.09957866647940732,0.09289138194253375,0.10626595101628088,0.0,False
fraud,logreg,sigmoid,2.0,10,0.17231487658438957,0.06787683016748007,0.004859379937502194,0.16745549664688741,0.15229718538700565,0.18261380790676918,0.0,False
fraud,rf,isotonic,0.0,10,0.026394789508795334,0.5007917559074471,0.003477757101225379,0.02291703240756996,0.010185541328103868,0.03564852348703605,0.1,False
fraud,rf,isotonic,0.5,10,0.27679066746251885,0.5007917559074471,0.003477757101225379,0.2733129103612935,0.1150741833531794,0.4315516373694076,0.0,False
fraud,rf,isotonic,1.0,10,0.5271865454162423,0.5007917559074471,0.003477757101225379,0.5237087883150171,0.21536810843851906,0.8320494681915152,0.0,False
fraud,rf,isotonic,2.0,10,1.0279783013236896,0.5007917559074471,0.003477757101225379,1.0245005442224642,0.41571966082159884,1.6332814276233294,0.0,False
fraud,rf,none,0.0,10,0.0275569678030968,0.1489484217548541,0.003479512657561181,0.02407745514553562,0.003889889081368416,0.044265021209702826,0.281,False
fraud,rf,none,0.5,10,0.10203117868052387,0.1489484217548541,0.003479512657561181,0.09855166602296267,0.0021767021310915152,0.19492662991483384,0.0,False
fraud,rf,none,1.0,10,0.17650538955795092,0.1489484217548541,0.003479512657561181,0.17302587690038976,-0.006217975931601616,0.35226972973238113,0.0,False
fraud,rf,none,2.0,10,0.32545381131280504,0.1489484217548541,0.003479512657561181,0.3219742986552438,-0.02398479837480827,0.6679333956852959,0.0,False
fraud,rf,sigmoid,0.0,10,0.03760226115656052,0.2290070573364699,0.003586601594045153,0.03401565956251536,0.010099344444933728,0.05793197468009699,0.10319999999999999,False
fraud,rf,sigmoid,0.5,10,0.15210578982479547,0.2290070573364699,0.003586601594045153,0.14851918823075033,0.02048929889633641,0.2765490775651642,0.0,False
fraud,rf,sigmoid,1.0,10,0.26660931849303043,0.2290070573364699,0.003586601594045153,0.26302271689898526,0.023713307660380406,0.5023321261375902,0.0,False
fraud,rf,sigmoid,2.0,10,0.49561637582950036,0.2290070573364699,0.003586601594045153,0.49202977423545524,0.029215869967948893,0.9548436785029616,0.0,False
mammography,ada,isotonic,0.0,10,0.062002682163611975,0.5564148413053196,0.08842199374161823,-0.026419311578006255,-0.03832399082218429,-0.014514632333828222,0.8539000000000001,True
mammography,ada,isotonic,0.5,10,0.3402101028162718,0.5564148413053196,0.08842199374161823,0.25178810907465354,0.16230917139741521,0.3412670467518919,0.0093,False
mammography,ada,isotonic,1.0,10,0.6184175234689315,0.5564148413053196,0.08842199374161823,0.5299955297273133,0.34760374267704447,0.7123873167775823,0.0,False
mammography,ada,isotonic,2.0,10,1.1748323647742513,0.5564148413053196,0.08842199374161823,1.086410371032633,0.7176639734078056,1.4551567686574602,0.0,False
mammography,ada,none,0.0,10,0.10777827447474295,0.351855163164953,0.08502458649977648,0.02275368797496647,0.010044339858486828,0.03546303609144611,0.1752,False
mammography,ada,none,0.5,10,0.28370585605721954,0.351855163164953,0.08502458649977648,0.19868126955744297,0.11622373638864564,0.2811388027262403,0.0017000000000000001,False
mammography,ada,none,1.0,10,0.45963343763969594,0.351855163164953,0.08502458649977648,0.3746088511399195,0.20365381232865076,0.5455638899511882,0.0008,False
mammography,ada,none,2.0,10,0.8114886008046491,0.351855163164953,0.08502458649977648,0.7264640143048726,0.3779753112625137,1.0749527173472315,0.0004,False
mammography,ada,sigmoid,0.0,10,0.1060795708538221,0.3516763522574877,0.09061242735806883,0.015467143495753241,-0.001225793907229102,0.03216008089873559,0.2788,False
mammography,ada,sigmoid,0.5,10,0.28191774698256594,0.3516763522574877,0.09061242735806883,0.1913053196244971,0.10461833739335617,0.277992301855638,0.0789,False
mammography,ada,sigmoid,1.0,10,0.45775592311130975,0.3516763522574877,0.09061242735806883,0.3671434957532409,0.1892811948839451,0.5450057966225367,0.0024000000000000002,False
mammography,ada,sigmoid,2.0,10,0.8094322753687975,0.3516763522574877,0.09061242735806883,0.7188198480107287,0.35753202951444735,1.0801076665070102,0.0,False
mammography,et,isotonic,0.0,10,0.06481895395619133,0.49472507822977196,0.06691998211890926,-0.002101028162717925,-0.020033972606446654,0.015831916281010806,0.4655,True
mammography,et,isotonic,0.5,10,0.3121814930710774,0.49472507822977196,0.06691998211890926,0.24526151095216803,0.14117038770622425,0.3493526341981118,0.013600000000000001,False
mammography,et,isotonic,1.0,10,0.5595440321859634,0.49472507822977196,0.06691998211890926,0.49262405006705406,0.28225924342528197,0.7029888567088262,0.0001,False
mammography,et,isotonic,2.0,10,1.0542691104157353,0.49472507822977196,0.06691998211890926,0.987349128296826,0.5633147108009953,1.4113835457926567,0.0,False
mammography,et,none,0.0,10,0.09472507822977201,0.30518551631649526,0.06857398301296379,0.026151095216808223,0.007810306214254818,0.04449188421936163,0.2334,False
mammography,et,none,0.5,10,0.24731783638801966,0.30518551631649526,0.06857398301296379,0.17874385337505588,0.08663551236441248,0.2708521943856993,0.0304,False
mammography,et,none,1.0,10,0.39991059454626726,0.30518551631649526,0.06857398301296379,0.33133661153330357,0.15637502411841803,0.5062981989481892,0.0,False
mammography,et,none,2.0,10,0.7050961108627627,0.30518551631649526,0.06857398301296379,0.6365221278497988,0.2947518480151347,0.9782924076844628,0.0,False
mammography,et,sigmoid,0.0,10,0.09628967367009388,0.2594546267322307,0.06964684845775593,0.026642825212337955,0.008617770185010927,0.04466788023966498,0.24210000000000004,False
mammography,et,sigmoid,0.5,10,0.2260169870362092,0.2594546267322307,0.06964684845775593,0.15637013857845325,0.08171464791367107,0.23102562924323544,0.016,False
mammography,et,sigmoid,1.0,10,0.3557443004023245,0.2594546267322307,0.06964684845775593,0.2860974519445686,0.14565632592913547,0.4265385779600017,0.0,False
mammography,et,sigmoid,2.0,10,0.6151989271345552,0.2594546267322307,0.06964684845775593,0.5455520786767993,0.2721852394407353,0.8189189179128633,0.0,False
mammography,gb,isotonic,0.0,10,0.04702726866338846,0.6207420652659812,0.08439874832364774,-0.03737147966025928,-0.05251472668175751,-0.022228232638761045,0.9119999999999999,True
mammography,gb,isotonic,0.5,10,0.357398301296379,0.6207420652659812,0.08439874832364774,0.2729995529727314,0.17510705775011337,0.3708920481953494,0.0182,False
mammography,gb,isotonic,1.0,10,0.6677693339293697,0.6207420652659812,0.08439874832364774,0.583370585605722,0.3838741885545152,0.7828669826569288,0.0002,False
mammography,gb,isotonic,2.0,10,1.288511399195351,0.6207420652659812,0.08439874832364774,1.204112650871703,0.8006063889100621,1.607618912833344,0.0,False
mammography,gb,none,0.0,10,0.09606616003576217,0.3395619132767099,0.07836388019669202,0.017702279839070183,-0.0016698514398775302,0.037074411118017896,0.30250000000000005,False
mammography,gb,none,0.5,10,0.26584711667411715,0.3395619132767099,0.07836388019669202,0.18748323647742512,0.08911764391637217,0.2858488290384781,0.07980000000000001,False
mammography,gb,none,1.0,10,0.435628073312472,0.3395619132767099,0.07836388019669202,0.35726419311578,0.1651915630420197,0.5493368231895404,0.004999999999999999,False
mammography,gb,none,2.0,10,0.7751899865891819,0.3395619132767099,0.07836388019669202,0.6968261063924899,0.3159443775678071,1.0777078352171727,0.0,False
mammography,gb,sigmoid,0.0,10,0.09499329459097006,0.34653553866785874,0.08024139472507823,0.014751899865891819,-0.0005787709894001236,0.03008257072118376,0.3291,False
mammography,gb,sigmoid,0.5,10,0.26826106392489935,0.34653553866785874,0.08024139472507823,0.1880196691998212,0.10080713183185393,0.27523220656778846,0.014600000000000002,False
mammography,gb,sigmoid,1.0,10,0.4415288332588288,0.34653553866785874,0.08024139472507823,0.36128743853375056,0.18963237118641532,0.5329425058810858,0.0037000000000000006,False
mammography,gb,sigmoid,2.0,10,0.7880643719266874,0.34653553866785874,0.08024139472507823,0.7078229772016094,0.36628286551711564,1.049363088886103,0.0004,False
mammography,gnb,isotonic,0.0,10,0.09628967367009388,0.6292802860974519,0.11077335717478767,-0.01448368350469379,-0.023230997918678435,-0.005736369090709141,0.7309,True
mammography,gnb,isotonic,0.5,10,0.41092981671881984,0.6292802860974519,0.11077335717478767,0.30015645954403214,0.20604671514635461,0.39426620394170964,0.017599999999999998,False
mammography,gnb,isotonic,1.0,10,0.7255699597675458,0.6292802860974519,0.11077335717478767,0.614796602592758,0.4231628252059837,0.8064303799795324,0.0032,False
mammography,gnb,isotonic,2.0,10,1.3548502458649978,0.6292802860974519,0.11077335717478767,1.24407688869021,0.8571435321328509,1.6310102452475692,0.0002,False
mammography,gnb,none,0.0,10,0.11037103263299061,0.4582029503799731,0.11117568171658472,-0.0008046490835940997,-0.010892953420887478,0.009283655253699279,0.481,True
mammography,gnb,none,0.5,10,0.33947250782297717,0.4582029503799731,0.11117568171658472,0.22829682610639251,0.13573776018035633,0.3208558920324287,0.0756,False
mammography,gnb,none,1.0,10,0.5685739830129638,0.4582029503799731,0.11117568171658472,0.45739830129637904,0.2694105154837608,0.6453860871089973,0.0682,False
mammography,gnb,none,2.0,10,1.0267769333929369,0.4582029503799731,0.11117568171658472,0.9156012516763521,0.5363858486917317,1.2948166546609725,0.05550000000000001,False
mammography,gnb,sigmoid,0.0,10,0.10943227536879749,0.46526598122485474,0.11032632990612427,-0.0008940545373267772,-0.009820709818085669,0.008032600743432115,0.4875,True
mammography,gnb,sigmoid,0.5,10,0.34206526598122483,0.46526598122485474,0.11032632990612427,0.2317389360751006,0.13592220873357538,0.3275556634166258,0.0817,False
mammography,gnb,sigmoid,1.0,10,0.5746982565936523,0.46526598122485474,0.11032632990612427,0.4643719266875279,0.2715885557640374,0.6571552976110184,0.0656,False
mammography,gnb,sigmoid,2.0,10,1.039964237818507,0.46526598122485474,0.11032632990612427,0.9296379079123828,0.5426174146000418,1.3166584012247238,0.040299999999999996,False
mammography,hgb,isotonic,0.0,10,0.042825212337952626,0.6517657577112204,0.07478766204738488,-0.031962449709432274,-0.04798269278106253,-0.01594220663780202,0.8872,True
mammography,hgb,isotonic,0.5,10,0.3687080911935628,0.6517657577112204,0.07478766204738488,0.29392042914617794,0.21166785310413666,0.3761730051882192,0.0,False
mammography,hgb,isotonic,1.0,10,0.694590970049173,0.6517657577112204,0.07478766204738488,0.6198033080017882,0.44824937003649423,0.7913572459670821,0.0,False
mammography,hgb,isotonic,2.0,10,1.3463567277603932,0.6517657577112204,0.07478766204738488,1.2715690657130085,0.9205269368620577,1.6226111945639594,0.0,False
mammography,hgb,none,0.0,10,0.06696468484577558,0.35230219043361644,0.07130084935181047,-0.0043361645060348685,-0.0201294727416005,0.01145714372953076,0.5831,True
mammography,hgb,none,0.5,10,0.24311578006258389,0.35230219043361644,0.07130084935181047,0.17181493071077336,0.11717228514686653,0.2264575762746802,0.0185,False
mammography,hgb,none,1.0,10,0.4192668752793921,0.35230219043361644,0.07130084935181047,0.3479660259275816,0.2305282600203672,0.46540379183479597,0.0182,False
mammography,hgb,none,2.0,10,0.7715690657130085,0.35230219043361644,0.07130084935181047,0.700268216361198,0.4561135334059966,0.9444228993163993,0.0177,False
mammography,hgb,sigmoid,0.0,10,0.06182387125614662,0.4632990612427358,0.07527939204291462,-0.013455520786767993,-0.02775887153529967,0.0008478299617636822,0.642,True
mammography,hgb,sigmoid,0.5,10,0.2934734018775146,0.4632990612427358,0.07527939204291462,0.21819400983459994,0.1715956018960077,0.2647924177731922,0.0,False
mammography,hgb,sigmoid,1.0,10,0.5251229324988824,0.4632990612427358,0.07527939204291462,0.44984354045596786,0.34715790227115534,0.5525291786407804,0.0,False
mammography,hgb,sigmoid,2.0,10,0.9884219937416183,0.4632990612427358,0.07527939204291462,0.9131426016987035,0.6974842925957424,1.1288009108016648,0.0,False
mammography,logreg,isotonic,0.0,10,0.06499776486365669,0.6919982118909254,0.09646848457755923,-0.03147071971390255,-0.044312764559189935,-0.018628674868615164,0.8892,True
mammography,logreg,isotonic,0.5,10,0.4109968708091193,0.6919982118909254,0.09646848457755923,0.3145283862315601,0.20466326210095614,0.42439351036216405,0.1485,False
mammography,logreg,isotonic,1.0,10,0.7569959767545821,0.6919982118909254,0.09646848457755923,0.6605274921770228,0.44117382666749855,0.8798811576865471,0.065,False
mammography,logreg,isotonic,2.0,10,1.4489941886455073,0.6919982118909254,0.09646848457755923,1.3525257040679484,0.9136314414256277,1.791419966710269,0.05,False
mammography,logreg,none,0.0,10,0.1020563254358516,0.4886008046490836,0.09186410371032633,0.010192221725525258,-0.004478153706735913,0.02486259715778643,0.31320000000000003,False
mammography,logreg,none,0.5,10,0.34635672776039345,0.4886008046490836,0.09186410371032633,0.25449262405006706,0.15670553072634602,0.3522797173737881,0.1336,False
mammography,logreg,none,1.0,10,0.5906571300849353,0.4886008046490836,0.09186410371032633,0.4987930263746089,0.3123060814590281,0.6852799712901898,0.0456,False
mammography,logreg,none,2.0,10,1.0792579347340188,0.4886008046490836,0.09186410371032633,0.9873938310236925,0.6229608213716651,1.35182684067572,0.0006000000000000001,False
mammography,logreg,sigmoid,0.0,10,0.1020563254358516,0.49021010281627164,0.09132767098793027,0.010728654447921322,-0.0026920298150294834,0.024149338710872128,0.2984,False
mammography,logreg,sigmoid,0.5,10,0.3471613768439875,0.49021010281627164,0.09132767098793027,0.25583370585605725,0.15932697579874366,0.35234043591337083,0.11539999999999999,False
mammography,logreg,sigmoid,1.0,10,0.5922664282521234,0.49021010281627164,0.09132767098793027,0.5009387572641931,0.31632091955190256,0.6855565949764837,0.0354,False
mammography,logreg,sigmoid,2.0,10,1.0824765310683953,0.49021010281627164,0.09132767098793027,0.9911488600804649,0.6298533733431049,1.3524443468178249,0.0004,False
mammography,rf,isotonic,0.0,10,0.061063924899418864,0.4989271345552078,0.07317836388019669,-0.012114438980777825,-0.028983881446384654,0.004755003484829004,0.6336999999999999,True
mammography,rf,isotonic,0.5,10,0.31052749217702275,0.4989271345552078,0.07317836388019669,0.23734912829682614,0.12673162920210557,0.3479666273915467,0.0219,False
mammography,rf,isotonic,1.0,10,0.5599910594546268,0.4989271345552078,0.07317836388019669,0.48681269557442997,0.2641244428922861,0.7095009482565738,0.0198,False
mammography,rf,isotonic,2.0,10,1.0589181940098347,0.4989271345552078,0.07317836388019669,0.9857398301296378,0.5379628401945863,1.4335168200646895,0.0171,False
mammography,rf,none,0.0,10,0.09789897183728206,0.33129190880643716,0.07447474295932052,0.023424228877961556,0.008022394453620255,0.03882606330230286,0.2193,False
mammography,rf,none,0.5,10,0.2635449262405007,0.33129190880643716,0.07447474295932052,0.18907018328118014,0.09694220265078209,0.2811981639115782,0.031,False
mammography,rf,none,1.0,10,0.4291908806437193,0.33129190880643716,0.07447474295932052,0.35471613768439875,0.16961694234070906,0.5398153330280884,0.0027,False
mammography,rf,none,2.0,10,0.7604827894501565,0.33129190880643716,0.07447474295932052,0.686008046490836,0.31401153616861166,1.0580045568130605,0.0,False
mammography,rf,sigmoid,0.0,10,0.1021904336164506,0.32373714796602593,0.07447474295932052,0.02771569065713008,0.013093536770240973,0.04233784454401919,0.1727,False
mammography,rf,sigmoid,0.5,10,0.2640590075994636,0.32373714796602593,0.07447474295932052,0.18958426464014305,0.09388986456069205,0.28527866471959407,0.0185,False
mammography,rf,sigmoid,1.0,10,0.42592758158247657,0.32373714796602593,0.07447474295932052,0.3514528386231559,0.16148599731010285,0.541419679936209,0.0015,False
mammography,rf,sigmoid,2.0,10,0.7496647295485025,0.32373714796602593,0.07447474295932052,0.675189986589182,0.29583990909993263,1.0545400640784313,0.0001,False
miniboone,ada,isotonic,0.0,10,0.3188328912466844,0.01676469457578903,0.24111021412370737,0.07772267712297698,0.06256522770497018,0.09288012654098378,0.0,False
miniboone,ada,isotonic,0.5,10,0.3272152385345789,0.01676469457578903,0.24111021412370737,0.08610502441087149,0.07263007932072299,0.09957996950102,0.0,False
miniboone,ada,isotonic,1.0,10,0.3355975858224734,0.01676469457578903,0.24111021412370737,0.094487371698766,0.08220564322863577,0.10676910016889624,0.0,False
miniboone,ada,isotonic,2.0,10,0.3523622803982624,0.01676469457578903,0.24111021412370737,0.11125206627455501,0.09934842051360379,0.12315571203550624,0.0,False
miniboone,ada,none,0.0,10,0.3471187483181486,0.004628455003267597,0.24383577442048207,0.10328297389766654,0.09473911905842348,0.11182682873690959,0.0,False
miniboone,ada,none,0.5,10,0.3494329758197824,0.004628455003267597,0.24383577442048207,0.10559720139930033,0.0973967640929007,0.11379763870569996,0.0,False
miniboone,ada,none,1.0,10,0.3517472033214162,0.004628455003267597,0.24383577442048207,0.10791142890093415,0.09992591328377773,0.11589694451809057,0.0,False
miniboone,ada,none,2.0,10,0.35637565832468376,0.004628455003267597,0.24383577442048207,0.11253988390420173,0.1045633089221848,0.12051645888621867,0.0,False
miniboone,ada,sigmoid,0.0,10,0.3458578403106139,0.0024756852343059237,0.24144850651597283,0.10440933379464115,0.0951988810983238,0.1136197864909585,0.0,False
miniboone,ada,sigmoid,0.5,10,0.3470956829277669,0.0024756852343059237,0.24144850651597283,0.10564717641179411,0.09661993843290916,0.11467441439067906,0.0,False
miniboone,ada,sigmoid,1.0,10,0.34833352554491986,0.0024756852343059237,0.24144850651597283,0.10688501902894705,0.09801052526649458,0.11575951279139952,0.0,False
miniboone,ada,sigmoid,2.0,10,0.35080921077922583,0.0024756852343059237,0.24144850651597283,0.10936070426325299,0.10069416229815747,0.11802724622834851,0.0,False
miniboone,et,isotonic,0.0,10,0.18855956637066085,0.029231538077115295,0.16504055664475453,0.023519009725906277,0.010327326850253109,0.036710692601559444,0.1266,False
miniboone,et,isotonic,0.5,10,0.2031753354092185,0.029231538077115295,0.16504055664475453,0.038134778764463924,0.028053616354335727,0.04821594117459212,0.00030000000000000003,False
miniboone,et,isotonic,1.0,10,0.2177911044477761,0.029231538077115295,0.16504055664475453,0.05275054780302156,0.04514860269074793,0.060352492915295194,0.0,False
miniboone,et,isotonic,2.0,10,0.24702264252489142,0.029231538077115295,0.16504055664475453,0.08198208588013685,0.07451480900697385,0.08944936275329984,0.0,False
miniboone,et,none,0.0,10,0.15475723676623226,0.04916003536693191,0.16333371775650635,-0.008576480990274093,-0.013653402069389333,-0.0034995599111588525,0.797,True
miniboone,et,none,0.5,10,0.17933725444969825,0.04916003536693191,0.16333371775650635,0.016003536693191867,0.011242742687495132,0.020764330698888604,0.028999999999999998,False
miniboone,et,none,1.0,10,0.20391727213316418,0.04916003536693191,0.16333371775650635,0.04058355437665783,0.03582308168948261,0.04534402706383305,0.0,False
miniboone,et,none,2.0,10,0.25307730750009605,0.04916003536693191,0.16333371775650635,0.08974358974358973,0.08408879464161496,0.0953983848455645,0.0,False
miniboone,et,sigmoid,0.0,10,0.16354515050167223,0.04609233844616154,0.16469842002075882,-0.0011532695190866107,-0.007065889781035878,0.004759350742862657,0.6001,True
miniboone,et,sigmoid,0.5,10,0.186591319724753,0.04609233844616154,0.16469842002075882,0.02189289970399416,0.016444546409023954,0.027341252998964363,0.0023,False
miniboone,et,sigmoid,1.0,10,0.2096374889478338,0.04609233844616154,0.16469842002075882,0.04493906892707493,0.03974585994561001,0.05013227790853985,0.0,False
miniboone,et,sigmoid,2.0,10,0.2557298273939953,0.04609233844616154,0.16469842002075882,0.09103140737323646,0.08562610227337898,0.09643671247309395,0.0,False
miniboone,gb,isotonic,0.0,10,0.21372775150886092,0.028401184023372928,0.17857994079883138,0.035147810710029606,0.01671089300976701,0.0535847284102922,0.020900000000000002,False
miniboone,gb,isotonic,0.5,10,0.22792834352054742,0.028401184023372928,0.17857994079883138,0.04934840272171607,0.03421334792890608,0.06448345751452605,0.0001,False
miniboone,gb,isotonic,1.0,10,0.24212893553223389,0.028401184023372928,0.17857994079883138,0.06354899473340253,0.051587239823373474,0.07551074964343159,0.0,False
miniboone,gb,isotonic,2.0,10,0.2705301195556068,0.028401184023372928,0.17857994079883138,0.09195017875677546,0.0851898372436928,0.0987105202698581,0.0,False
miniboone,gb,none,0.0,10,0.18996655518394648,0.0408987813785415,0.17941413908430398,0.010552416099642487,0.005102155707108009,0.016002676492176966,0.1778,False
miniboone,gb,none,0.5,10,0.21041594587321724,0.0408987813785415,0.17941413908430398,0.031001806788913233,0.02623870704805537,0.035764906529771094,0.00030000000000000003,False
miniboone,gb,none,1.0,10,0.23086533656248798,0.0408987813785415,0.17941413908430398,0.05145119747818398,0.0469590591122789,0.055943335844089066,0.0,False
miniboone,gb,none,2.0,10,0.27176411794102945,0.0408987813785415,0.17941413908430398,0.09234997885672548,0.0869932163550808,0.09770674135837017,0.0,False
miniboone,gb,sigmoid,0.0,10,0.19196171145196633,0.04096028908622612,0.17891438895936645,0.013047322492599855,0.006112545246108285,0.019982099739091423,0.1692,False
miniboone,gb,sigmoid,0.5,10,0.21244185599507937,0.04096028908622612,0.17891438895936645,0.03352746703571292,0.027270010364342873,0.03978492370708296,0.0001,False
miniboone,gb,sigmoid,1.0,10,0.23292200053819245,0.04096028908622612,0.17891438895936645,0.05400761157882598,0.04818640861904262,0.05982881453860933,0.0,False
miniboone,gb,sigmoid,2.0,10,0.2738822896244186,0.04096028908622612,0.17891438895936645,0.09496790066505209,0.0891073786902851,0.10082842263981909,0.0,False
miniboone,gnb,isotonic,0.0,10,0.0018452312305385766,0.9945104370891477,0.715911275131665,-0.7140660439011264,-0.7146862529319888,-0.7134458348702639,1.0,True
miniboone,gnb,isotonic,0.5,10,0.4991004497751125,0.9945104370891477,0.715911275131665,-0.21681082535655247,-0.21712999177705464,-0.2164916589360503,1.0,True
miniboone,gnb,isotonic,1.0,10,0.9963556683196865,0.9945104370891477,0.715911275131665,0.28044439318802133,0.2803744290905232,0.2805143572855195,0.0,False
miniboone,gnb,isotonic,2.0,10,1.9908661054088341,0.9945104370891477,0.715911275131665,1.2749548302771692,1.2743478624495925,1.2755617981047458,0.0,False
miniboone,gnb,none,0.0,10,0.001922115865144351,0.9944796832353054,0.7159650943758888,-0.7140429785107446,-0.7148906976495508,-0.7131952593719384,1.0,True
miniboone,gnb,none,0.5,10,0.4991619574827971,0.9944796832353054,0.7159650943758888,-0.2168031368930919,-0.2172177048696548,-0.21638856891652902,1.0,True
miniboone,gnb,none,1.0,10,0.9964017991004498,0.9944796832353054,0.7159650943758888,0.2804367047245608,0.2803557091957269,0.2805177002533947,0.0,False
miniboone,gnb,none,2.0,10,1.9908814823357552,0.9944796832353054,0.7159650943758888,1.274916387959866,1.2740106771829012,1.2758220987368307,0.0,False
miniboone,gnb,sigmoid,0.0,10,0.0018452312305385766,0.9945104370891477,0.7172029369930419,-0.7153577057625033,-0.715698982959729,-0.7150164285652777,1.0,True
miniboone,gnb,sigmoid,0.5,10,0.4991004497751125,0.9945104370891477,0.7172029369930419,-0.2181024872179295,-0.21842072338177798,-0.217784251054081,1.0,True
miniboone,gnb,sigmoid,1.0,10,0.9963556683196865,0.9945104370891477,0.7172029369930419,0.27915273132664437,0.2786312927439085,0.2796741699093802,0.0,False
miniboone,gnb,sigmoid,2.0,10,1.9908661054088341,0.9945104370891477,0.7172029369930419,1.273663168415792,1.27258122317615,1.274745113655434,0.0,False
miniboone,hgb,isotonic,0.0,10,0.13412140083804253,0.04791066005458809,0.14787990620074576,-0.013758505362703264,-0.020886779604019634,-0.006630231121386896,0.8495000000000001,True
miniboone,hgb,isotonic,0.5,10,0.15807673086533655,0.04791066005458809,0.14787990620074576,0.010196824664590782,0.004767494229867943,0.015626155099313623,0.1271,False
miniboone,hgb,isotonic,1.0,10,0.1820320608926306,0.04791066005458809,0.14787990620074576,0.03415215469188483,0.03006862230369864,0.038235687080071024,0.0,False
miniboone,hgb,isotonic,2.0,10,0.22994272094721874,0.04791066005458809,0.14787990620074576,0.08206281474647292,0.07798025797219833,0.08614537152074751,0.0,False
miniboone,hgb,none,0.0,10,0.11854072963518243,0.059124284011840236,0.14676123476723174,-0.02822050513204936,-0.03105589263867634,-0.025385117625422383,1.0,True
miniboone,hgb,none,0.5,10,0.14810287164110253,0.059124284011840236,0.14676123476723174,0.001341636873870757,-0.0005081250086312161,0.00319139875637273,0.4029999999999999,False
miniboone,hgb,none,1.0,10,0.17766501364702264,0.059124284011840236,0.14676123476723174,0.03090377887979088,0.029664660805665363,0.032142896953916394,0.0,False
miniboone,hgb,none,2.0,10,0.23678929765886286,0.059124284011840236,0.14676123476723174,0.09002806289163111,0.08758720313074801,0.0924689226525142,0.0,False
miniboone,hgb,sigmoid,0.0,10,0.12167762272709799,0.05789412985814785,0.148748702571791,-0.027071079844693043,-0.03278729082019991,-0.021354868869186173,0.9995,True
miniboone,hgb,sigmoid,0.5,10,0.15062468765617193,0.05789412985814785,0.148748702571791,0.0018759850843808865,-0.002938869232036231,0.006690839400798005,0.434,False
miniboone,hgb,sigmoid,1.0,10,0.17957175258524585,0.05789412985814785,0.148748702571791,0.03082305001345481,0.02683410640159674,0.034811993625312884,0.0,False
miniboone,hgb,sigmoid,2.0,10,0.23746588244339367,0.05789412985814785,0.148748702571791,0.08871717987160267,0.08588298618124712,0.09155137356195822,0.0,False
miniboone,logreg,isotonic,0.0,10,0.3202168146695883,0.10610079575596817,0.3570560873409449,-0.03683927267135663,-0.05198955512240448,-0.021688990220308776,0.9259999999999999,True
miniboone,logreg,isotonic,0.5,10,0.37326721254757234,0.10610079575596817,0.3570560873409449,0.016211125206627458,0.0034784937162445507,0.028943756697010367,0.2895,False
miniboone,logreg,isotonic,1.0,10,0.4263176104255565,0.10610079575596817,0.3570560873409449,0.06926152308461155,0.05856097185448574,0.07996207431473736,0.0,False
miniboone,logreg,isotonic,2.0,10,0.5324184061815245,0.10610079575596817,0.3570560873409449,0.1753623188405797,0.1664941331494846,0.1842305045316748,0.0,False
miniboone,logreg,none,0.0,10,0.35469957329027796,0.07197170645446507,0.34673432514511976,0.007965248145158189,0.0012639830212569413,0.014666513269059437,0.266,False
miniboone,logreg,none,0.5,10,0.3906854265175105,0.07197170645446507,0.34673432514511976,0.043951101372390736,0.03776080197161586,0.05014140077316561,0.0,False
miniboone,logreg,none,1.0,10,0.426671279744743,0.07197170645446507,0.34673432514511976,0.07993695459962327,0.0740365818104518,0.08583732738879475,0.0,False
miniboone,logreg,none,2.0,10,0.49864298619920816,0.07197170645446507,0.34673432514511976,0.15190866105408835,0.14582188820472503,0.15799543390345167,0.0,False
miniboone,logreg,sigmoid,0.0,10,0.35223542075116293,0.08228962441855994,0.35776342597931804,-0.005528005228155152,-0.012484720365066922,0.001428709908756618,0.6822999999999999,True
miniboone,logreg,sigmoid,0.5,10,0.39338023296044283,0.08228962441855994,0.35776342597931804,0.03561680698112482,0.029681694680403284,0.04155191928184636,0.0001,False
miniboone,logreg,sigmoid,1.0,10,0.4345250451697228,0.08228962441855994,0.35776342597931804,0.07676161919040479,0.07147690502430092,0.08204633335650867,0.0,False
miniboone,logreg,sigmoid,2.0,10,0.5168146695882828,0.08228962441855994,0.35776342597931804,0.15905124360896475,0.15348775412703733,0.16461473309089217,0.0,False
miniboone,rf,isotonic,0.0,10,0.16443316803136893,0.04147157190635452,0.16424095644485448,0.00019221158651443524,-0.007915475705206745,0.008299898878235616,0.5095,False
miniboone,rf,isotonic,0.5,10,0.1851689539845462,0.04147157190635452,0.16424095644485448,0.020927997539691694,0.013925543375059735,0.027930451704323653,0.0478,False
miniboone,rf,isotonic,1.0,10,0.20590473993772346,0.04147157190635452,0.16424095644485448,0.04166378349286895,0.03553440457650679,0.04779316240923111,0.0,False
miniboone,rf,isotonic,2.0,10,0.24737631184407793,0.04147157190635452,0.16424095644485448,0.08313535539922347,0.07762676388769268,0.08864394691075425,0.0,False
miniboone,rf,none,0.0,10,0.14324760696574787,0.053419444124091796,0.15940106869642104,-0.016153461730673127,-0.01989299185058628,-0.012413931610759975,0.977,True
miniboone,rf,none,0.5,10,0.16995732902779379,0.053419444124091796,0.15940106869642104,0.010556260331372776,0.007752568775594669,0.013359951887150882,0.035699999999999996,False
miniboone,rf,none,1.0,10,0.19666705108983967,0.053419444124091796,0.15940106869642104,0.037265982393418676,0.03524404955088852,0.03928791523594883,0.0,False
miniboone,rf,none,2.0,10,0.2500864952139315,0.053419444124091796,0.15940106869642104,0.09068542651751048,0.08878910366738876,0.0925817493676322,0.0,False
miniboone,rf,sigmoid,0.0,10,0.15097835697535847,0.051270518586860415,0.1630530888401953,-0.012074731864836812,-0.017436630814945116,-0.006712832914728507,0.8901999999999999,True
miniboone,rf,sigmoid,0.5,10,0.17661361626878871,0.051270518586860415,0.1630530888401953,0.013560527428593396,0.00864988767256945,0.018471167184617342,0.0619,False
miniboone,rf,sigmoid,1.0,10,0.20224887556221888,0.051270518586860415,0.1630530888401953,0.0391957867220236,0.03453947576223478,0.04385209768181241,0.0,False
miniboone,rf,sigmoid,2.0,10,0.2535193941490793,0.051270518586860415,0.1630530888401953,0.09046630530888401,0.08562665562409577,0.09530595499367225,0.0,False
oil_spill,ada,isotonic,0.0,10,0.09308510638297873,0.498936170212766,0.24308510638297873,-0.15,-0.2148248661119735,-0.0851751338880265,0.8257999999999999,True
oil_spill,ada,isotonic,0.5,10,0.3425531914893617,0.498936170212766,0.24308510638297873,0.09946808510638298,0.014297168084297457,0.1846390021284685,0.3181,False
oil_spill,ada,isotonic,1.0,10,0.5920212765957447,0.498936170212766,0.24308510638297873,0.34893617021276596,0.15341489982335435,0.5444574406021776,0.0085,False
oil_spill,ada,isotonic,2.0,10,1.0909574468085106,0.498936170212766,0.24308510638297873,0.847872340425532,0.4189836462444211,1.276761034606643,0.0,False
oil_spill,ada,none,0.0,10,0.1377659574468085,0.15106382978723404,0.22819148936170217,-0.09042553191489362,-0.1327028885084557,-0.04814817532133153,0.9301999999999999,True
oil_spill,ada,none,0.5,10,0.21329787234042552,0.15106382978723404,0.22819148936170217,-0.014893617021276595,-0.060630171910073374,0.03084293786752018,0.501,True
oil_spill,ada,none,1.0,10,0.2888297872340425,0.15106382978723404,0.22819148936170217,0.060638297872340416,4.252496879558754e-05,0.12123407077588524,0.2815,False
oil_spill,ada,none,2.0,10,0.43989361702127655,0.15106382978723404,0.22819148936170217,0.21170212765957444,0.10846186816978948,0.3149423871493594,0.0859,False
oil_spill,ada,sigmoid,0.0,10,0.14840425531914891,0.16968085106382977,0.24468085106382978,-0.09627659574468085,-0.14265296382934775,-0.04990022766001395,0.8713000000000001,True
oil_spill,ada,sigmoid,0.5,10,0.2332446808510638,0.16968085106382977,0.24468085106382978,-0.011436170212765958,-0.06517262685812124,0.042300286432589325,0.4447,True
oil_spill,ada,sigmoid,1.0,10,0.3180851063829787,0.16968085106382977,0.24468085106382978,0.07340425531914893,-0.021764856799297405,0.16857336743759527,0.2967,False
oil_spill,ada,sigmoid,2.0,10,0.4877659574468085,0.16968085106382977,0.24468085106382978,0.2430851063829787,0.048934629236336596,0.4372355835296208,0.1608,False
oil_spill,et,isotonic,0.0,10,0.0925531914893617,0.5292553191489362,0.24627659574468086,-0.15372340425531916,-0.21152950814234178,-0.09591730036829653,0.9302999999999999,True
oil_spill,et,isotonic,0.5,10,0.3571808510638298,0.5292553191489362,0.24627659574468086,0.11090425531914891,0.005806568001189713,0.2160019426371081,0.41459999999999997,False
oil_spill,et,isotonic,1.0,10,0.6218085106382979,0.5292553191489362,0.24627659574468086,0.375531914893617,0.14876920612024547,0.6022946236669885,0.0498,False
oil_spill,et,isotonic,2.0,10,1.1510638297872342,0.5292553191489362,0.24627659574468086,0.9047872340425531,0.4250076987927209,1.3845667692923853,0.0010999999999999998,False
oil_spill,et,none,0.0,10,0.15,0.17553191489361702,0.22606382978723402,-0.07606382978723403,-0.11432393790844833,-0.03780372166601972,0.8194000000000001,True
oil_spill,et,none,0.5,10,0.2377659574468085,0.17553191489361702,0.22606382978723402,0.011702127659574471,-0.01577375903916187,0.03917801435831081,0.49160000000000004,False
oil_spill,et,none,1.0,10,0.325531914893617,0.17553191489361702,0.22606382978723402,0.09946808510638297,0.02393512437044104,0.1750010458423249,0.1477,False
oil_spill,et,none,2.0,10,0.5010638297872341,0.17553191489361702,0.22606382978723402,0.275,0.09449104796018915,0.4555089520398109,0.0534,False
oil_spill,et,sigmoid,0.0,10,0.14787234042553193,0.21755319148936172,0.2367021276595745,-0.08882978723404256,-0.13914310613520586,-0.038516468332879236,0.7674,True
oil_spill,et,sigmoid,0.5,10,0.2566489361702128,0.21755319148936172,0.2367021276595745,0.0199468085106383,-0.032269103780574244,0.07216272080185085,0.4172999999999999,False
oil_spill,et,sigmoid,1.0,10,0.36542553191489363,0.21755319148936172,0.2367021276595745,0.12872340425531914,0.036545349802809865,0.2209014587078284,0.2274,False
oil_spill,et,sigmoid,2.0,10,0.5829787234042553,0.21755319148936172,0.2367021276595745,0.34627659574468084,0.1545396912603843,0.5380135002289774,0.12789999999999999,False
oil_spill,gb,isotonic,0.0,10,0.05797872340425532,0.7265957446808511,0.2813829787234043,-0.22340425531914895,-0.29709112689409706,-0.14971738374420085,0.882,True
oil_spill,gb,isotonic,0.5,10,0.4212765957446809,0.7265957446808511,0.2813829787234043,0.13989361702127662,0.03578261762079449,0.24400461642175875,0.21509999999999999,False
oil_spill,gb,isotonic,1.0,10,0.7845744680851064,0.7265957446808511,0.2813829787234043,0.5031914893617022,0.30407141103387514,0.7023115676895293,0.0548,False
oil_spill,gb,isotonic,2.0,10,1.5111702127659574,0.7265957446808511,0.2813829787234043,1.2297872340425533,0.820557106708493,1.6390173613766135,0.0006000000000000001,False
oil_spill,gb,none,0.0,10,0.10904255319148937,0.3813829787234043,0.24308510638297873,-0.13404255319148936,-0.1897061724515529,-0.0783789339314258,0.9202999999999999,True
oil_spill,gb,none,0.5,10,0.29973404255319147,0.3813829787234043,0.24308510638297873,0.05664893617021277,0.008207594676443115,0.10509027766398243,0.376,False
oil_spill,gb,none,1.0,10,0.4904255319148937,0.3813829787234043,0.24308510638297873,0.24734042553191493,0.1056805867133283,0.38900026435050156,0.15389999999999998,False
oil_spill,gb,none,2.0,10,0.8718085106382979,0.3813829787234043,0.24308510638297873,0.6287234042553191,0.29566505110033897,0.9617817574102994,0.063,False
oil_spill,gb,sigmoid,0.0,10,0.10691489361702126,0.4212765957446808,0.24680851063829787,-0.1398936170212766,-0.19737708356697437,-0.08241015047557881,0.8927999999999999,True
oil_spill,gb,sigmoid,0.5,10,0.31755319148936173,0.4212765957446808,0.24680851063829787,0.07074468085106383,-0.012934962023761862,0.15442432372588955,0.3387,False
oil_spill,gb,sigmoid,1.0,10,0.5281914893617021,0.4212765957446808,0.24680851063829787,0.28138297872340423,0.10061061523262577,0.4621553422141827,0.1507,False
oil_spill,gb,sigmoid,2.0,10,0.949468085106383,0.4212765957446808,0.24680851063829787,0.7026595744680851,0.31540427090554257,1.0899148780306276,0.06860000000000001,False
oil_spill,gnb,isotonic,0.0,10,0.12978723404255316,0.6744680851063829,0.3202127659574468,-0.1904255319148936,-0.25578843453389255,-0.12506262929589462,0.8652,True
oil_spill,gnb,isotonic,0.5,10,0.4670212765957446,0.6744680851063829,0.3202127659574468,0.14680851063829786,0.08624264040936698,0.20737438086722876,0.1165,False
oil_spill,gnb,isotonic,1.0,10,0.8042553191489361,0.6744680851063829,0.3202127659574468,0.4840425531914894,0.33633320887001705,0.6317518975129618,0.011600000000000001,False
oil_spill,gnb,isotonic,2.0,10,1.478723404255319,0.6744680851063829,0.3202127659574468,1.1585106382978723,0.8203103538170393,1.4967109227787052,0.0,False
oil_spill,gnb,none,0.0,10,0.20372340425531915,0.528723404255319,0.4164893617021276,-0.2127659574468085,-0.26114461952961404,-0.16438729536400298,0.9809999999999999,True
oil_spill,gnb,none,0.5,10,0.46808510638297873,0.528723404255319,0.4164893617021276,0.05159574468085106,-0.019050430362011032,0.12224191972371315,0.3418,False
oil_spill,gnb,none,1.0,10,0.7324468085106384,0.528723404255319,0.4164893617021276,0.31595744680851057,0.16030053500746316,0.47161435860955797,0.20749999999999996,False
oil_spill,gnb,none,2.0,10,1.2611702127659576,0.528723404255319,0.4164893617021276,0.8446808510638298,0.5093170581494673,1.1800446439781924,0.0193,False
oil_spill,gnb,sigmoid,0.0,10,0.22606382978723402,0.3728723404255319,0.4159574468085106,-0.18989361702127658,-0.24169707695246273,-0.13809015709009043,0.925,True
oil_spill,gnb,sigmoid,0.5,10,0.4125,0.3728723404255319,0.4159574468085106,-0.0034574468085106407,-0.07109429872918736,0.06417940511216609,0.5151999999999999,True
oil_spill,gnb,sigmoid,1.0,10,0.598936170212766,0.3728723404255319,0.4159574468085106,0.1829787234042553,0.04383963713551553,0.3221178096729951,0.225,False
oil_spill,gnb,sigmoid,2.0,10,0.9718085106382979,0.3728723404255319,0.4159574468085106,0.5558510638297872,0.2598595817786841,0.8518425458808903,0.1162,False
oil_spill,hgb,isotonic,0.0,10,0.07393617021276595,0.5281914893617022,0.25159574468085105,-0.1776595744680851,-0.2447619997303861,-0.11055714920578412,0.922,True
oil_spill,hgb,isotonic,0.5,10,0.33803191489361706,0.5281914893617022,0.25159574468085105,0.08643617021276596,-0.028434736668497718,0.20130707709402965,0.3778,False
oil_spill,hgb,isotonic,1.0,10,0.6021276595744681,0.5281914893617022,0.25159574468085105,0.35053191489361707,0.13160981132659544,0.5694540184606387,0.12589999999999998,False
oil_spill,hgb,isotonic,2.0,10,1.1303191489361704,0.5281914893617022,0.25159574468085105,0.8787234042553191,0.43656174939624515,1.320885059114393,0.0050999999999999995,False
oil_spill,hgb,none,0.0,10,0.125,0.18670212765957445,0.19627659574468087,-0.07127659574468084,-0.11782840853517032,-0.02472478295419136,0.7276,True
oil_spill,hgb,none,0.5,10,0.2183510638297872,0.18670212765957445,0.19627659574468087,0.02207446808510639,-0.05373320130787676,0.09788213747808955,0.3653,False
oil_spill,hgb,none,1.0,10,0.31170212765957445,0.18670212765957445,0.19627659574468087,0.11542553191489364,-0.017579360262013885,0.24843042409180116,0.26959999999999995,False
oil_spill,hgb,none,2.0,10,0.49840425531914895,0.18670212765957445,0.19627659574468087,0.3021276595744681,0.04392502602899001,0.5603302931199461,0.1571,False
oil_spill,hgb,sigmoid,0.0,10,0.14202127659574468,0.11436170212765959,0.2824468085106383,-0.1404255319148936,-0.18347286614427794,-0.09737819768550926,0.8824,True
oil_spill,hgb,sigmoid,0.5,10,0.19920212765957448,0.11436170212765959,0.2824468085106383,-0.08324468085106382,-0.12633582845892952,-0.040153533243198127,0.7369000000000001,True
oil_spill,hgb,sigmoid,1.0,10,0.25638297872340426,0.11436170212765959,0.2824468085106383,-0.02606382978723404,-0.08885692765781289,0.03672926808334481,0.579,True
oil_spill,hgb,sigmoid,2.0,10,0.3707446808510639,0.11436170212765959,0.2824468085106383,0.08829787234042552,-0.03154486534764046,0.2081406100284915,0.3625,False
oil_spill,logreg,isotonic,0.0,10,0.09042553191489362,0.35638297872340424,0.2207446808510638,-0.13031914893617022,-0.17669030853383905,-0.0839479893385014,0.8125,True
oil_spill,logreg,isotonic,0.5,10,0.26861702127659576,0.35638297872340424,0.2207446808510638,0.04787234042553191,-0.05417605030455789,0.1499207311556217,0.4579,False
oil_spill,logreg,isotonic,1.0,10,0.4468085106382979,0.35638297872340424,0.2207446808510638,0.22606382978723402,0.04025880261268788,0.41186885696178016,0.1265,False
oil_spill,logreg,isotonic,2.0,10,0.803191489361702,0.35638297872340424,0.2207446808510638,0.5824468085106382,0.22150233956494048,0.943391277456336,0.0103,False
oil_spill,logreg,none,0.0,10,0.1595744680851064,0.11648936170212768,0.251063829787234,-0.09148936170212767,-0.1362315103564325,-0.046747213047822825,0.7211,True
oil_spill,logreg,none,0.5,10,0.21781914893617021,0.11648936170212768,0.251063829787234,-0.033244680851063836,-0.06919429408843963,0.0027049323863119687,0.5715999999999999,True
oil_spill,logreg,none,1.0,10,0.276063829787234,0.11648936170212768,0.251063829787234,0.025000000000000005,-0.03979225545063206,0.08979225545063207,0.3708,False
oil_spill,logreg,none,2.0,10,0.39255319148936174,0.11648936170212768,0.251063829787234,0.1414893617021277,-0.002922550069568819,0.2859012734738242,0.16950000000000004,False
oil_spill,logreg,sigmoid,0.0,10,0.149468085106383,0.12606382978723402,0.22021276595744682,-0.07074468085106383,-0.11546658082868969,-0.026022780873437977,0.7546000000000002,True
oil_spill,logreg,sigmoid,0.5,10,0.2125,0.12606382978723402,0.22021276595744682,-0.007712765957446808,-0.0684610620454168,0.05303553013052319,0.5893,True
oil_spill,logreg,sigmoid,1.0,10,0.27553191489361706,0.12606382978723402,0.22021276595744682,0.0553191489361702,-0.03810044301301201,0.1487387408853524,0.42010000000000003,False
oil_spill,logreg,sigmoid,2.0,10,0.40159574468085113,0.12606382978723402,0.22021276595744682,0.18138297872340425,0.011557709249738396,0.3512082481970701,0.2082,False
oil_spill,rf,isotonic,0.0,10,0.06968085106382978,0.5547872340425531,0.2430851063829787,-0.17340425531914896,-0.24590481650084867,-0.10090369413744925,0.8686,True
oil_spill,rf,isotonic,0.5,10,0.3470744680851064,0.5547872340425531,0.2430851063829787,0.10398936170212766,0.0026462258812485623,0.20533249752300675,0.26589999999999997,False
oil_spill,rf,isotonic,1.0,10,0.6244680851063831,0.5547872340425531,0.2430851063829787,0.38138297872340426,0.1873942983363675,0.575371659110441,0.0318,False
oil_spill,rf,isotonic,2.0,10,1.1792553191489363,0.5547872340425531,0.2430851063829787,0.9361702127659575,0.536926936804127,1.335413488727788,0.0002,False
oil_spill,rf,none,0.0,10,0.14574468085106382,0.18510638297872342,0.2021276595744681,-0.05638297872340427,-0.09505594095993952,-0.017710016486869005,0.7868999999999999,True
oil_spill,rf,none,0.5,10,0.23829787234042552,0.18510638297872342,0.2021276595744681,0.03617021276595746,-0.010221777271123549,0.08256220280303847,0.48119999999999996,False
oil_spill,rf,none,1.0,10,0.3308510638297872,0.18510638297872342,0.2021276595744681,0.12872340425531914,0.01997978101795872,0.23746702749267956,0.1464,False
oil_spill,rf,none,2.0,10,0.5159574468085106,0.18510638297872342,0.2021276595744681,0.3138297872340426,0.0725413422633511,0.5551182322047341,0.023700000000000002,False
oil_spill,rf,sigmoid,0.0,10,0.13882978723404255,0.2271276595744681,0.22180851063829787,-0.08297872340425531,-0.14359442322895558,-0.02236302357955506,0.8002,True
oil_spill,rf,sigmoid,0.5,10,0.2523936170212766,0.2271276595744681,0.22180851063829787,0.030585106382978716,-0.01593069680453778,0.07710090957049522,0.3152,False
oil_spill,rf,sigmoid,1.0,10,0.3659574468085106,0.2271276595744681,0.22180851063829787,0.1441489361702128,0.0416524123388398,0.24664546000158577,0.1259,False
oil_spill,rf,sigmoid,2.0,10,0.5930851063829787,0.2271276595744681,0.22180851063829787,0.37127659574468086,0.13306187325388344,0.6094913182354783,0.0625,False
ozone_level_8hr,ada,isotonic,0.0,10,0.06883629191321498,0.647337278106509,0.33254437869822484,-0.26370808678500984,-0.30831036875253415,-0.21910580481748554,1.0,True
ozone_level_8hr,ada,isotonic,0.5,10,0.3925049309664695,0.647337278106509,0.33254437869822484,0.05996055226824458,-0.022795320326399762,0.14271642486288894,0.4354,False
ozone_level_8hr,ada,isotonic,1.0,10,0.7161735700197239,0.647337278106509,0.33254437869822484,0.38362919132149903,0.21474322541074697,0.5525151572322511,0.0256,False
ozone_level_8hr,ada,isotonic,2.0,10,1.3635108481262328,0.647337278106509,0.33254437869822484,1.0309664694280078,0.6812313811560848,1.3807015576999309,0.0,False
ozone_level_8hr,ada,none,0.0,10,0.1416173570019724,0.30769230769230776,0.3031558185404339,-0.16153846153846158,-0.19617566155498428,-0.12690126152193887,0.9997,True
ozone_level_8hr,ada,none,0.5,10,0.2954635108481262,0.30769230769230776,0.3031558185404339,-0.0076923076923076945,-0.05953352120727919,0.04414890582266381,0.6059,True
ozone_level_8hr,ada,none,1.0,10,0.44930966469428013,0.30769230769230776,0.3031558185404339,0.14615384615384616,0.048119222037695294,0.24418847026999702,0.1041,False
ozone_level_8hr,ada,none,2.0,10,0.7570019723865877,0.30769230769230776,0.3031558185404339,0.45384615384615384,0.2544374261563037,0.653254881536004,0.0075,False
ozone_level_8hr,ada,sigmoid,0.0,10,0.11439842209072978,0.31341222879684416,0.32287968441814596,-0.2084812623274162,-0.2485285129972622,-0.16843401165757022,1.0,True
ozone_level_8hr,ada,sigmoid,0.5,10,0.27110453648915184,0.31341222879684416,0.32287968441814596,-0.051775147928994084,-0.10211842405999474,-0.0014318717979934295,0.7788999999999999,True
ozone_level_8hr,ada,sigmoid,1.0,10,0.4278106508875739,0.31341222879684416,0.32287968441814596,0.10493096646942801,0.022812427639096924,0.1870495052997591,0.1824,False
ozone_level_8hr,ada,sigmoid,2.0,10,0.7412228796844181,0.31341222879684416,0.32287968441814596,0.41834319526627217,0.26024034973971444,0.5764460407928299,0.0,False
ozone_level_8hr,et,isotonic,0.0,10,0.0767258382642998,0.5585798816568047,0.27593688362919133,-0.1992110453648915,-0.2202199952745235,-0.17820209545525953,0.9998000000000001,True
ozone_level_8hr,et,isotonic,0.5,10,0.3560157790927022,0.5585798816568047,0.27593688362919133,0.08007889546351085,-0.004591181281198564,0.16474897220822027,0.3518,False
ozone_level_8hr,et,isotonic,1.0,10,0.6353057199211045,0.5585798816568047,0.27593688362919133,0.3593688362919132,0.1924096582476944,0.526328014336132,0.06670000000000001,False
ozone_level_8hr,et,isotonic,2.0,10,1.1938856015779094,0.5585798816568047,0.27593688362919133,0.9179487179487179,0.5844458610486858,1.25145157484875,0.00030000000000000003,False
ozone_level_8hr,et,none,0.0,10,0.12859960552268246,0.2522682445759369,0.26370808678500984,-0.13510848126232738,-0.15375797468992447,-0.1164589878347303,1.0,True
ozone_level_8hr,et,none,0.5,10,0.2547337278106509,0.2522682445759369,0.26370808678500984,-0.008974358974358974,-0.06211861767396243,0.04416989972524449,0.6404,True
ozone_level_8hr,et,none,1.0,10,0.38086785009861934,0.2522682445759369,0.26370808678500984,0.11715976331360947,0.01817819395273454,0.2161413326744844,0.2017,False
ozone_level_8hr,et,none,2.0,10,0.6331360946745562,0.2522682445759369,0.26370808678500984,0.36942800788954633,0.17646941286894324,0.5623866029101494,0.0317,False
ozone_level_8hr,et,sigmoid,0.0,10,0.13372781065088757,0.2560157790927022,0.2650887573964497,-0.13136094674556215,-0.16197605143771765,-0.10074584205340664,0.9808,True
ozone_level_8hr,et,sigmoid,0.5,10,0.26173570019723863,0.2560157790927022,0.2650887573964497,-0.0033530571992110444,-0.05896006462440804,0.05225395022598595,0.5297,True
ozone_level_8hr,et,sigmoid,1.0,10,0.3897435897435897,0.2560157790927022,0.2650887573964497,0.12465483234714006,0.024162169286374865,0.22514749540790524,0.2097,False
ozone_level_8hr,et,sigmoid,2.0,10,0.6457593688362919,0.2560157790927022,0.2650887573964497,0.38067061143984227,0.18403035187452713,0.5773108710051574,0.0516,False
ozone_level_8hr,gb,isotonic,0.0,10,0.08500986193293886,0.6331360946745562,0.3280078895463511,-0.24299802761341222,-0.29438431834011763,-0.19161173688670677,1.0,True
ozone_level_8hr,gb,isotonic,0.5,10,0.40157790927021697,0.6331360946745562,0.3280078895463511,0.07357001972386587,-0.0098376295549093,0.15697766900264104,0.37160000000000004,False
ozone_level_8hr,gb,isotonic,1.0,10,0.718145956607495,0.6331360946745562,0.3280078895463511,0.39013806706114396,0.2160363616066727,0.5642397725156152,0.0155,False
ozone_level_8hr,gb,isotonic,2.0,10,1.3512820512820514,0.6331360946745562,0.3280078895463511,1.0232741617357,0.6570291781370274,1.3895191453343725,0.0,False
ozone_level_8hr,gb,none,0.0,10,0.11755424063116371,0.33412228796844184,0.3,-0.18244575936883628,-0.2268285872381555,-0.13806293149951707,0.9994,True
ozone_level_8hr,gb,none,0.5,10,0.2846153846153846,0.33412228796844184,0.3,-0.015384615384615385,-0.061689339150770454,0.030920108381539683,0.6025,True
ozone_level_8hr,gb,none,1.0,10,0.4516765285996055,0.33412228796844184,0.3,0.1516765285996055,0.07212237582789519,0.23123068137131583,0.101,False
ozone_level_8hr,gb,none,2.0,10,0.7857988165680473,0.33412228796844184,0.3,0.48579881656804724,0.3223067188265931,0.6492909143095014,0.0001,False
ozone_level_8hr,gb,sigmoid,0.0,10,0.11873767258382643,0.3875739644970414,0.31203155818540435,-0.1932938856015779,-0.23648881043238543,-0.15009896077077037,1.0,True
ozone_level_8hr,gb,sigmoid,0.5,10,0.3125246548323471,0.3875739644970414,0.31203155818540435,0.0004930966469428004,-0.03484586823038772,0.035832061524273325,0.567,False
ozone_level_8hr,gb,sigmoid,1.0,10,0.5063116370808679,0.3875739644970414,0.31203155818540435,0.1942800788954635,0.09567998557097017,0.2928801722199568,0.0615,False
ozone_level_8hr,gb,sigmoid,2.0,10,0.8938856015779093,0.3875739644970414,0.31203155818540435,0.5818540433925049,0.3496073308082349,0.8141007559767749,0.0,False
ozone_level_8hr,gnb,isotonic,0.0,10,0.027218934911242602,0.9216962524654833,0.429388560157791,-0.40216962524654837,-0.4562073193813748,-0.3481319311117219,1.0,True
ozone_level_8hr,gnb,isotonic,0.5,10,0.48806706114398424,0.9216962524654833,0.429388560157791,0.058678500986193295,-0.0015282263963004514,0.11888522836868703,0.2481,False
ozone_level_8hr,gnb,isotonic,1.0,10,0.9489151873767259,0.9216962524654833,0.429388560157791,0.5195266272189349,0.4238845383001796,0.6151687161376903,0.0107,False
ozone_level_8hr,gnb,isotonic,2.0,10,1.8706114398422091,0.9216962524654833,0.429388560157791,1.4412228796844182,1.2550888633902264,1.62735689597861,0.0,False
ozone_level_8hr,gnb,none,0.0,10,0.10374753451676529,0.7258382642998027,0.3976331360946746,-0.29388560157790933,-0.33113112593043764,-0.256640077225381,1.0,True
ozone_level_8hr,gnb,none,0.5,10,0.4666666666666667,0.7258382642998027,0.3976331360946746,0.0690335305719921,0.0050911912561451,0.1329758698878391,0.2788,False
ozone_level_8hr,gnb,none,1.0,10,0.8295857988165679,0.7258382642998027,0.3976331360946746,0.4319526627218936,0.2881729606611164,0.5757323647826708,0.0125,False
ozone_level_8hr,gnb,none,2.0,10,1.5554240631163707,0.7258382642998027,0.3976331360946746,1.1577909270216964,0.848779080090974,1.4668027739524188,0.0,False
ozone_level_8hr,gnb,sigmoid,0.0,10,0.052662721893491124,0.8364891518737674,0.40157790927021697,-0.3489151873767258,-0.401063793643569,-0.2967665811098826,1.0,True
ozone_level_8hr,gnb,sigmoid,0.5,10,0.4709072978303747,0.8364891518737674,0.40157790927021697,0.06932938856015779,0.004264594280907377,0.13439418283940818,0.2591,False
ozone_level_8hr,gnb,sigmoid,1.0,10,0.8891518737672583,0.8364891518737674,0.40157790927021697,0.48757396449704143,0.3666684373300765,0.6084794916640064,0.0021999999999999997,False
ozone_level_8hr,gnb,sigmoid,2.0,10,1.7256410256410255,0.8364891518737674,0.40157790927021697,1.3240631163708088,1.0750653437561857,1.5730608889854318,0.0,False
ozone_level_8hr,hgb,isotonic,0.0,10,0.08106508875739644,0.6597633136094674,0.31913214990138067,-0.2380670611439842,-0.302333329751725,-0.17380079253624342,0.9992000000000001,True
ozone_level_8hr,hgb,isotonic,0.5,10,0.4109467455621301,0.6597633136094674,0.31913214990138067,0.09181459566074951,-0.004374854517382273,0.1880040458388813,0.37060000000000004,False
ozone_level_8hr,hgb,isotonic,1.0,10,0.7408284023668639,0.6597633136094674,0.31913214990138067,0.4216962524654833,0.23881594602146403,0.6045765589095026,0.013000000000000001,False
ozone_level_8hr,hgb,isotonic,2.0,10,1.4005917159763315,0.6597633136094674,0.31913214990138067,1.0814595660749506,0.7085756482827417,1.4543434838671596,0.0,False
ozone_level_8hr,hgb,none,0.0,10,0.12623274161735698,0.2838264299802762,0.30788954635108484,-0.1816568047337278,-0.24356840681550868,-0.11974520265194695,0.9859,True
ozone_level_8hr,hgb,none,0.5,10,0.2681459566074951,0.2838264299802762,0.30788954635108484,-0.03974358974358974,-0.08596562375303465,0.006478444265855178,0.6508,True
ozone_level_8hr,hgb,none,1.0,10,0.4100591715976331,0.2838264299802762,0.30788954635108484,0.10216962524654834,0.040536654106767336,0.16380259638632932,0.20129999999999998,False
ozone_level_8hr,hgb,none,2.0,10,0.6938856015779092,0.2838264299802762,0.30788954635108484,0.38599605522682445,0.25485084264802493,0.517141267805624,0.0388,False
ozone_level_8hr,hgb,sigmoid,0.0,10,0.1329388560157791,0.27988165680473376,0.31992110453648914,-0.18698224852071008,-0.2547835671120708,-0.11918092992934938,0.9563,True
ozone_level_8hr,hgb,sigmoid,0.5,10,0.2728796844181459,0.27988165680473376,0.31992110453648914,-0.04704142011834319,-0.10425485024319814,0.010172010006511752,0.6429,True
ozone_level_8hr,hgb,sigmoid,1.0,10,0.4128205128205128,0.27988165680473376,0.31992110453648914,0.09289940828402367,0.017686364374635097,0.16811245219341225,0.2569,False
ozone_level_8hr,hgb,sigmoid,2.0,10,0.6927021696252467,0.27988165680473376,0.31992110453648914,0.3727810650887574,0.22599531796165384,0.519566812215861,0.0208,False
ozone_level_8hr,logreg,isotonic,0.0,10,0.047534516765286,0.7272189349112427,0.28974358974358977,-0.24220907297830374,-0.2899432275176202,-0.1944749184389873,1.0,True
ozone_level_8hr,logreg,isotonic,0.5,10,0.4111439842209073,0.7272189349112427,0.28974358974358977,0.12140039447731757,0.040532855802569906,0.20226793315206523,0.22050000000000006,False
ozone_level_8hr,logreg,isotonic,1.0,10,0.7747534516765286,0.7272189349112427,0.28974358974358977,0.4850098619329389,0.324527090389795,0.6454926334760828,0.003,False
ozone_level_8hr,logreg,isotonic,2.0,10,1.5019723865877712,0.7272189349112427,0.28974358974358977,1.2122287968441816,0.8820053909334724,1.5424522027548908,0.0,False
ozone_level_8hr,logreg,none,0.0,10,0.11834319526627217,0.2641025641025641,0.2952662721893491,-0.17692307692307693,-0.20399066326996124,-0.14985549057619263,0.9993000000000001,True
ozone_level_8hr,logreg,none,0.5,10,0.25039447731755426,0.2641025641025641,0.2952662721893491,-0.044871794871794865,-0.07944835583256091,-0.01029523391102883,0.7712,True
ozone_level_8hr,logreg,none,1.0,10,0.3824457593688363,0.2641025641025641,0.2952662721893491,0.08717948717948718,0.014090879670945675,0.16026809468802866,0.1794,False
ozone_level_8hr,logreg,none,2.0,10,0.6465483234714003,0.2641025641025641,0.2952662721893491,0.35128205128205126,0.19416642050594,0.5083976820581625,0.0001,False
ozone_level_8hr,logreg,sigmoid,0.0,10,0.12011834319526629,0.28382642998027613,0.30611439842209076,-0.1859960552268245,-0.21814488270774934,-0.15384722774589965,1.0,True
ozone_level_8hr,logreg,sigmoid,0.5,10,0.2620315581854043,0.28382642998027613,0.30611439842209076,-0.04408284023668639,-0.0867430241229456,-0.0014226563504271816,0.7062999999999999,True
ozone_level_8hr,logreg,sigmoid,1.0,10,0.40394477317554245,0.28382642998027613,0.30611439842209076,0.09783037475345167,0.026351235559817013,0.16930951394708632,0.17889999999999998,False
ozone_level_8hr,logreg,sigmoid,2.0,10,0.6877712031558185,0.28382642998027613,0.30611439842209076,0.3816568047337279,0.24310315068340263,0.5202104587840531,0.0001,False
ozone_level_8hr,rf,isotonic,0.0,10,0.06804733727810651,0.6609467455621302,0.26706114398422093,-0.1990138067061144,-0.23706843730962238,-0.16095917610260643,0.9997,True
ozone_level_8hr,rf,isotonic,0.5,10,0.3985207100591716,0.6609467455621302,0.26706114398422093,0.13145956607495068,0.02808355360628631,0.23483557854361506,0.2408,False
ozone_level_8hr,rf,isotonic,1.0,10,0.7289940828402367,0.6609467455621302,0.26706114398422093,0.4619329388560158,0.27692485005150985,0.6469410276605216,0.06,False
ozone_level_8hr,rf,isotonic,2.0,10,1.3899408284023669,0.6609467455621302,0.26706114398422093,1.122879684418146,0.7704316419518664,1.4753277268844254,0.0,False
ozone_level_8hr,rf,none,0.0,10,0.12307692307692308,0.2739644970414201,0.2682445759368836,-0.14516765285996056,-0.1709607807140205,-0.11937452500590061,1.0,True
ozone_level_8hr,rf,none,0.5,10,0.26005917159763314,0.2739644970414201,0.2682445759368836,-0.008185404339250493,-0.06324989103589472,0.04687908235739373,0.6032,True
ozone_level_8hr,rf,none,1.0,10,0.3970414201183432,0.2739644970414201,0.2682445759368836,0.12879684418145956,0.033266198679509446,0.22432748968340968,0.1794,False
ozone_level_8hr,rf,none,2.0,10,0.6710059171597632,0.2739644970414201,0.2682445759368836,0.40276134122287965,0.2224957034760146,0.5830269789697446,0.003,False
ozone_level_8hr,rf,sigmoid,0.0,10,0.12465483234714003,0.2830374753451676,0.27357001972386585,-0.14891518737672582,-0.1884499696975926,-0.10938040505585904,0.9992000000000001,True
ozone_level_8hr,rf,sigmoid,0.5,10,0.26617357001972386,0.2830374753451676,0.27357001972386585,-0.00739644970414201,-0.06324336895111171,0.04845046954282769,0.49530000000000013,True
ozone_level_8hr,rf,sigmoid,1.0,10,0.4076923076923077,0.2830374753451676,0.27357001972386585,0.13412228796844183,0.03923881039836154,0.22900576553852214,0.17109999999999997,False
ozone_level_8hr,rf,sigmoid,2.0,10,0.6907297830374752,0.2830374753451676,0.27357001972386585,0.4171597633136095,0.23343383749145963,0.6008856891357593,0.0103,False
pc1,ada,isotonic,0.0,10,0.09864864864864865,0.5945945945945946,0.495945945945946,-0.39729729729729735,-0.4550390078033015,-0.3395555867912932,1.0,True
pc1,ada,isotonic,0.5,10,0.3959459459459459,0.5945945945945946,0.495945945945946,-0.1,-0.1698110481751433,-0.030188951824856716,0.7709,True
pc1,ada,isotonic,1.0,10,0.6932432432432434,0.5945945945945946,0.495945945945946,0.19729729729729734,0.08921634041316932,0.30537825418142533,0.10390000000000002,False
pc1,ada,isotonic,2.0,10,1.287837837837838,0.5945945945945946,0.495945945945946,0.7918918918918919,0.5891540925945913,0.9946296911891925,0.0001,False
pc1,ada,none,0.0,10,0.1900900900900901,0.3234234234234234,0.4891891891891892,-0.2990990990990991,-0.4122490362517419,-0.1859491619464563,0.9999,True
pc1,ada,none,0.5,10,0.35180180180180176,0.3234234234234234,0.4891891891891892,-0.1373873873873874,-0.2118996574151553,-0.06287511735961951,0.9323,True
pc1,ada,none,1.0,10,0.5135135135135135,0.3234234234234234,0.4891891891891892,0.024324324324324326,-0.05620913589434108,0.10485778454298973,0.30920000000000003,False
pc1,ada,none,2.0,10,0.8369369369369369,0.3234234234234234,0.4891891891891892,0.34774774774774775,0.1663478385852532,0.5291476569102422,0.0034000000000000002,False
pc1,ada,sigmoid,0.0,10,0.20135135135135135,0.3463963963963964,0.44279279279279277,-0.24144144144144142,-0.32194263191022965,-0.16094025097265321,0.9725999999999999,True
pc1,ada,sigmoid,0.5,10,0.37454954954954955,0.3463963963963964,0.44279279279279277,-0.06824324324324324,-0.1196608024621196,-0.016825684024366884,0.7638,True
pc1,ada,sigmoid,1.0,10,0.5477477477477478,0.3463963963963964,0.44279279279279277,0.10495495495495497,0.026614609805430553,0.18329530010447936,0.1291,False
pc1,ada,sigmoid,2.0,10,0.8941441441441441,0.3463963963963964,0.44279279279279277,0.4513513513513513,0.26396282475128763,0.638739877951415,0.0016,False
pc1,et,isotonic,0.0,10,0.07972972972972972,0.6351351351351352,0.3968468468468468,-0.3171171171171171,-0.3826489962595673,-0.2515852379746669,0.999,True
pc1,et,isotonic,0.5,10,0.3972972972972973,0.6351351351351352,0.3968468468468468,0.00045045045045045,-0.09138587477738122,0.09228677567828211,0.48980000000000007,False
pc1,et,isotonic,1.0,10,0.7148648648648648,0.6351351351351352,0.3968468468468468,0.318018018018018,0.16184116284102368,0.4741948731950123,0.0649,False
pc1,et,isotonic,2.0,10,1.35,0.6351351351351352,0.3968468468468468,0.9531531531531531,0.6502352483359227,1.2560710579703835,0.0001,False
pc1,et,none,0.0,10,0.13288288288288289,0.32927927927927925,0.3364864864864865,-0.2036036036036036,-0.256212361535538,-0.1509948456716692,0.9969000000000001,True
pc1,et,none,0.5,10,0.29752252252252254,0.32927927927927925,0.3364864864864865,-0.03896396396396397,-0.09262750167612274,0.014699573748194812,0.717,True
pc1,et,none,1.0,10,0.4621621621621622,0.32927927927927925,0.3364864864864865,0.12567567567567567,0.028029822232343737,0.2233215291190076,0.1629,False
pc1,et,none,2.0,10,0.7914414414414414,0.32927927927927925,0.3364864864864865,0.45495495495495486,0.24886488201788143,0.6610450278920283,0.00030000000000000003,False
pc1,et,sigmoid,0.0,10,0.12702702702702703,0.42837837837837833,0.3806306306306306,-0.2536036036036036,-0.31306343343227994,-0.1941437737749273,0.999,True
pc1,et,sigmoid,0.5,10,0.34121621621621623,0.42837837837837833,0.3806306306306306,-0.039414414414414414,-0.10983089720513738,0.031002068376308548,0.6085,True
pc1,et,sigmoid,1.0,10,0.5554054054054054,0.42837837837837833,0.3806306306306306,0.17477477477477477,0.04842137793636639,0.30112817161318317,0.195,False
pc1,et,sigmoid,2.0,10,0.9837837837837837,0.42837837837837833,0.3806306306306306,0.6031531531531531,0.3448323234539942,0.8614739828523119,0.0111,False
pc1,gb,isotonic,0.0,10,0.1009009009009009,0.5738738738738739,0.4941441441441441,-0.3932432432432432,-0.4230251860487491,-0.36346130043773733,0.9999,True
pc1,gb,isotonic,0.5,10,0.3878378378378379,0.5738738738738739,0.4941441441441441,-0.1063063063063063,-0.17529870637024014,-0.03731390624237246,0.7724,True
pc1,gb,isotonic,1.0,10,0.6747747747747748,0.5738738738738739,0.4941441441441441,0.18063063063063062,0.0416722940934979,0.3195889671677633,0.13489999999999996,False
pc1,gb,isotonic,2.0,10,1.2486486486486488,0.5738738738738739,0.4941441441441441,0.7545045045045045,0.4708889231656818,1.038120085843327,0.0002,False
pc1,gb,none,0.0,10,0.19009009009009006,0.2716216216216217,0.38963963963963966,-0.19954954954954957,-0.2502169085823771,-0.14888219051672202,0.999,True
pc1,gb,none,0.5,10,0.32590090090090096,0.2716216216216217,0.38963963963963966,-0.06373873873873874,-0.08243337696758704,-0.04504410050989044,0.8953,True
pc1,gb,none,1.0,10,0.4617117117117118,0.2716216216216217,0.38963963963963966,0.07207207207207206,0.03367822594077014,0.11046591820337398,0.16499999999999998,False
pc1,gb,none,2.0,10,0.7333333333333333,0.2716216216216217,0.38963963963963966,0.3436936936936937,0.2264326500749848,0.46095473731240255,0.0002,False
pc1,gb,sigmoid,0.0,10,0.18963963963963965,0.3342342342342342,0.4261261261261261,-0.23648648648648649,-0.28748098793435495,-0.18549198503861805,0.998,True
pc1,gb,sigmoid,0.5,10,0.3567567567567568,0.3342342342342342,0.4261261261261261,-0.06936936936936937,-0.13200222024767666,-0.006736518491062077,0.6786000000000001,True
pc1,gb,sigmoid,1.0,10,0.523873873873874,0.3342342342342342,0.4261261261261261,0.09774774774774773,-0.01012666783902072,0.2056221633345162,0.2612,False
pc1,gb,sigmoid,2.0,10,0.8581081081081081,0.3342342342342342,0.4261261261261261,0.431981981981982,0.21694788540723708,0.6470160785567269,0.0335,False
pc1,gnb,isotonic,0.0,10,0.06486486486486487,0.8387387387387386,0.5536036036036036,-0.48873873873873874,-0.550516011148107,-0.42696146632937043,1.0,True
pc1,gnb,isotonic,0.5,10,0.48423423423423423,0.8387387387387386,0.5536036036036036,-0.06936936936936938,-0.11588183543589481,-0.02285690330284395,0.6418999999999999,True
pc1,gnb,isotonic,1.0,10,0.9036036036036036,0.8387387387387386,0.5536036036036036,0.35,0.29285762629629286,0.4071423737037071,0.022000000000000002,False
pc1,gnb,isotonic,2.0,10,1.7423423423423423,0.8387387387387386,0.5536036036036036,1.1887387387387387,1.0715486222729242,1.3059288552045532,0.0,False
pc1,gnb,none,0.0,10,0.1472972972972973,0.6527027027027028,0.5454954954954955,-0.39819819819819824,-0.46989012458384827,-0.3265062718125482,0.9982,True
pc1,gnb,none,0.5,10,0.4736486486486487,0.6527027027027028,0.5454954954954955,-0.07184684684684685,-0.10429571224770084,-0.03939798144599285,0.6711,True
pc1,gnb,none,1.0,10,0.7999999999999999,0.6527027027027028,0.5454954954954955,0.2545045045045045,0.17880448339553387,0.33020452561347513,0.0814,False
pc1,gnb,none,2.0,10,1.4527027027027026,0.6527027027027028,0.5454954954954955,0.9072072072072073,0.7037895944603606,1.110624819954054,0.0008,False
pc1,gnb,sigmoid,0.0,10,0.1297297297297297,0.7211711711711712,0.5738738738738738,-0.44414414414414416,-0.5260426031762044,-0.3622456851120839,0.9994,True
pc1,gnb,sigmoid,0.5,10,0.4903153153153153,0.7211711711711712,0.5738738738738738,-0.08355855855855857,-0.16073004787350836,-0.006387069243608767,0.6496,True
pc1,gnb,sigmoid,1.0,10,0.850900900900901,0.7211711711711712,0.5738738738738738,0.27702702702702703,0.15302990570194258,0.4010241483521115,0.14789999999999998,False
pc1,gnb,sigmoid,2.0,10,1.5720720720720722,0.7211711711711712,0.5738738738738738,0.9981981981981983,0.7437767383088542,1.2526196580875424,0.0111,False
pc1,hgb,isotonic,0.0,10,0.0918918918918919,0.6945945945945946,0.4216216216216216,-0.32972972972972975,-0.42447969622442216,-0.23497976323503733,0.9981,True
pc1,hgb,isotonic,0.5,10,0.4391891891891892,0.6945945945945946,0.4216216216216216,0.01756756756756756,-0.04298772968301314,0.07812286481814826,0.5012,False
pc1,hgb,isotonic,1.0,10,0.7864864864864864,0.6945945945945946,0.4216216216216216,0.36486486486486486,0.23038171026167606,0.4993480194680536,0.0056,False
pc1,hgb,isotonic,2.0,10,1.481081081081081,0.6945945945945946,0.4216216216216216,1.0594594594594595,0.7337119660177792,1.38520695290114,0.0,False
pc1,hgb,none,0.0,10,0.1382882882882883,0.4373873873873874,0.3531531531531532,-0.21486486486486486,-0.2892118983719337,-0.14051783135779605,0.9934,True
pc1,hgb,none,0.5,10,0.356981981981982,0.4373873873873874,0.3531531531531532,0.0038288288288288288,-0.08170670793086825,0.08936436558852591,0.4997000000000001,False
pc1,hgb,none,1.0,10,0.5756756756756756,0.4373873873873874,0.3531531531531532,0.22252252252252253,0.08126003504035717,0.3637850100046879,0.22689999999999996,False
pc1,hgb,none,2.0,10,1.0130630630630628,0.4373873873873874,0.3531531531531532,0.6599099099099099,0.38101501572638197,0.9388048040934379,0.0216,False
pc1,hgb,sigmoid,0.0,10,0.20090090090090093,0.43468468468468463,0.42342342342342343,-0.22252252252252253,-0.30449497442105755,-0.1405500706239875,0.9926,True
pc1,hgb,sigmoid,0.5,10,0.41824324324324325,0.43468468468468463,0.42342342342342343,-0.005180180180180181,-0.07136058090452324,0.061000220544162875,0.5445,True
pc1,hgb,sigmoid,1.0,10,0.6355855855855855,0.43468468468468463,0.42342342342342343,0.21216216216216216,0.0920161786101933,0.33230814571413103,0.14340000000000003,False
pc1,hgb,sigmoid,2.0,10,1.0702702702702702,0.43468468468468463,0.42342342342342343,0.6468468468468469,0.37902222275018965,0.9146714709435042,0.0522,False
pc1,logreg,isotonic,0.0,10,0.060810810810810814,0.6833333333333333,0.4981981981981981,-0.43738738738738736,-0.5203809873293408,-0.35439378744543387,0.9996,True
pc1,logreg,isotonic,0.5,10,0.4024774774774774,0.6833333333333333,0.4981981981981981,-0.09572072072072071,-0.17111478926645038,-0.02032665217499105,0.7221,True
pc1,logreg,isotonic,1.0,10,0.7441441441441441,0.6833333333333333,0.4981981981981981,0.24594594594594596,0.10102161788932026,0.3908702740025717,0.11710000000000001,False
pc1,logreg,isotonic,2.0,10,1.4274774774774772,0.6833333333333333,0.4981981981981981,0.9292792792792793,0.6111471471471472,1.2474114114114114,0.0032,False
pc1,logreg,none,0.0,10,0.16801801801801802,0.3423423423423424,0.4608108108108109,-0.2927927927927928,-0.36793875332196774,-0.21764683226361786,0.991,True
pc1,logreg,none,0.5,10,0.3391891891891892,0.3423423423423424,0.4608108108108109,-0.12162162162162163,-0.17867981348642314,-0.06456342975682011,0.8911,True
pc1,logreg,none,1.0,10,0.5103603603603604,0.3423423423423424,0.4608108108108109,0.04954954954954956,-0.04067937250703166,0.13977847160613077,0.2678,False
pc1,logreg,none,2.0,10,0.8527027027027027,0.3423423423423424,0.4608108108108109,0.3918918918918919,0.19253492980260695,0.5912488539811769,0.0094,False
pc1,logreg,sigmoid,0.0,10,0.1445945945945946,0.46621621621621623,0.4743243243243243,-0.32972972972972975,-0.40325384523836466,-0.25620561422109484,1.0,True
pc1,logreg,sigmoid,0.5,10,0.3777027027027027,0.46621621621621623,0.4743243243243243,-0.0966216216216216,-0.13597048563145842,-0.0572727576117848,0.8362999999999999,True
pc1,logreg,sigmoid,1.0,10,0.6108108108108108,0.46621621621621623,0.4743243243243243,0.13648648648648648,0.02960416299790601,0.24336880997506694,0.1701,False
pc1,logreg,sigmoid,2.0,10,1.077027027027027,0.46621621621621623,0.4743243243243243,0.6027027027027028,0.333679082291837,0.8717263231135686,0.0018000000000000002,False
pc1,rf,isotonic,0.0,10,0.06891891891891891,0.5797297297297297,0.42387387387387393,-0.354954954954955,-0.4232388418663945,-0.2866710680435155,1.0,True
pc1,rf,isotonic,0.5,10,0.35878378378378384,0.5797297297297297,0.42387387387387393,-0.06509009009009009,-0.13846459856660287,0.008284418386422687,0.6923,True
pc1,rf,isotonic,1.0,10,0.6486486486486488,0.5797297297297297,0.42387387387387393,0.22477477477477475,0.08419910490120863,0.3653504446483409,0.0339,False
pc1,rf,isotonic,2.0,10,1.2283783783783782,0.5797297297297297,0.42387387387387393,0.8045045045045045,0.5053613390397809,1.1036476699692281,0.0,False
pc1,rf,none,0.0,10,0.1563063063063063,0.32657657657657657,0.4171171171171172,-0.2608108108108108,-0.31872700077384797,-0.20289462084777363,0.9991,True
pc1,rf,none,0.5,10,0.31959459459459455,0.32657657657657657,0.4171171171171172,-0.09752252252252253,-0.14417559456233972,-0.050869450482705324,0.8215999999999999,True
pc1,rf,none,1.0,10,0.48288288288288284,0.32657657657657657,0.4171171171171172,0.06576576576576577,0.004538405423191928,0.12699312610833963,0.2406,False
pc1,rf,none,2.0,10,0.8094594594594595,0.32657657657657657,0.4171171171171172,0.39234234234234233,0.26928333186118686,0.5154013528234979,0.0016,False
pc1,rf,sigmoid,0.0,10,0.15045045045045044,0.3572072072072072,0.4117117117117117,-0.26126126126126126,-0.33006573158272584,-0.19245679093979667,0.9991,True
pc1,rf,sigmoid,0.5,10,0.3290540540540541,0.3572072072072072,0.4117117117117117,-0.08265765765765767,-0.1407949349854373,-0.02452038032987805,0.8188000000000001,True
pc1,rf,sigmoid,1.0,10,0.5076576576576576,0.3572072072072072,0.4117117117117117,0.09594594594594594,0.010803295478708064,0.1810885964131838,0.1655,False
pc1,rf,sigmoid,2.0,10,0.8648648648648647,0.3572072072072072,0.4117117117117117,0.4531531531531532,0.2780581878929491,0.6282481184133573,0.0036999999999999997,False
seismic_bumps,ada,isotonic,0.0,10,0.06653771760154739,0.8187620889748549,0.4481624758220503,-0.3816247582205029,-0.42717078747108833,-0.3360787289699175,1.0,True
seismic_bumps,ada,isotonic,0.5,10,0.4759187620889748,0.8187620889748549,0.4481624758220503,0.027756286266924564,-0.035044083080213985,0.09055665561406312,0.3802,False
seismic_bumps,ada,isotonic,1.0,10,0.8852998065764023,0.8187620889748549,0.4481624758220503,0.43713733075435207,0.32762177598278763,0.5466528855259165,0.0013,False
seismic_bumps,ada,isotonic,2.0,10,1.704061895551257,0.8187620889748549,0.4481624758220503,1.2558994197292068,1.0399499542472783,1.4718488852111353,0.0,False
seismic_bumps,ada,none,0.0,10,0.07408123791102514,0.7866537717601547,0.4203094777562863,-0.34622823984526113,-0.37322533836618865,-0.3192311413243336,1.0,True
seismic_bumps,ada,none,0.5,10,0.4674081237911025,0.7866537717601547,0.4203094777562863,0.04709864603481625,0.0205127559511192,0.07368453611851329,0.2752,False
seismic_bumps,ada,none,1.0,10,0.86073500967118,0.7866537717601547,0.4203094777562863,0.4404255319148936,0.38738004283448996,0.4934710209952972,0.0,False
seismic_bumps,ada,none,2.0,10,1.6473887814313346,0.7866537717601547,0.4203094777562863,1.2270793036750485,1.111256175397567,1.34290243195253,0.0,False
seismic_bumps,ada,sigmoid,0.0,10,0.09168278529980659,0.7421663442940039,0.4402321083172147,-0.3485493230174081,-0.38358735160203317,-0.313511294432783,1.0,True
seismic_bumps,ada,sigmoid,0.5,10,0.4627659574468085,0.7421663442940039,0.4402321083172147,0.02253384912959381,-0.0195798700548497,0.06464756831403731,0.38430000000000003,False
seismic_bumps,ada,sigmoid,1.0,10,0.8338491295938105,0.7421663442940039,0.4402321083172147,0.3936170212765958,0.3128226464243783,0.47441139612881333,0.0018,False
seismic_bumps,ada,sigmoid,2.0,10,1.5760154738878145,0.7421663442940039,0.4402321083172147,1.1357833655705996,0.9664881983640738,1.3050785327771253,0.0,False
seismic_bumps,et,isotonic,0.0,10,0.06054158607350098,0.8727272727272727,0.4502901353965184,-0.38974854932301745,-0.42388835774592154,-0.35560874090011335,1.0,True
seismic_bumps,et,isotonic,0.5,10,0.49690522243713725,0.8727272727272727,0.4502901353965184,0.04661508704061896,0.018891610339825022,0.0743385637414129,0.28040000000000004,False
seismic_bumps,et,isotonic,1.0,10,0.9332688588007738,0.8727272727272727,0.4502901353965184,0.4829787234042554,0.43265851146531953,0.5332989353431913,0.0,False
seismic_bumps,et,isotonic,2.0,10,1.8059961315280464,0.8727272727272727,0.4502901353965184,1.3557059961315279,1.2437212085400937,1.467690783722962,0.0,False
seismic_bumps,et,none,0.0,10,0.11663442940038685,0.6940038684719536,0.46054158607350093,-0.3439071566731141,-0.3787027869322154,-0.30911152641401285,1.0,True
seismic_bumps,et,none,0.5,10,0.4636363636363637,0.6940038684719536,0.46054158607350093,0.003094777562862669,-0.01973208139931595,0.02592163652504129,0.4805,False
seismic_bumps,et,none,1.0,10,0.8106382978723404,0.6940038684719536,0.46054158607350093,0.35009671179883944,0.2949408387209818,0.4052525848766971,0.0,False
seismic_bumps,et,none,2.0,10,1.504642166344294,0.6940038684719536,0.46054158607350093,1.044100580270793,0.9109964640886286,1.1772046964529574,0.0,False
seismic_bumps,et,sigmoid,0.0,10,0.12456479690522246,0.683752417794971,0.4541586073500968,-0.32959381044487424,-0.3691022000135669,-0.29008542087618155,1.0,True
seismic_bumps,et,sigmoid,0.5,10,0.4664410058027079,0.683752417794971,0.4541586073500968,0.012282398452611218,-0.014584324193466702,0.039149121098689135,0.45330000000000004,False
seismic_bumps,et,sigmoid,1.0,10,0.8083172147001934,0.683752417794971,0.4541586073500968,0.3541586073500967,0.2927930812563391,0.41552413344385425,0.0,False
seismic_bumps,et,sigmoid,2.0,10,1.4920696324951643,0.683752417794971,0.4541586073500968,1.0379110251450678,0.891273584463684,1.1845484658264518,0.0,False
seismic_bumps,gb,isotonic,0.0,10,0.07969052224371373,0.804642166344294,0.47988394584139266,-0.40019342359767895,-0.4297567317301111,-0.3706301154652468,1.0,True
seismic_bumps,gb,isotonic,0.5,10,0.4820116054158607,0.804642166344294,0.47988394584139266,0.0021276595744680856,-0.029433000052422702,0.033688319201358875,0.5071,False
seismic_bumps,gb,isotonic,1.0,10,0.8843326885880078,0.804642166344294,0.47988394584139266,0.4044487427466151,0.34941620348836033,0.4594812820048698,0.0,False
seismic_bumps,gb,isotonic,2.0,10,1.6889748549323016,0.804642166344294,0.47988394584139266,1.209090909090909,1.0958440639348879,1.3223377542469301,0.0,False
seismic_bumps,gb,none,0.0,10,0.11876208897485493,0.7410058027079305,0.48007736943907153,-0.3613152804642166,-0.3865564196214498,-0.33607414130698343,1.0,True
seismic_bumps,gb,none,0.5,10,0.4892649903288201,0.7410058027079305,0.48007736943907153,0.00918762088974855,-0.030246375866429195,0.04862161764592629,0.47450000000000003,False
seismic_bumps,gb,none,1.0,10,0.8597678916827853,0.7410058027079305,0.48007736943907153,0.3796905222437137,0.3107613463650152,0.4486196981224122,0.0002,False
seismic_bumps,gb,none,2.0,10,1.6007736943907154,0.7410058027079305,0.48007736943907153,1.120696324951644,0.9866127232680902,1.2547799266351976,0.0,False
seismic_bumps,gb,sigmoid,0.0,10,0.12920696324951647,0.7011605415860734,0.4669245647969052,-0.3377176015473888,-0.3785576286467143,-0.2968775744480633,1.0,True
seismic_bumps,gb,sigmoid,0.5,10,0.4797872340425532,0.7011605415860734,0.4669245647969052,0.012862669245647967,-0.014555634989817927,0.04028097348111386,0.4457,False
seismic_bumps,gb,sigmoid,1.0,10,0.8303675048355901,0.7011605415860734,0.4669245647969052,0.3634429400386847,0.2898993511431591,0.4369865289342103,0.00030000000000000003,False
seismic_bumps,gb,sigmoid,2.0,10,1.5315280464216634,0.7011605415860734,0.4669245647969052,1.0646034816247583,0.8872857639848202,1.2419211992646964,0.0,False
seismic_bumps,gnb,isotonic,0.0,10,0.07369439071566732,0.8557059961315281,0.44854932301740813,-0.37485493230174083,-0.4144465000696652,-0.33526336453381644,1.0,True
seismic_bumps,gnb,isotonic,0.5,10,0.5015473887814312,0.8557059961315281,0.44854932301740813,0.0529980657640232,0.008207223933568465,0.09778890759447795,0.2951,False
seismic_bumps,gnb,isotonic,1.0,10,0.9294003868471954,0.8557059961315281,0.44854932301740813,0.48085106382978726,0.4078222745635828,0.5538798530959917,0.0,False
seismic_bumps,gnb,isotonic,2.0,10,1.7851063829787233,0.8557059961315281,0.44854932301740813,1.3365570599613155,1.1928492140027662,1.4802649059198647,0.0,False
seismic_bumps,gnb,none,0.0,10,0.13597678916827854,0.6847195357833655,0.4705996131528047,-0.33462282398452614,-0.39012792535677615,-0.27911772261227613,1.0,True
seismic_bumps,gnb,none,0.5,10,0.47833655705996136,0.6847195357833655,0.4705996131528047,0.0077369439071566706,-0.031976249804314294,0.04745013761862764,0.47400000000000003,False
seismic_bumps,gnb,none,1.0,10,0.8206963249516441,0.6847195357833655,0.4705996131528047,0.35009671179883944,0.2821124254273626,0.4180809981703163,0.0,False
seismic_bumps,gnb,none,2.0,10,1.5054158607350097,0.6847195357833655,0.4705996131528047,1.0348162475822051,0.8787504731230158,1.1908820220413945,0.0,False
seismic_bumps,gnb,sigmoid,0.0,10,0.1404255319148936,0.6822050290135396,0.5191489361702127,-0.37872340425531914,-0.46190295424348116,-0.2955438542671571,1.0,True
seismic_bumps,gnb,sigmoid,0.5,10,0.48152804642166347,0.6822050290135396,0.5191489361702127,-0.037620889748549324,-0.10643775492651852,0.031195975429419875,0.5997,True
seismic_bumps,gnb,sigmoid,1.0,10,0.8226305609284333,0.6822050290135396,0.5191489361702127,0.3034816247582205,0.22409857739617278,0.3828646721202682,0.0009,False
seismic_bumps,gnb,sigmoid,2.0,10,1.5048355899419728,0.6822050290135396,0.5191489361702127,0.9856866537717602,0.8418797193206434,1.129493588222877,0.0,False
seismic_bumps,hgb,isotonic,0.0,10,0.07214700193423597,0.8382978723404255,0.5114119922630561,-0.4392649903288201,-0.46977466494051945,-0.40875531571712076,1.0,True
seismic_bumps,hgb,isotonic,0.5,10,0.4912959381044487,0.8382978723404255,0.5114119922630561,-0.020116054158607347,-0.052326546612342734,0.012094438295128043,0.5747000000000001,True
seismic_bumps,hgb,isotonic,1.0,10,0.9104448742746616,0.8382978723404255,0.5114119922630561,0.3990328820116054,0.3464864749212782,0.4515792891019326,0.0,False
seismic_bumps,hgb,isotonic,2.0,10,1.7487427466150869,0.8382978723404255,0.5114119922630561,1.237330754352031,1.1321682917978837,1.3424932169061785,0.0,False
seismic_bumps,hgb,none,0.0,10,0.11102514506769827,0.7181818181818181,0.5309477756286267,-0.4199226305609284,-0.4662832314922413,-0.37356202962961543,1.0,True
seismic_bumps,hgb,none,0.5,10,0.47011605415860735,0.7181818181818181,0.5309477756286267,-0.06083172147001935,-0.1020014676045194,-0.01966197533551929,0.6919,True
seismic_bumps,hgb,none,1.0,10,0.8292069632495165,0.7181818181818181,0.5309477756286267,0.29825918762088977,0.2454286328300334,0.3510897424117461,0.0067,False
seismic_bumps,hgb,none,2.0,10,1.5473887814313347,0.7181818181818181,0.5309477756286267,1.016441005802708,0.9182843091439371,1.114597702461479,0.0,False
seismic_bumps,hgb,sigmoid,0.0,10,0.1344294003868472,0.7382978723404257,0.5582205029013539,-0.4237911025145068,-0.45563260239984493,-0.39194960262916867,1.0,True
seismic_bumps,hgb,sigmoid,0.5,10,0.50357833655706,0.7382978723404257,0.5582205029013539,-0.054642166344293995,-0.09129847707690829,-0.017985855611679702,0.6877,True
seismic_bumps,hgb,sigmoid,1.0,10,0.8727272727272727,0.7382978723404257,0.5582205029013539,0.31450676982591874,0.2514198673178783,0.3775936723339592,0.0094,False
seismic_bumps,hgb,sigmoid,2.0,10,1.6110251450676984,0.7382978723404257,0.5582205029013539,1.0528046421663442,0.9256358330149246,1.1799734513177638,0.0,False
seismic_bumps,logreg,isotonic,0.0,10,0.06711798839458415,0.8725338491295938,0.4506769825918761,-0.38355899419729206,-0.4190239876765687,-0.34809400071801544,1.0,True
seismic_bumps,logreg,isotonic,0.5,10,0.5033849129593809,0.8725338491295938,0.4506769825918761,0.05270793036750483,0.01953698691201182,0.08587887382299784,0.2719,False
seismic_bumps,logreg,isotonic,1.0,10,0.9396518375241779,0.8725338491295938,0.4506769825918761,0.48897485493230175,0.4460060531237007,0.5319436567409028,0.0,False
seismic_bumps,logreg,isotonic,2.0,10,1.8121856866537716,0.8725338491295938,0.4506769825918761,1.3615087040618956,1.2837352320882442,1.439282176035547,0.0,False
seismic_bumps,logreg,none,0.0,10,0.13520309477756284,0.6963249516441007,0.44371373307543516,-0.3085106382978723,-0.3315172829791482,-0.2855039936165964,1.0,True
seismic_bumps,logreg,none,0.5,10,0.4833655705996131,0.6963249516441007,0.44371373307543516,0.039651837524177946,0.014941719439930102,0.0643619556084258,0.30199999999999994,False
seismic_bumps,logreg,none,1.0,10,0.8315280464216634,0.6963249516441007,0.44371373307543516,0.38781431334622823,0.3222886526030915,0.453339974089365,0.00030000000000000003,False
seismic_bumps,logreg,none,2.0,10,1.527852998065764,0.6963249516441007,0.44371373307543516,1.084139264990329,0.9342564077066504,1.2340221222740075,0.0,False
seismic_bumps,logreg,sigmoid,0.0,10,0.12475822050290135,0.7079303675048356,0.4477756286266925,-0.3230174081237911,-0.35538887553360676,-0.2906459407139754,1.0,True
seismic_bumps,logreg,sigmoid,0.5,10,0.4787234042553192,0.7079303675048356,0.4477756286266925,0.03094777562862669,-0.009930553783154328,0.0718261050404077,0.3838,False
seismic_bumps,logreg,sigmoid,1.0,10,0.832688588007737,0.7079303675048356,0.4477756286266925,0.3849129593810445,0.3146052963357774,0.45522062242631156,0.0002,False
seismic_bumps,logreg,sigmoid,2.0,10,1.5406189555125729,0.7079303675048356,0.4477756286266925,1.09284332688588,0.9534358734261367,1.2322507803456233,0.0,False
seismic_bumps,rf,isotonic,0.0,10,0.07562862669245649,0.8098646034816248,0.4545454545454546,-0.3789168278529981,-0.40011877556219155,-0.3577148801438046,1.0,True
seismic_bumps,rf,isotonic,0.5,10,0.48056092843326886,0.8098646034816248,0.4545454545454546,0.026015473887814312,-0.01896451026506761,0.07099545804069624,0.3674,False
seismic_bumps,rf,isotonic,1.0,10,0.8854932301740812,0.8098646034816248,0.4545454545454546,0.4309477756286267,0.33607119034893884,0.5258243609083145,0.0044,False
seismic_bumps,rf,isotonic,2.0,10,1.6953578336557062,0.8098646034816248,0.4545454545454546,1.2408123791102514,1.0428922574175714,1.4387325008029315,0.0,False
seismic_bumps,rf,none,0.0,10,0.13636363636363638,0.6388781431334624,0.464990328820116,-0.3286266924564797,-0.34707369502517843,-0.31017968988778094,1.0,True
seismic_bumps,rf,none,0.5,10,0.4558027079303675,0.6388781431334624,0.464990328820116,-0.009187620889748546,-0.0597974195499138,0.04142217777041671,0.4952,True
seismic_bumps,rf,none,1.0,10,0.7752417794970987,0.6388781431334624,0.464990328820116,0.31025145067698257,0.214594722781352,0.40590817857261313,0.0403,False
seismic_bumps,rf,none,2.0,10,1.414119922630561,0.6388781431334624,0.464990328820116,0.9491295938104448,0.7608975043620161,1.1373616832588735,0.0,False
seismic_bumps,rf,sigmoid,0.0,10,0.13133462282398453,0.641779497098646,0.4595744680851063,-0.3282398452611219,-0.3640052581053425,-0.29247443241690124,1.0,True
seismic_bumps,rf,sigmoid,0.5,10,0.45222437137330757,0.641779497098646,0.4595744680851063,-0.00735009671179884,-0.04151351908660004,0.026813325663002357,0.5487,True
seismic_bumps,rf,sigmoid,1.0,10,0.7731141199226306,0.641779497098646,0.4595744680851063,0.31353965183752414,0.2336792577528189,0.3934000459222294,0.0010000000000000002,False
seismic_bumps,rf,sigmoid,2.0,10,1.4148936170212765,0.641779497098646,0.4595744680851063,0.9553191489361701,0.7743040277416505,1.1363342701306898,0.0,False
sick_numeric,ada,isotonic,0.0,10,0.07496688741721855,0.207682119205298,0.10887417218543045,-0.03390728476821193,-0.06474844852525437,-0.003066121011169487,0.6449999999999999,True
sick_numeric,ada,isotonic,0.5,10,0.17880794701986755,0.207682119205298,0.10887417218543045,0.06993377483443708,-0.004847560882247096,0.14471511055112124,0.34750000000000003,False
sick_numeric,ada,isotonic,1.0,10,0.2826490066225166,0.207682119205298,0.10887417218543045,0.1737748344370861,0.0005378286756223261,0.3470118401985499,0.0,False
sick_numeric,ada,isotonic,2.0,10,0.4903311258278146,0.207682119205298,0.10887417218543045,0.3814569536423841,0.009728682233981045,0.7531852250507871,0.0,False
sick_numeric,ada,none,0.0,10,0.07443708609271524,0.09390728476821192,0.09178807947019868,-0.017350993377483446,-0.036164773857239006,0.0014627871022721145,0.7259999999999999,True
sick_numeric,ada,none,0.5,10,0.1213907284768212,0.09390728476821192,0.09178807947019868,0.029602649006622517,0.004869866549006747,0.05433543146423829,0.23770000000000002,False
sick_numeric,ada,none,1.0,10,0.16834437086092718,0.09390728476821192,0.09178807947019868,0.07655629139072848,0.041117809202379244,0.11199477357907771,0.0588,False
sick_numeric,ada,none,2.0,10,0.2622516556291391,0.09390728476821192,0.09178807947019868,0.17046357615894042,0.1096071311268898,0.23132002119099104,0.0009000000000000001,False
sick_numeric,ada,sigmoid,0.0,10,0.08,0.09483443708609271,0.09218543046357616,-0.012185430463576162,-0.030045052932753842,0.0056741920056015156,0.6351,True
sick_numeric,ada,sigmoid,0.5,10,0.12741721854304636,0.09483443708609271,0.09218543046357616,0.035231788079470194,0.008218555461211311,0.06224502069772908,0.176,False
sick_numeric,ada,sigmoid,1.0,10,0.17483443708609273,0.09483443708609271,0.09218543046357616,0.08264900662251655,0.02592162007109964,0.13937639317393347,0.019200000000000002,False
sick_numeric,ada,sigmoid,2.0,10,0.26966887417218544,0.09483443708609271,0.09218543046357616,0.17748344370860927,0.05737033550620449,0.2975965519110141,0.0002,False
sick_numeric,et,isotonic,0.0,10,0.06490066225165562,0.10397350993377483,0.1309933774834437,-0.06609271523178807,-0.10113950017454026,-0.031045930289035885,0.9117,True
sick_numeric,et,isotonic,0.5,10,0.11688741721854304,0.10397350993377483,0.1309933774834437,-0.014105960264900663,-0.04329061096653436,0.015078690436733032,0.6456,True
sick_numeric,et,isotonic,1.0,10,0.16887417218543047,0.10397350993377483,0.1309933774834437,0.037880794701986756,-0.004671168860111319,0.08043275826408483,0.15600000000000003,False
sick_numeric,et,isotonic,2.0,10,0.2728476821192053,0.10397350993377483,0.1309933774834437,0.1418543046357616,0.053906033875044806,0.2298025753964784,0.0829,False
sick_numeric,et,none,0.0,10,0.08834437086092715,0.05231788079470199,0.1291390728476821,-0.040794701986754965,-0.07261482887867268,-0.008974575094837255,0.7167,True
sick_numeric,et,none,0.5,10,0.11450331125827815,0.05231788079470199,0.1291390728476821,-0.014635761589403972,-0.043540294830221205,0.014268771651413258,0.4911,True
sick_numeric,et,none,1.0,10,0.14066225165562915,0.05231788079470199,0.1291390728476821,0.011523178807947019,-0.019044474278936706,0.042090831894830746,0.3634,False
sick_numeric,et,none,2.0,10,0.19298013245033113,0.05231788079470199,0.1291390728476821,0.063841059602649,0.019568341335779525,0.10811377786951848,0.1546,False
sick_numeric,et,sigmoid,0.0,10,0.08437086092715232,0.0666225165562914,0.13642384105960265,-0.05205298013245032,-0.0901772689915317,-0.013928691273368946,0.8115999999999998,True
sick_numeric,et,sigmoid,0.5,10,0.117682119205298,0.0666225165562914,0.13642384105960265,-0.018741721854304633,-0.05300099405010661,0.015517550341497339,0.5338999999999999,True
sick_numeric,et,sigmoid,1.0,10,0.15099337748344369,0.0666225165562914,0.13642384105960265,0.014569536423841059,-0.022351278510862063,0.051490351358544184,0.29500000000000004,False
sick_numeric,et,sigmoid,2.0,10,0.2176158940397351,0.0666225165562914,0.13642384105960265,0.08119205298013245,0.02507002696004642,0.13731407900021847,0.12310000000000001,False
sick_numeric,gb,isotonic,0.0,10,0.06900662251655629,0.10370860927152319,0.08701986754966888,-0.018013245033112583,-0.04007251242944406,0.004046022363218896,0.514,True
sick_numeric,gb,isotonic,0.5,10,0.12086092715231789,0.10370860927152319,0.08701986754966888,0.03384105960264901,-0.038222111283191945,0.10590423048848996,0.3766,False
sick_numeric,gb,isotonic,1.0,10,0.17271523178807946,0.10370860927152319,0.08701986754966888,0.08569536423841059,-0.07483297746417969,0.24622370594100088,0.0785,False
sick_numeric,gb,isotonic,2.0,10,0.27642384105960266,0.10370860927152319,0.08701986754966888,0.1894039735099338,-0.14902049367279632,0.5278284406926639,0.0048000000000000004,False
sick_numeric,gb,none,0.0,10,0.0390728476821192,0.08225165562913908,0.08119205298013246,-0.042119205298013246,-0.05332062424920351,-0.030917786346822983,0.9499000000000001,True
sick_numeric,gb,none,0.5,10,0.08019867549668873,0.08225165562913908,0.08119205298013246,-0.0009933774834437084,-0.014386976210437812,0.012400221243550395,0.49399999999999994,True
sick_numeric,gb,none,1.0,10,0.12132450331125826,0.08225165562913908,0.08119205298013246,0.040132450331125835,0.02044881665110251,0.059816084011149157,0.123,False
sick_numeric,gb,none,2.0,10,0.20357615894039735,0.08225165562913908,0.08119205298013246,0.12238410596026492,0.08680349222499553,0.1579647196955343,0.0164,False
sick_numeric,gb,sigmoid,0.0,10,0.049271523178807945,0.07748344370860928,0.0913907284768212,-0.04211920529801324,-0.05651512865975728,-0.027723281936269197,0.9399000000000001,True
sick_numeric,gb,sigmoid,0.5,10,0.08801324503311259,0.07748344370860928,0.0913907284768212,-0.0033774834437086095,-0.016891028070747126,0.010136061183329909,0.5604,True
sick_numeric,gb,sigmoid,1.0,10,0.12675496688741722,0.07748344370860928,0.0913907284768212,0.03536423841059603,0.011786085953766682,0.05894239086742538,0.172,False
sick_numeric,gb,sigmoid,2.0,10,0.2042384105960265,0.07748344370860928,0.0913907284768212,0.11284768211920529,0.06288393165068204,0.16281143258772854,0.0121,False
sick_numeric,gnb,isotonic,0.0,10,0.02384105960264901,0.7915231788079471,0.584635761589404,-0.5607947019867551,-0.6107230701191021,-0.510866333854408,1.0,True
sick_numeric,gnb,isotonic,0.5,10,0.4196026490066225,0.7915231788079471,0.584635761589404,-0.16503311258278147,-0.2206995052106475,-0.10936671995491545,0.8858,True
sick_numeric,gnb,isotonic,1.0,10,0.8153642384105961,0.7915231788079471,0.584635761589404,0.23072847682119205,0.14264718573587382,0.3188097679065103,0.04479999999999999,False
sick_numeric,gnb,isotonic,2.0,10,1.6068874172185428,0.7915231788079471,0.584635761589404,1.022251655629139,0.8512591682999614,1.1932441429583167,0.0,False
sick_numeric,gnb,none,0.0,10,0.043046357615894044,0.7202649006622517,0.604635761589404,-0.56158940397351,-0.6578930841262868,-0.4652857238207332,1.0,True
sick_numeric,gnb,none,0.5,10,0.4031788079470199,0.7202649006622517,0.604635761589404,-0.20145695364238408,-0.28205529622532877,-0.12085861105943937,0.9000999999999999,True
sick_numeric,gnb,none,1.0,10,0.7633112582781457,0.7202649006622517,0.604635761589404,0.15867549668874173,0.06752674286032083,0.24982425051716262,0.0,False
sick_numeric,gnb,none,2.0,10,1.483576158940397,0.7202649006622517,0.604635761589404,0.8789403973509934,0.718618765115017,1.03926202958697,0.0,False
sick_numeric,gnb,sigmoid,0.0,10,0.025165562913907286,0.7543046357615895,0.6241059602649008,-0.5989403973509935,-0.6116923820075182,-0.5861884126944688,1.0,True
sick_numeric,gnb,sigmoid,0.5,10,0.40231788079470193,0.7543046357615895,0.6241059602649008,-0.22178807947019866,-0.2621154614655403,-0.18146069747485696,0.9788,True
sick_numeric,gnb,sigmoid,1.0,10,0.7794701986754966,0.7543046357615895,0.6241059602649008,0.15536423841059602,0.07495532405231778,0.23577315276887426,0.0627,False
sick_numeric,gnb,sigmoid,2.0,10,1.533774834437086,0.7543046357615895,0.6241059602649008,0.9096688741721854,0.7475855052569367,1.0717522430874342,0.0,False
sick_numeric,hgb,isotonic,0.0,10,0.05086092715231788,0.11271523178807948,0.07735099337748344,-0.026490066225165566,-0.0566482027837807,0.003668070333449569,0.5067,True
sick_numeric,hgb,isotonic,0.5,10,0.10721854304635761,0.11271523178807948,0.07735099337748344,0.02986754966887417,-0.03188946886021409,0.09162456819796244,0.29710000000000003,False
sick_numeric,hgb,isotonic,1.0,10,0.16357615894039737,0.11271523178807948,0.07735099337748344,0.08622516556291392,-0.0625338977059469,0.23498422883177472,0.1524,False
sick_numeric,hgb,isotonic,2.0,10,0.2762913907284768,0.11271523178807948,0.07735099337748344,0.19894039735099336,-0.12508530892710526,0.522966103629092,0.0506,False
sick_numeric,hgb,none,0.0,10,0.03350993377483444,0.07470198675496689,0.061324503311258285,-0.02781456953642384,-0.04674164224593726,-0.00888749682691042,0.8691000000000001,True
sick_numeric,hgb,none,0.5,10,0.07086092715231787,0.07470198675496689,0.061324503311258285,0.009536423841059603,-0.007441933420308498,0.026514781102427703,0.3207,False
sick_numeric,hgb,none,1.0,10,0.10821192052980133,0.07470198675496689,0.061324503311258285,0.046887417218543045,0.025960444929566007,0.06781438950752008,0.1157,False
sick_numeric,hgb,none,2.0,10,0.18291390728476822,0.07470198675496689,0.061324503311258285,0.12158940397350992,0.08422345240261997,0.15895535554439988,0.0424,False
sick_numeric,hgb,sigmoid,0.0,10,0.03139072847682119,0.0700662251655629,0.07403973509933774,-0.04264900662251656,-0.05848642315144008,-0.026811590093593046,0.917,True
sick_numeric,hgb,sigmoid,0.5,10,0.06642384105960264,0.0700662251655629,0.07403973509933774,-0.0076158940397350995,-0.02327266971992214,0.008040881640451941,0.5141,True
sick_numeric,hgb,sigmoid,1.0,10,0.10145695364238412,0.0700662251655629,0.07403973509933774,0.027417218543046358,0.007038272803154229,0.04779616428293849,0.2238,False
sick_numeric,hgb,sigmoid,2.0,10,0.171523178807947,0.0700662251655629,0.07403973509933774,0.09748344370860929,0.0616616226193473,0.13330526479787128,0.06300000000000001,False
sick_numeric,logreg,isotonic,0.0,10,0.08370860927152318,0.5064900662251655,0.20052980132450332,-0.11682119205298011,-0.16173703524343058,-0.07190534886252965,0.9567,True
sick_numeric,logreg,isotonic,0.5,10,0.3369536423841059,0.5064900662251655,0.20052980132450332,0.13642384105960265,0.061583249362596126,0.21126443275660917,0.09240000000000001,False
sick_numeric,logreg,isotonic,1.0,10,0.5901986754966888,0.5064900662251655,0.20052980132450332,0.38966887417218543,0.21475764135835837,0.5645801069860125,0.0,False
sick_numeric,logreg,isotonic,2.0,10,1.0966887417218543,0.5064900662251655,0.20052980132450332,0.8961589403973509,0.5156237622984265,1.2766941184962752,0.0,False
sick_numeric,logreg,none,0.0,10,0.14013245033112584,0.15841059602649005,0.1947019867549669,-0.05456953642384106,-0.08319863352528695,-0.02594043932239517,0.7592,True
sick_numeric,logreg,none,0.5,10,0.21933774834437086,0.15841059602649005,0.1947019867549669,0.024635761589403976,-0.022056565200867705,0.07132808837967566,0.32199999999999995,False
sick_numeric,logreg,none,1.0,10,0.29854304635761586,0.15841059602649005,0.1947019867549669,0.103841059602649,0.02013406501124182,0.18754805419405618,0.22069999999999998,False
sick_numeric,logreg,none,2.0,10,0.45695364238410596,0.15841059602649005,0.1947019867549669,0.2622516556291391,0.09775650611107253,0.42674680514720564,0.14,False
sick_numeric,logreg,sigmoid,0.0,10,0.13933774834437085,0.17668874172185428,0.20066225165562912,-0.06132450331125827,-0.09234928270908903,-0.030299723913427515,0.7914,True
sick_numeric,logreg,sigmoid,0.5,10,0.22768211920529796,0.17668874172185428,0.20066225165562912,0.027019867549668876,-0.017762237360809043,0.0718019724601468,0.3403,False
sick_numeric,logreg,sigmoid,1.0,10,0.3160264900662252,0.17668874172185428,0.20066225165562912,0.11536423841059602,0.022811090079240814,0.20791738674195123,0.2313,False
sick_numeric,logreg,sigmoid,2.0,10,0.4927152317880795,0.17668874172185428,0.20066225165562912,0.29205298013245035,0.09650087187323778,0.48760508839166294,0.13599999999999998,False
sick_numeric,rf,isotonic,0.0,10,0.057350993377483436,0.1694039735099338,0.08569536423841059,-0.028344370860927153,-0.04482771948717769,-0.011861022234676614,0.7087,True
sick_numeric,rf,isotonic,0.5,10,0.14205298013245032,0.1694039735099338,0.08569536423841059,0.05635761589403974,-0.0201590018625541,0.13287423365063358,0.2643,False
sick_numeric,rf,isotonic,1.0,10,0.2267549668874172,0.1694039735099338,0.08569536423841059,0.1410596026490066,-0.019711213784426862,0.30183041908244007,0.08360000000000001,False
sick_numeric,rf,isotonic,2.0,10,0.396158940397351,0.1694039735099338,0.08569536423841059,0.3104635761589404,-0.019779201964322313,0.6407063542822031,0.0417,False
sick_numeric,rf,none,0.0,10,0.051258278145695356,0.06900662251655629,0.08211920529801324,-0.03086092715231788,-0.059836454334485006,-0.0018853999701507508,0.807,True
sick_numeric,rf,none,0.5,10,0.08576158940397352,0.06900662251655629,0.08211920529801324,0.0036423841059602655,-0.018267397643785807,0.02555216585570634,0.3733,False
sick_numeric,rf,none,1.0,10,0.12026490066225166,0.06900662251655629,0.08211920529801324,0.03814569536423841,0.01619668756169475,0.060094703166782074,0.15869999999999998,False
sick_numeric,rf,none,2.0,10,0.18927152317880794,0.06900662251655629,0.08211920529801324,0.10715231788079471,0.06754185339250321,0.14676278236908621,0.0273,False
sick_numeric,rf,sigmoid,0.0,10,0.06344370860927152,0.07615894039735098,0.08887417218543046,-0.02543046357615894,-0.055553321346274075,0.004692394193956194,0.7344,True
sick_numeric,rf,sigmoid,0.5,10,0.101523178807947,0.07615894039735098,0.08887417218543046,0.012649006622516553,-0.01748394832882495,0.04278196157385805,0.3144,False
sick_numeric,rf,sigmoid,1.0,10,0.13960264900662253,0.07615894039735098,0.08887417218543046,0.05072847682119206,0.016381804726337768,0.08507514891604635,0.1426,False
sick_numeric,rf,sigmoid,2.0,10,0.2157615894039735,0.07615894039735098,0.08887417218543046,0.12688741721854307,0.07652509805165202,0.17724973638543412,0.0227,False
uci_default,ada,isotonic,0.0,10,0.19736666666666663,0.6360999999999999,0.7281833333333333,-0.5308166666666667,-0.5703144792449493,-0.49131885408838416,1.0,True
uci_default,ada,isotonic,0.5,10,0.5154166666666666,0.6360999999999999,0.7281833333333333,-0.2127666666666667,-0.23271563117953808,-0.1928177021537953,1.0,True
uci_default,ada,isotonic,1.0,10,0.8334666666666666,0.6360999999999999,0.7281833333333333,0.10528333333333333,0.09550379555991437,0.11506287110675228,0.0,False
uci_default,ada,isotonic,2.0,10,1.4695666666666665,0.6360999999999999,0.7281833333333333,0.7413833333333333,0.695881923809107,0.7868847428575596,0.0,False
uci_default,ada,none,0.0,10,0.2745833333333333,0.5519000000000001,0.7183833333333334,-0.4438,-0.45379417315671583,-0.4338058268432841,1.0,True
uci_default,ada,none,0.5,10,0.5505333333333333,0.5519000000000001,0.7183833333333334,-0.16785,-0.1750049943499732,-0.1606950056500268,1.0,True
uci_default,ada,none,1.0,10,0.8264833333333333,0.5519000000000001,0.7183833333333334,0.1081,0.10217016264458051,0.1140298373554195,0.0,False
uci_default,ada,none,2.0,10,1.3783833333333333,0.5519000000000001,0.7183833333333334,0.6599999999999999,0.649946305930433,0.6700536940695668,0.0,False
uci_default,ada,sigmoid,0.0,10,0.2801166666666667,0.5495833333333333,0.72545,-0.4453333333333334,-0.46110651939444736,-0.4295601472722195,1.0,True
uci_default,ada,sigmoid,0.5,10,0.5549083333333333,0.5495833333333333,0.72545,-0.17054166666666667,-0.1809036116584308,-0.16017972167490255,1.0,True
uci_default,ada,sigmoid,1.0,10,0.8297000000000001,0.5495833333333333,0.72545,0.10425,0.09557855349757352,0.11292144650242647,0.0,False
uci_default,ada,sigmoid,2.0,10,1.3792833333333332,0.5495833333333333,0.72545,0.6538333333333334,0.6354326575271719,0.6722340091394948,0.0,False
uci_default,et,isotonic,0.0,10,0.23169999999999996,0.5930166666666666,0.7206166666666667,-0.4889166666666667,-0.5277202806163436,-0.45011305271698987,1.0,True
uci_default,et,isotonic,0.5,10,0.5282083333333334,0.5930166666666666,0.7206166666666667,-0.19240833333333335,-0.20932015636149334,-0.17549651030517335,1.0,True
uci_default,et,isotonic,1.0,10,0.8247166666666667,0.5930166666666666,0.7206166666666667,0.1041,0.09623128776124731,0.11196871223875268,0.0,False
uci_default,et,isotonic,2.0,10,1.4177333333333333,0.5930166666666666,0.7206166666666667,0.6971166666666667,0.646120754130876,0.7481125792024574,0.0,False
uci_default,et,none,0.0,10,0.2875166666666667,0.5180333333333332,0.71205,-0.4245333333333333,-0.44223538496305226,-0.4068312817036144,1.0,True
uci_default,et,none,0.5,10,0.5465333333333333,0.5180333333333332,0.71205,-0.16551666666666667,-0.17544697513973892,-0.15558635819359443,1.0,True
uci_default,et,none,1.0,10,0.80555,0.5180333333333332,0.71205,0.0935,0.08906406392191131,0.09793593607808869,0.0,False
uci_default,et,none,2.0,10,1.3235833333333331,0.5180333333333332,0.71205,0.6115333333333333,0.5951240415121097,0.6279426251545568,0.0,False
uci_default,et,sigmoid,0.0,10,0.28765,0.5222166666666667,0.7242,-0.43655,-0.4581589471878641,-0.4149410528121359,1.0,True
uci_default,et,sigmoid,0.5,10,0.5487583333333332,0.5222166666666667,0.7242,-0.17544166666666666,-0.18862397093000993,-0.1622593624033234,1.0,True
uci_default,et,sigmoid,1.0,10,0.8098666666666666,0.5222166666666667,0.7242,0.08566666666666667,0.07908307479176216,0.09225025854157118,0.0,False
uci_default,et,sigmoid,2.0,10,1.3320833333333333,0.5222166666666667,0.7242,0.6078833333333333,0.5914298619055558,0.6243368047611109,0.0,False
uci_default,gb,isotonic,0.0,10,0.22396666666666665,0.5867333333333333,0.7111833333333334,-0.4872166666666667,-0.5225862870278443,-0.4518470463054891,1.0,True
uci_default,gb,isotonic,0.5,10,0.5173333333333333,0.5867333333333333,0.7111833333333334,-0.19385,-0.2090627715415472,-0.17863722845845278,1.0,True
uci_default,gb,isotonic,1.0,10,0.8107000000000001,0.5867333333333333,0.7111833333333334,0.09951666666666667,0.09189997645193689,0.10713335688139645,0.0,False
uci_default,gb,isotonic,2.0,10,1.3974333333333333,0.5867333333333333,0.7111833333333334,0.6862499999999999,0.63881913864748,0.7336808613525199,0.0,False
uci_default,gb,none,0.0,10,0.28901666666666664,0.5082,0.7070000000000001,-0.41798333333333326,-0.43153940525246026,-0.40442726141420626,1.0,True
uci_default,gb,none,0.5,10,0.5431166666666666,0.5082,0.7070000000000001,-0.16388333333333333,-0.17342687762150252,-0.15433978904516413,1.0,True
uci_default,gb,none,1.0,10,0.7972166666666667,0.5082,0.7070000000000001,0.09021666666666667,0.08316001974844871,0.09727331358488463,0.0,False
uci_default,gb,none,2.0,10,1.3054166666666667,0.5082,0.7070000000000001,0.5984166666666667,0.5873964601641539,0.6094368731691795,0.0,False
uci_default,gb,sigmoid,0.0,10,0.2877166666666667,0.5115833333333333,0.7094666666666667,-0.42174999999999996,-0.4326789136618037,-0.4108210863381962,1.0,True
uci_default,gb,sigmoid,0.5,10,0.5435083333333334,0.5115833333333333,0.7094666666666667,-0.16595833333333335,-0.17352235978166833,-0.15839430688499836,1.0,True
uci_default,gb,sigmoid,1.0,10,0.7992999999999999,0.5115833333333333,0.7094666666666667,0.08983333333333333,0.08267211914564314,0.09699454752102353,0.0,False
uci_default,gb,sigmoid,2.0,10,1.3108833333333334,0.5115833333333333,0.7094666666666667,0.6014166666666666,0.5869838767615774,0.6158494565717558,0.0,False
uci_default,gnb,isotonic,0.0,10,0.22411666666666666,0.68455,0.78505,-0.5609333333333333,-0.5916830697160235,-0.5301835969506431,1.0,True
uci_default,gnb,isotonic,0.5,10,0.5663916666666667,0.68455,0.78505,-0.21865833333333332,-0.23695549763126972,-0.2003611690353969,1.0,True
uci_default,gnb,isotonic,1.0,10,0.9086666666666667,0.68455,0.78505,0.12361666666666667,0.11245472696842602,0.13477860636490732,0.0,False
uci_default,gnb,isotonic,2.0,10,1.5932166666666667,0.68455,0.78505,0.8081666666666667,0.7780687850300407,0.8382645483032927,0.0,False
uci_default,gnb,none,0.0,10,0.29516666666666663,0.6086666666666668,0.7875833333333333,-0.4924166666666667,-0.5074516357901205,-0.4773816975432129,1.0,True
uci_default,gnb,none,0.5,10,0.5994999999999999,0.6086666666666668,0.7875833333333333,-0.18808333333333332,-0.1989260643910569,-0.17724060227560975,1.0,True
uci_default,gnb,none,1.0,10,0.9038333333333334,0.6086666666666668,0.7875833333333333,0.11624999999999999,0.10535607616406237,0.12714392383593762,0.0,False
uci_default,gnb,none,2.0,10,1.5125,0.6086666666666668,0.7875833333333333,0.7249166666666667,0.7037105870061565,0.7461227463271768,0.0,False
uci_default,gnb,sigmoid,0.0,10,0.29335000000000006,0.6119166666666667,0.7865500000000001,-0.49319999999999997,-0.5043117683272297,-0.48208823167277026,1.0,True
uci_default,gnb,sigmoid,0.5,10,0.5993083333333333,0.6119166666666667,0.7865500000000001,-0.18724166666666667,-0.19872031814949326,-0.17576301518384008,1.0,True
uci_default,gnb,sigmoid,1.0,10,0.9052666666666666,0.6119166666666667,0.7865500000000001,0.11871666666666666,0.10387051021016709,0.13356282312316625,0.0,False
uci_default,gnb,sigmoid,2.0,10,1.5171833333333333,0.6119166666666667,0.7865500000000001,0.7306333333333332,0.7053590611114535,0.755907605555213,0.0,False
uci_default,hgb,isotonic,0.0,10,0.213,0.6039166666666668,0.7143166666666667,-0.5013166666666666,-0.5317821140440028,-0.47085121928933055,1.0,True
uci_default,hgb,isotonic,0.5,10,0.5149583333333333,0.6039166666666668,0.7143166666666667,-0.19935833333333333,-0.21345740630916327,-0.1852592603575034,1.0,True
uci_default,hgb,isotonic,1.0,10,0.8169166666666665,0.6039166666666668,0.7143166666666667,0.1026,0.09365914135644955,0.11154085864355044,0.0,False
uci_default,hgb,isotonic,2.0,10,1.4208333333333332,0.6039166666666668,0.7143166666666667,0.7065166666666667,0.6656046476357611,0.7474286856975723,0.0,False
uci_default,hgb,none,0.0,10,0.2890833333333333,0.5113666666666667,0.7066333333333333,-0.41755,-0.43224887477174884,-0.4028511252282511,1.0,True
uci_default,hgb,none,0.5,10,0.5447666666666666,0.5113666666666667,0.7066333333333333,-0.16186666666666666,-0.17043398742567029,-0.15329934590766303,1.0,True
uci_default,hgb,none,1.0,10,0.80045,0.5113666666666667,0.7066333333333333,0.09381666666666667,0.08921169646395079,0.09842163686938256,0.0,False
uci_default,hgb,none,2.0,10,1.3118166666666666,0.5113666666666667,0.7066333333333333,0.6051833333333334,0.5914642450920238,0.618902421574643,0.0,False
uci_default,hgb,sigmoid,0.0,10,0.28476666666666667,0.5230833333333333,0.7162333333333335,-0.43146666666666667,-0.44799367572591403,-0.4149396576074193,1.0,True
uci_default,hgb,sigmoid,0.5,10,0.5463083333333334,0.5230833333333333,0.7162333333333335,-0.16992500000000002,-0.1814585502275688,-0.15839144977243125,1.0,True
uci_default,hgb,sigmoid,1.0,10,0.80785,0.5230833333333333,0.7162333333333335,0.09161666666666667,0.0819720304140937,0.10126130291923963,0.0,False
uci_default,hgb,sigmoid,2.0,10,1.3309333333333335,0.5230833333333333,0.7162333333333335,0.6147,0.5969980823302902,0.6324019176697099,0.0,False
uci_default,logreg,isotonic,0.0,10,0.19231666666666666,0.7190166666666667,0.7776333333333333,-0.5853166666666667,-0.6329704915252687,-0.5376628418080647,1.0,True
uci_default,logreg,isotonic,0.5,10,0.5518250000000001,0.7190166666666667,0.7776333333333333,-0.22580833333333333,-0.2544270600869819,-0.19718960657968476,1.0,True
uci_default,logreg,isotonic,1.0,10,0.9113333333333333,0.7190166666666667,0.7776333333333333,0.13369999999999999,0.12320322406699778,0.1441967759330022,0.0,False
uci_default,logreg,isotonic,2.0,10,1.6303500000000004,0.7190166666666667,0.7776333333333333,0.8527166666666666,0.8223604031797206,0.8830729301536125,0.0,False
uci_default,logreg,none,0.0,10,0.27253333333333335,0.6458999999999999,0.77485,-0.5023166666666666,-0.5199762457187362,-0.484657087614597,1.0,True
uci_default,logreg,none,0.5,10,0.5954833333333334,0.6458999999999999,0.77485,-0.17936666666666667,-0.1917430325765694,-0.16699030075676394,1.0,True
uci_default,logreg,none,1.0,10,0.9184333333333333,0.6458999999999999,0.77485,0.14358333333333334,0.13377350801177404,0.15339315865489264,0.0,False
uci_default,logreg,none,2.0,10,1.5643333333333334,0.6458999999999999,0.77485,0.7894833333333333,0.7725250678312394,0.8064415988354272,0.0,False
uci_default,logreg,sigmoid,0.0,10,0.27349999999999997,0.6446333333333333,0.7769666666666667,-0.5034666666666667,-0.5197012514172753,-0.48723208191605816,1.0,True
uci_default,logreg,sigmoid,0.5,10,0.5958166666666667,0.6446333333333333,0.7769666666666667,-0.18114999999999998,-0.19325474733725428,-0.16904525266274567,1.0,True
uci_default,logreg,sigmoid,1.0,10,0.9181333333333332,0.6446333333333333,0.7769666666666667,0.14116666666666666,0.13051000978927452,0.1518233235440588,0.0,False
uci_default,logreg,sigmoid,2.0,10,1.5627666666666666,0.6446333333333333,0.7769666666666667,0.7858,0.7684831880503724,0.8031168119496277,0.0,False
uci_default,rf,isotonic,0.0,10,0.24108333333333337,0.5836,0.7207833333333334,-0.47969999999999996,-0.5073985082416872,-0.4520014917583127,1.0,True
uci_default,rf,isotonic,0.5,10,0.5328833333333333,0.5836,0.7207833333333334,-0.1879,-0.20055249062291544,-0.17524750937708458,1.0,True
uci_default,rf,isotonic,1.0,10,0.8246833333333333,0.5836,0.7207833333333334,0.10389999999999999,0.09905739390639938,0.1087426060936006,0.0,False
uci_default,rf,isotonic,2.0,10,1.4082833333333333,0.5836,0.7207833333333334,0.6874999999999999,0.6534171167973216,0.7215828832026782,0.0,False
uci_default,rf,none,0.0,10,0.2869666666666667,0.5278166666666666,0.7149833333333333,-0.4280166666666667,-0.4388189109442277,-0.4172144223891057,1.0,True
uci_default,rf,none,0.5,10,0.550875,0.5278166666666666,0.7149833333333333,-0.16410833333333333,-0.1701333460539797,-0.15808332061268696,1.0,True
uci_default,rf,none,1.0,10,0.8147833333333334,0.5278166666666666,0.7149833333333333,0.0998,0.09465362034958819,0.10494637965041181,0.0,False
uci_default,rf,none,2.0,10,1.3426,0.5278166666666666,0.7149833333333333,0.6276166666666666,0.6128325346643565,0.6424007986689767,0.0,False
uci_default,rf,sigmoid,0.0,10,0.2876833333333334,0.5306500000000001,0.7177666666666667,-0.4300833333333333,-0.44615993979454405,-0.4140067268721226,1.0,True
uci_default,rf,sigmoid,0.5,10,0.5530083333333333,0.5306500000000001,0.7177666666666667,-0.16475833333333334,-0.1748755834653884,-0.15464108320127828,1.0,True
uci_default,rf,sigmoid,1.0,10,0.8183333333333334,0.5306500000000001,0.7177666666666667,0.10056666666666667,0.09458447323764566,0.10654886009568768,0.0,False
uci_default,rf,sigmoid,2.0,10,1.3489833333333334,0.5306500000000001,0.7177666666666667,0.6312166666666666,0.618131497451761,0.6443018358815723,0.0,False
wilt,ada,isotonic,0.0,10,0.06601239669421488,0.14111570247933886,0.09493801652892561,-0.02892561983471074,-0.048041785613815356,-0.009809454055606126,0.7502,True
wilt,ada,isotonic,0.5,10,0.1365702479338843,0.14111570247933886,0.09493801652892561,0.041632231404958676,-0.03945621464293702,0.12272067745285437,0.42619999999999997,False
wilt,ada,isotonic,1.0,10,0.2071280991735537,0.14111570247933886,0.09493801652892561,0.11219008264462808,-0.05179573812810119,0.27617590341735737,0.1125,False
wilt,ada,isotonic,2.0,10,0.3482438016528926,0.14111570247933886,0.09493801652892561,0.25330578512396695,-0.07811794850055304,0.5847295187484869,0.0182,False
wilt,ada,none,0.0,10,0.07066115702479339,0.044524793388429754,0.09287190082644628,-0.02221074380165289,-0.037004673759268254,-0.007416813844037527,0.7642,True
wilt,ada,none,0.5,10,0.09292355371900826,0.044524793388429754,0.09287190082644628,5.1652892561983124e-05,-0.009720233458676595,0.009823539243800562,0.42829999999999996,False
wilt,ada,none,1.0,10,0.11518595041322315,0.044524793388429754,0.09287190082644628,0.02231404958677686,0.011132984781222455,0.033495114392331264,0.1526,False
wilt,ada,none,2.0,10,0.1597107438016529,0.044524793388429754,0.09287190082644628,0.06683884297520662,0.041486126178059426,0.09219155977235381,0.07780000000000001,False
wilt,ada,sigmoid,0.0,10,0.06683884297520662,0.04824380165289256,0.09504132231404958,-0.028202479338842974,-0.05233454725437406,-0.0040704114233118885,0.7732,True
wilt,ada,sigmoid,0.5,10,0.0909607438016529,0.04824380165289256,0.09504132231404958,-0.004080578512396694,-0.018318626223175854,0.010157469198382466,0.5170000000000001,True
wilt,ada,sigmoid,1.0,10,0.11508264462809917,0.04824380165289256,0.09504132231404958,0.020041322314049585,0.010130170673132223,0.029952473954966946,0.1645,False
wilt,ada,sigmoid,2.0,10,0.16332644628099172,0.04824380165289256,0.09504132231404958,0.06828512396694217,0.04155163100736844,0.09501861692651589,0.027500000000000004,False
wilt,et,isotonic,0.0,10,0.031508264462809916,0.6238636363636363,0.06363636363636363,-0.03212809917355371,-0.04736256712384887,-0.016893631223258557,0.8201,True
wilt,et,isotonic,0.5,10,0.3434400826446281,0.6238636363636363,0.06363636363636363,0.27980371900826445,0.15518475894687445,0.40442267906965446,0.09730000000000001,False
wilt,et,isotonic,1.0,10,0.6553719008264463,0.6238636363636363,0.06363636363636363,0.5917355371900828,0.34036418152882375,0.8431068928513418,0.0618,False
wilt,et,isotonic,2.0,10,1.2792355371900825,0.6238636363636363,0.06363636363636363,1.2155991735537188,0.7100474590191895,1.721150888088248,0.0095,False
wilt,et,none,0.0,10,0.0537190082644628,0.05526859504132231,0.06291322314049588,-0.009194214876033061,-0.033364760433804694,0.014976330681738568,0.7234999999999999,True
wilt,et,none,0.5,10,0.08135330578512397,0.05526859504132231,0.06291322314049588,0.018440082644628104,-0.0026416858639054346,0.03952185115316165,0.24089999999999998,False
wilt,et,none,1.0,10,0.10898760330578514,0.05526859504132231,0.06291322314049588,0.04607438016528926,0.02586427776664613,0.06628448256393239,0.0955,False
wilt,et,none,2.0,10,0.16425619834710742,0.05526859504132231,0.06291322314049588,0.10134297520661155,0.07589091155975544,0.12679503885346766,0.0303,False
wilt,et,sigmoid,0.0,10,0.06797520661157026,0.049173553719008264,0.07458677685950413,-0.006611570247933884,-0.03464226531291223,0.021419124817044458,0.6799999999999999,True
wilt,et,sigmoid,0.5,10,0.09256198347107439,0.049173553719008264,0.07458677685950413,0.01797520661157025,-0.0057339049096949805,0.04168431813283548,0.3308,False
wilt,et,sigmoid,1.0,10,0.1171487603305785,0.049173553719008264,0.07458677685950413,0.042561983471074386,0.02063388758708146,0.06449007935506731,0.1069,False
wilt,et,sigmoid,2.0,10,0.16632231404958678,0.049173553719008264,0.07458677685950413,0.09173553719008265,0.0644365962025536,0.1190344781776117,0.033600000000000005,False
wilt,gb,isotonic,0.0,10,0.036570247933884296,0.27055785123966947,0.07737603305785123,-0.04080578512396694,-0.06781020049411643,-0.013801369753817454,0.7849999999999999,True
wilt,gb,isotonic,0.5,10,0.17184917355371904,0.27055785123966947,0.07737603305785123,0.09447314049586777,-0.013197250972494745,0.2021435319642303,0.31910000000000005,False
wilt,gb,isotonic,1.0,10,0.3071280991735537,0.27055785123966947,0.07737603305785123,0.22975206611570248,0.010538383478130908,0.44896574875327405,0.04,False
wilt,gb,isotonic,2.0,10,0.5776859504132232,0.27055785123966947,0.07737603305785123,0.5003099173553719,0.0555940061378814,0.9450258285728623,0.0007,False
wilt,gb,none,0.0,10,0.05578512396694215,0.0550619834710744,0.07923553719008265,-0.023450413223140495,-0.043653414331516274,-0.00324741211476472,0.776,True
wilt,gb,none,0.5,10,0.08331611570247935,0.0550619834710744,0.07923553719008265,0.004080578512396695,-0.01075751029127587,0.018918667316069258,0.3699,False
wilt,gb,none,1.0,10,0.11084710743801654,0.0550619834710744,0.07923553719008265,0.03161157024793389,0.018409116847832044,0.04481402364803573,0.13069999999999998,False
wilt,gb,none,2.0,10,0.16590909090909092,0.0550619834710744,0.07923553719008265,0.08667355371900826,0.06411338126220115,0.10923372617581537,0.0131,False
wilt,gb,sigmoid,0.0,10,0.05547520661157025,0.06291322314049587,0.07634297520661157,-0.02086776859504132,-0.04430022657797944,0.0025646893878968034,0.7065,True
wilt,gb,sigmoid,0.5,10,0.08693181818181818,0.06291322314049587,0.07634297520661157,0.010588842975206611,-0.005892644923736447,0.02707033087414967,0.33699999999999997,False
wilt,gb,sigmoid,1.0,10,0.11838842975206612,0.06291322314049587,0.07634297520661157,0.042045454545454546,0.028419031296509575,0.05567187779439951,0.0948,False
wilt,gb,sigmoid,2.0,10,0.181301652892562,0.06291322314049587,0.07634297520661157,0.10495867768595042,0.0807058185180346,0.12921153685386624,0.008799999999999999,False
wilt,gnb,isotonic,0.0,10,0.07892561983471075,0.662706611570248,0.3283057851239669,-0.24938016528925622,-0.26703242093787444,-0.23172790964063802,1.0,True
wilt,gnb,isotonic,0.5,10,0.41027892561983476,0.662706611570248,0.3283057851239669,0.08197314049586776,0.03256581915470423,0.13138046183703128,0.174,False
wilt,gnb,isotonic,1.0,10,0.7416322314049587,0.662706611570248,0.3283057851239669,0.4133264462809917,0.3074541022856659,0.5191987902763175,0.0,False
wilt,gnb,isotonic,2.0,10,1.4043388429752066,0.662706611570248,0.3283057851239669,1.0760330578512396,0.8554432609204473,1.296622854782032,0.0,False
wilt,gnb,none,0.0,10,0.12262396694214876,0.46012396694214874,0.3362603305785124,-0.21363636363636362,-0.23396243874958847,-0.19331028852313878,1.0,True
wilt,gnb,none,0.5,10,0.35268595041322315,0.46012396694214874,0.3362603305785124,0.016425619834710744,-0.02763963034933053,0.060490870018752016,0.3972,False
wilt,gnb,none,1.0,10,0.5827479338842976,0.46012396694214874,0.3362603305785124,0.2464876033057851,0.162310296739692,0.3306649098718782,0.0496,False
wilt,gnb,none,2.0,10,1.0428719008264462,0.46012396694214874,0.3362603305785124,0.706611570247934,0.5386223103454024,0.8746008301504655,0.0,False
wilt,gnb,sigmoid,0.0,10,0.12510330578512396,0.46280991735537186,0.3330578512396694,-0.20795454545454545,-0.22573753986562706,-0.19017155104346384,1.0,True
wilt,gnb,sigmoid,0.5,10,0.3565082644628099,0.46280991735537186,0.3330578512396694,0.023450413223140495,-0.016946681654257112,0.0638475081005381,0.34890000000000004,False
wilt,gnb,sigmoid,1.0,10,0.587913223140496,0.46280991735537186,0.3330578512396694,0.25485537190082647,0.1774957503909354,0.33221499341071753,0.033,False
wilt,gnb,sigmoid,2.0,10,1.0507231404958677,0.46280991735537186,0.3330578512396694,0.7176652892561983,0.5633916080421701,0.8719389704702265,0.0,False
wilt,hgb,isotonic,0.0,10,0.062499999999999986,0.2987603305785124,0.07097107438016528,-0.008471074380165288,-0.029715436304770595,0.01277328754444002,0.5690999999999999,True
wilt,hgb,isotonic,0.5,10,0.21188016528925618,0.2987603305785124,0.07097107438016528,0.14090909090909093,0.007595601454190665,0.27422258036399116,0.23149999999999998,False
wilt,hgb,isotonic,1.0,10,0.3612603305785124,0.2987603305785124,0.07097107438016528,0.2902892561983471,0.025958271850309134,0.5546202405463851,0.0551,False
wilt,hgb,isotonic,2.0,10,0.6600206611570247,0.2987603305785124,0.07097107438016528,0.5890495867768595,0.06141401870545604,1.116685154848263,0.045,False
wilt,hgb,none,0.0,10,0.052582644628099175,0.06219008264462811,0.05640495867768595,-0.003822314049586777,-0.02633721129093687,0.01869258319176332,0.6491,True
wilt,hgb,none,0.5,10,0.08367768595041324,0.06219008264462811,0.05640495867768595,0.027272727272727275,0.012216467472280073,0.04232898707317448,0.12940000000000002,False
wilt,hgb,none,1.0,10,0.11477272727272728,0.06219008264462811,0.05640495867768595,0.05836776859504132,0.04743784294360357,0.06929769424647908,0.006999999999999999,False
wilt,hgb,none,2.0,10,0.17696280991735538,0.06219008264462811,0.05640495867768595,0.12055785123966944,0.0999662566337895,0.1411494458455494,0.0002,False
wilt,hgb,sigmoid,0.0,10,0.06280991735537189,0.05919421487603306,0.08047520661157026,-0.017665289256198348,-0.037562483318425044,0.002231904806028348,0.7331,True
wilt,hgb,sigmoid,0.5,10,0.09240702479338844,0.05919421487603306,0.08047520661157026,0.01193181818181818,-0.004161043846490705,0.028024680210127065,0.3074,False
wilt,hgb,sigmoid,1.0,10,0.12200413223140497,0.05919421487603306,0.08047520661157026,0.04152892561983471,0.024810784812841914,0.05824706642682751,0.1131,False
wilt,hgb,sigmoid,2.0,10,0.18119834710743804,0.05919421487603306,0.08047520661157026,0.10072314049586777,0.07256589061583037,0.12888039037590518,0.0289,False
wilt,logreg,isotonic,0.0,10,0.0784090909090909,0.22066115702479344,0.11177685950413223,-0.03336776859504132,-0.04899661466753774,-0.017738922522544904,0.8631,True
wilt,logreg,isotonic,0.5,10,0.1887396694214876,0.22066115702479344,0.11177685950413223,0.07696280991735537,-0.02107369557005999,0.1749993154047707,0.3676,False
wilt,logreg,isotonic,1.0,10,0.2990702479338843,0.22066115702479344,0.11177685950413223,0.18729338842975207,-0.02095038550820233,0.3955371623677065,0.2299,False
wilt,logreg,isotonic,2.0,10,0.5197314049586776,0.22066115702479344,0.11177685950413223,0.4079545454545455,-0.021040032048168844,0.8369491229572599,0.17450000000000002,False
wilt,logreg,none,0.0,10,0.08326446280991737,0.053822314049586775,0.0978305785123967,-0.014566115702479338,-0.03591240657056934,0.006780175165610669,0.6367999999999999,True
wilt,logreg,none,0.5,10,0.11017561983471073,0.053822314049586775,0.0978305785123967,0.01234504132231405,-0.003561332830058243,0.02825141547468634,0.28650000000000003,False
wilt,logreg,none,1.0,10,0.13708677685950416,0.053822314049586775,0.0978305785123967,0.03925619834710743,0.026785487265385835,0.05172690942882903,0.0853,False
wilt,logreg,none,2.0,10,0.1909090909090909,0.053822314049586775,0.0978305785123967,0.09307851239669422,0.07646519540772743,0.10969182938566101,0.008299999999999998,False
wilt,logreg,sigmoid,0.0,10,0.0837809917355372,0.05392561983471074,0.11487603305785124,-0.031095041322314044,-0.05220096978716686,-0.009989112857461228,0.8129000000000002,True
wilt,logreg,sigmoid,0.5,10,0.11074380165289258,0.05392561983471074,0.11487603305785124,-0.004132231404958677,-0.021006184559504672,0.012741721749587317,0.47620000000000007,True
wilt,logreg,sigmoid,1.0,10,0.13770661157024794,0.05392561983471074,0.11487603305785124,0.02283057851239669,0.008671655852860243,0.03698950117193314,0.2052,False
wilt,logreg,sigmoid,2.0,10,0.1916322314049587,0.05392561983471074,0.11487603305785124,0.07675619834710744,0.060588674298312564,0.09292372239590231,0.0198,False
wilt,rf,isotonic,0.0,10,0.0527892561983471,0.3165289256198347,0.07768595041322313,-0.024896694214876034,-0.05261073397239353,0.0028173455426414584,0.8205,True
wilt,rf,isotonic,0.5,10,0.21105371900826447,0.3165289256198347,0.07768595041322313,0.13336776859504132,0.01413274584457301,0.2526027913455096,0.3761,False
wilt,rf,isotonic,1.0,10,0.3693181818181818,0.3165289256198347,0.07768595041322313,0.2916322314049587,0.04269130663778464,0.5405731561721328,0.0484,False
wilt,rf,isotonic,2.0,10,0.6858471074380166,0.3165289256198347,0.07768595041322313,0.6081611570247933,0.09786929647808518,1.1184530175715015,0.0004,False
wilt,rf,none,0.0,10,0.04576446280991735,0.06425619834710743,0.06270661157024793,-0.016942148760330577,-0.026511901067366818,-0.007372396453294334,0.8246,True
wilt,rf,none,0.5,10,0.07789256198347108,0.06425619834710743,0.06270661157024793,0.01518595041322314,0.007006743003104733,0.023365157823341545,0.1689,False
wilt,rf,none,1.0,10,0.11002066115702477,0.06425619834710743,0.06270661157024793,0.04731404958677686,0.037708188464372426,0.056919910709181294,0.0165,False
wilt,rf,none,2.0,10,0.17427685950413224,0.06425619834710743,0.06270661157024793,0.1115702479338843,0.09444773602091674,0.12869275984685186,0.0,False
wilt,rf,sigmoid,0.0,10,0.04400826446280991,0.07272727272727272,0.06931818181818182,-0.025309917355371903,-0.03383250980776577,-0.01678732490297804,0.9705,True
wilt,rf,sigmoid,0.5,10,0.08037190082644628,0.07272727272727272,0.06931818181818182,0.011053719008264462,-0.00091960488343093,0.023027042899959854,0.27280000000000004,False
wilt,rf,sigmoid,1.0,10,0.11673553719008264,0.07272727272727272,0.06931818181818182,0.04741735537190083,0.030016562725798727,0.06481814801800294,0.06860000000000001,False
wilt,rf,sigmoid,2.0,10,0.18946280991735537,0.07272727272727272,0.06931818181818182,0.12014462809917355,0.09034957189044826,0.14993968430789884,0.0023,False
